time,x,y,vx,vy,theta,theta_dot,gamma,alpha,mass,mass_propellant
0.09935979255212624,0.00017918489384510629,0.0330908845367433,0.0018033944037383343,0.3330409986452329,1.5707950859566615,-1.248833359282217e-05,1.5653814475898917,0.00541363836676978,6939705.08408098,4162885.7901623356
0.19871958510425247,0.0005191297742290999,0.09946246138059489,0.0034213525577325597,0.6679923049258749,1.5707926572252648,-2.44438050265732e-05,1.5656745273142774,0.005118129910987479,6937056.986051186,4160237.6921325414
0.2980793776563787,0.0009752258967850295,0.199171588324715,0.004590348981623044,1.0035158526705918,1.5707893934570671,-3.284797717346343e-05,1.5662220921639378,0.004567301293129322,6934408.743794388,4157589.4498757436
0.39743917020850494,0.0014977616386658039,0.3320702963435327,0.005259026095557125,1.3375501760341966,1.5707854461048247,-3.9727863161974555e-05,1.566864512430315,0.00392093367450963,6931764.524365327,4154945.230446683
0.4967989627606312,0.0020669985897009847,0.49786765261494415,0.005729047297844823,1.6686564254291358,1.570781202550866,-4.270896556475522e-05,1.5673630108049563,0.0034181917459097377,6929127.230436356,4152307.9365177113
0.5961587553127574,0.0026129043702790575,0.6963861944449634,0.00549423229010547,1.9979766133858656,1.570776212798222,-5.021903242564356e-05,1.5680464355277315,0.0027297772704906187,6926494.549199122,4149675.2552804775
0.6955185478648837,0.0030808887613088844,0.9274747939243881,0.004709997666151652,2.3257757845880245,1.5707703471134957,-5.9034792402096526e-05,1.5687711998421716,0.0019991472713241087,6923865.94139006,4147046.647471416
0.7948783404170099,0.0034206573664896955,1.1909837973005364,0.003419578447716276,2.6520687755855152,1.5707635866307006,-6.804042783895509e-05,1.5695069271442839,0.0012566594864167335,6921241.372979644,4144422.079060999
0.8942381329691361,0.003586204822639251,1.4867651073607326,0.001666141322333234,2.9768712520713354,1.5707560228829636,-7.612483422814436e-05,1.5702366313941647,0.0005193914887988704,6918620.8090072675,4141801.515088623
0.9935979255212624,0.0035357942898866118,1.8146722773764425,-0.000507353442049438,3.3001998252329563,1.5707478573661524,-8.218129890810654e-05,1.5709500609518932,-0.0002022035857407456,6916004.212191409,4139184.918272765
1.0929577180733885,0.0032442726415946943,2.174681460308873,-0.0029340001705315463,3.6232883914644036,1.5707393197833137,-8.592593260707012e-05,1.571606088318753,-0.0008667685354393218,6913389.092740634,4136569.7988219904
1.1923175106255148,0.0027255900423125683,2.5670327730150437,-0.0052202463990654365,3.948793597775833,1.5707305632160498,-8.812988673770515e-05,1.5721183111500585,-0.001387747934008754,6910770.099046798,4133950.8051281543
1.2916773031776412,0.00200478087273406,2.9919999572056577,-0.007254535774119663,4.277053859262711,1.570721812106778,-8.807495513974136e-05,1.5724924777099667,-0.0017706656031886148,6908146.555659163,4131327.2617405183
1.3910370957297675,0.0011136172970009199,3.449887858553749,-0.00896905632392114,4.608382219677781,1.570713403553953,-8.46273186490367e-05,1.572742572694612,-0.002029169140659093,6905517.838796454,4128698.544877809
1.4903968882818939,9.059286459414521e-05,3.9410323487611767,-0.010296161114367007,4.943090938417197,1.570705787295591,-7.665332390763396e-05,1.572879263635881,-0.0021734763402900814,6902883.327237708,4126064.0333190626
1.5897566808340202,-0.0010191053340817219,4.465800213404573,-0.011168483449617671,5.281491146110151,1.5706995257523038,-6.301888446279361e-05,1.572910969514769,-0.0022114437624651817,6900242.403018411,4123423.1090997667
1.6891164733861466,-0.002194506127862133,5.024463914119841,-0.011829742832481975,5.622633525751188,1.570694747649572,-4.808889601014574e-05,1.5729002742286282,-0.0022055265790561496,6897596.983123523,4120777.6892048786
1.788476265938273,-0.0034384662171167615,5.617203723088129,-0.012519753285535704,5.965590242726444,1.5706911565185673,-3.614269829333095e-05,1.5728949849989644,-0.0022038284803971298,6894948.938892521,4118129.644973876
1.8878360584903993,-0.004754080696747985,6.244202895335031,-0.013240914114640734,6.310391317674752,1.570688448718045,-2.7252477614816087e-05,1.5728945951931639,-0.002206146475118853,6892298.214112539,4115478.9201938943
1.9871958510425256,-0.006144645802098603,6.905647650506311,-0.013995249684333811,6.657066587817931,1.5706863133822144,-2.1490944936437097e-05,1.5728986385085277,-0.002212325126313308,6889644.753502201,4112825.4595835567
2.086555643594652,-0.00761361859791556,7.601727177536268,-0.014784378651417806,7.005645937362227,1.570684432388774,-1.893113292567542e-05,1.572906675624374,-0.00222224323559983,6886988.501553494,4110169.2076348495
2.1859154361467783,-0.009164575715383124,8.332633627871472,-0.015609504384320246,7.356159182314659,1.5706824803069723,-1.9646596995498458e-05,1.5729182875313426,-0.002235807224370223,6884329.402995176,4107510.109076532
2.2852752286989046,-0.010801171247268801,9.098562108691421,-0.016471406489975155,7.7086360704520205,1.570680124348328,-2.371138852031628e-05,1.572933070736592,-0.002252946388264121,6881667.402792896,4104848.1088742525
2.384635021251031,-0.012527094158042908,9.89971067612624,-0.01737043593230784,8.063106281290983,1.5706770243197807,-3.12000303910684e-05,1.5729506341367592,-0.002273609816978439,6879002.445917662,4102183.1519990186
2.4839948138031573,-0.014346022758028975,10.736280351438259,-0.018306485483369134,8.419599657206774,1.5706728325770003,-4.218751542114721e-05,1.5729705936699383,-0.002297761092938,6876334.4775776025,4099515.1836589584
2.5833546063552837,-0.016261578894002808,11.608475079808429,-0.019278986869551817,8.778145625783166,1.5706671939702577,-5.6749381190403e-05,1.5729925715023867,-0.002325377532129025,6873663.443681362,4096844.149762718
2.68271439890741,-0.01827728113735556,12.516501735018045,-0.020286900682640552,9.138773661722835,1.5706597457954654,-7.496165803964158e-05,1.5730161943734378,-0.0023564485779723476,6870989.290143291,4094169.996224647
2.7820741914595364,-0.020396496928386326,13.460570135644705,-0.0213287058738471,9.501513402731609,1.5706501177327825,-9.690099421098333e-05,1.5730410923543268,-0.0023909746215442507,6868311.962420287,4091492.668501643
2.8814339840116627,-0.02262239142296115,14.440893026807938,-0.022402366564997354,9.866394302795417,1.5706379317876011,-0.00012264463188227278,1.5730668956956648,-0.002428963908063686,6865631.407133385,4088812.1132147415
2.980793776563789,-0.024957878022704803,15.457686050373177,-0.02350534899233417,10.23344551602004,1.5706228022346873,-0.00015227037542204293,1.5730932372166149,-0.0024704349819275606,6862947.570909674,4086128.2769910307
3.0801535691159154,-0.027405565040059785,16.511167749645942,-0.024634582606146982,10.602696243755597,1.5706043355647068,-0.0001858565673921067,1.5731197488482664,-0.002515413283559642,6860260.400382418,4083441.1064637746
3.1795133616680418,-0.02996770207681636,17.601559551061147,-0.02578645718701985,10.974175503065426,1.5705821303929999,-0.00022348246847688706,1.573146062291829,-0.002563931898829086,6857569.8431177065,4080750.549199063
3.278873154220168,-0.03264612549666708,18.72908578038967,-0.02695681372770137,11.34791247412278,1.5705557774161565,-0.00026522777641267356,1.5731718089008917,-0.002616031484735215,6854875.846224767,4078056.5523061235
3.3782329467722945,-0.03544220034563099,19.893973644427597,-0.028140908682926513,11.723936152813545,1.5705248593220116,-0.0003111730947780294,1.573196617471379,-0.002671758149367376,6852178.357282617,4075359.0633639735
3.477592739324421,-0.038349726740427366,21.09647015603928,-0.029262605326707235,12.102445875989838,1.5704890960967548,-0.0003599365934455773,1.5732142304650265,-0.002725134368271709,6849476.983614996,4072657.689696353
3.576952531876547,-0.041347056384954825,22.33686086846949,-0.030166424139372074,12.483829530737742,1.5704485065148595,-0.0004085111376830121,1.573212762020126,-0.0027642555052664886,6846770.957787869,4069951.663869225
3.6763123244286735,-0.04441149928313781,23.61543525048483,-0.03084188100106305,12.868126524565486,1.5704031097618183,-0.00045689259080781633,1.5731930876509144,-0.0027899778890960736,6844060.207960384,4067240.9140417404
3.7756721169808,-0.04751931577129524,24.932486646878747,-0.03127841160222841,13.25537586748649,1.5703529254502184,-0.0005050766543571222,1.573155999871056,-0.0028030744208376035,6841344.663458799,4064525.3695401554
3.875031909532926,-0.05064570849318557,26.28831227355346,-0.03146537086669298,13.645616520016555,1.5702979736164009,-0.0005530590634908381,1.5731022185845387,-0.0028042449681378034,6838624.253850132,4061804.959931489
3.9743917020850525,-0.053764814548671526,27.683213177972135,-0.03139203469904191,14.038887044645165,1.5702382747431707,-0.0006008353248006354,1.5730324002299831,-0.00279412548681246,6835898.909637193,4059079.6157185505
4.073751494637179,-0.05682369123348666,29.117490953010044,-0.030785860218160068,14.435192930635985,1.5701740152905652,-0.0006467349715111657,1.5729290183142193,-0.002755003023654057,6833168.626648483,4056349.3327298397
4.173111287189305,-0.059795422112994406,30.591342178291608,-0.029908787077516406,14.83347727913532,1.5701056799631767,-0.0006877563412047402,1.5728126272201859,-0.0027069472570091513,6830435.516994852,4053616.223076208
4.272471079741431,-0.06265725736067213,32.104925975282285,-0.02880274982635802,15.233363095002607,1.5700336262708907,-0.0007251795765206803,1.5726870921710978,-0.002653465900207097,6827700.335713388,4050881.041794745
4.371830872293557,-0.06538973409146964,33.65837157028056,-0.027500829667735142,15.634549500325328,1.5699581095737543,-0.0007600327576854958,1.5725553030483959,-0.0025971934746416014,6824963.685424907,4048144.391506264
4.4711906648456825,-0.06797308932146212,35.25180664433069,-0.02600000627655487,16.0370209429955,1.5698793799416462,-0.0007923691272486293,1.5724175745059967,-0.00253819456435056,6822225.60082993,4045406.306911287
4.570550457397808,-0.07038729443935968,36.885357284459914,-0.02429760626393228,16.440761380134997,1.5697976821643835,-0.0008222418260359927,1.572274213859386,-0.002476531695002393,6819486.116399163,4042666.82248052
4.669910249949934,-0.07261208904349989,38.559148004326474,-0.022391296791134507,16.845754976676876,1.5697132557242635,-0.0008497042712290771,1.5721255212201668,-0.002412265495903343,6816745.2668366395,4039925.9729179954
4.76927004250206,-0.07462701201601744,40.273301764892615,-0.020279057763335093,17.251986105615682,1.5696263348249502,-0.0008748095892787613,1.571971788466339,-0.0023454536413887173,6814003.086616424,4037183.79269778
4.868629835054186,-0.07641143342814742,42.027939983541216,-0.01795919019450277,17.659439231700087,1.5695371483644471,-0.0008976111786482783,1.5718133004239867,-0.0022761520595395712,6811259.609750946,4034440.315832302
4.967989627606312,-0.07794458591955956,43.823182531617704,-0.015430310913821816,18.068098794939264,1.5694459199622224,-0.0009181621648110869,1.571650335140638,-0.0022044151784155197,6808514.870022538,4031695.5761038936
5.067349420158438,-0.07920559302455371,45.659147720369276,-0.012691321837579334,18.477949093828727,1.5693528679760633,-0.0009365155035940244,1.5714831627514982,-0.0021302947754349155,6805768.901214962,4028949.6072963174
5.166709212710564,-0.08017350307456046,47.5359523448818,-0.00974146609151747,18.88897486906401,1.5692582054551383,-0.0009527246232467498,1.5713120490770955,-0.002053843621957263,6803021.737113333,4026202.4431946888
5.26606900526269,-0.08082731408581469,49.453711670037286,-0.006580237281707485,19.301160720010426,1.5691621401694484,-0.0009668426555885694,1.5711372512150505,-0.001975111045602107,6800273.41104086,4023454.1171222157
5.365428797814816,-0.08114600526582384,51.41253945129731,-0.003207446108967698,19.71449145520691,1.5690648746148528,-0.0009789226818742649,1.5709590216373153,-0.001894147022462489,6797523.956321963,4020704.662403318
5.4647885903669415,-0.08110856208093933,53.412547943898126,0.0003768444349847946,20.128951975735713,1.568966606027829,-0.0009890176347968182,1.5707776052819538,-0.0018109992541248676,6794773.405355853,4017954.111437208
5.564148382919067,-0.08069400694953076,55.45384786558259,0.0041722624490292595,20.544526807597315,1.5688675263484055,-0.0009971808201132233,1.5705932429063874,-0.0017257165579818157,6792021.791469164,4015202.4975505196
5.663508175471193,-0.07988142289936925,57.53654846390371,0.008178197933889665,20.961201154164005,1.568767822279401,-0.001003464947374841,1.5704061679743802,-0.0016383456949791153,6789269.147063189,4012449.853144544
5.762867968023319,-0.07864998189869785,59.66075747895706,0.012393755754123312,21.37895984373095,1.5686676752470847,-0.0010079231220591134,1.570216609425281,-0.0015489341781962374,6786515.50500331,4009696.211084665
5.862227760575445,-0.07697896941510707,61.82658116422858,0.016817793603122983,21.797787914415014,1.5685672613912027,-0.0010106085500269392,1.5700247902365945,-0.0014575288453917423,6783760.897461026,4006941.603542381
5.961587553127571,-0.07484780715007598,64.0341243074877,0.02144894036401125,22.217670614610054,1.568466751631883,-0.001011573763773255,1.5698309270429325,-0.0013641754110493842,6781005.356608626,4004186.062689981
6.060947345679697,-0.07223608017854985,66.28349020512337,0.02628555177544236,22.63859293441672,1.568366311602965,-0.0010108719668007133,1.5696352325502414,-0.0012689209472764862,6778248.914387544,4001429.6204688977
6.160307138231823,-0.06912356017328007,68.5747807063513,0.03132574983625179,23.060540308856513,1.5682661016842614,-0.001008556037906427,1.5694379141060184,-0.0011718124217570125,6775491.602739855,3998672.308821209
6.259666930783949,-0.06549022534347271,70.90809618755105,0.036567455874077406,23.483497914668405,1.5681662770091416,-0.0010046787795729448,1.569239172641305,-0.0010728956321635064,6772733.453376642,3995914.1594579965
6.359026723336075,-0.06131628464269043,73.28353556154762,0.042008347577744236,23.907451022005425,1.5680669874869053,-0.0009992927690952854,1.5690392049542705,-0.0009722174673651995,6769974.49800949,3993155.204090844
6.458386515888201,-0.05658220023941762,75.70119629857166,0.04764587648257427,24.332385111972535,1.5679683777411673,-0.0009924512039052947,1.568838203274825,-0.0008698255336576644,6767214.76788729,3990395.473968644
6.5577463084403265,-0.051268706651105035,78.16117440057734,0.05347730155057452,24.758285407199466,1.5678705871569283,-0.0009842068076754043,1.5686363541834973,-0.000765767026569053,6764454.294490855,3987635.0005722097
6.657106100992452,-0.0453568314149858,80.66356442221367,0.05949967370370401,25.185137341380035,1.5677737498535385,-0.000974612576198554,1.5684338396580952,-0.0006600898045567849,6761693.109069728,3984873.815151083
6.756465893544578,-0.038826191663826705,83.20846612627149,0.06572718786357157,25.612993331509916,1.5676779241285275,-0.0009644316131264231,1.5682301666144864,-0.0005522424859589758,6758931.110660351,3982111.816741705
6.855825686096704,-0.03165470646310701,85.79598562572897,0.07217693411504843,26.041917288625726,1.5675830807106264,-0.0009545452487868077,1.5680247662947682,-0.00044168558414181547,6756168.176077036,3979348.8821583902
6.95518547864883,-0.023820750630222882,88.42622707100836,0.07884432557338793,26.47188946071422,1.5674891915246587,-0.0009449414451861306,1.5678179186026966,-0.0003287270780378826,6753404.3467664085,3976585.0528477626
7.054545271200956,-0.015303150903521547,91.09929264676761,0.0857248139103433,26.902890063472213,1.5673962296922235,-0.0009356081574602615,1.567609883867219,-0.00021365417499552564,6750639.664638113,3973820.3707194678
7.153905063753082,-0.00608118530503329,93.81528255697289,0.09281385721140893,27.334899162358962,1.5673041695123044,-0.0009265335358931713,1.5674009054333717,-9.673592106729245e-05,6747874.171370092,3971054.877451447
7.253264856305208,0.003865852246696659,96.57429754977305,0.10011129548717126,27.767922234265214,1.5672129849990457,-0.000917720447240877,1.5671910566240055,2.192837504022549e-05,6745107.858861195,3968288.5649425504
7.352624648857334,0.014562827763983478,99.37646291028716,0.10765899608410474,28.202206229889626,1.567122635431404,-0.0009093171928095136,1.5669789490955413,0.00014368633586281376,6742340.244152987,3965520.9502343424
7.45198444140946,0.026034363559315203,102.22190299995971,0.11545450630156577,28.637741852971025,1.5670330806077022,-0.0009013185454763781,1.5667647980035913,0.0002682826041109365,6739571.348798925,3962752.05488028
7.5513442339615855,0.03830484363301177,105.11074125507044,0.12349542766264551,29.074519792250854,1.5669442808804184,-0.0008937189279780641,1.566548804020133,0.0003954768602854042,6736801.194122268,3959981.900203623
7.650704026513711,0.05139841916080851,108.04310022041392,0.13177941691985293,29.512531075435795,1.566856197136839,-0.0008865129577737845,1.5663311543301506,0.0005250428066885249,6734029.80121604,3957210.5072973953
7.750063819065837,0.06533901921273477,111.01910152439432,0.1403042387051354,29.951766479575973,1.5667687907792007,-0.0008796954521871911,1.5661120216945381,0.0006567690846626117,6731257.1911745025,3954437.897255858
7.849423611617963,0.08015035149759776,114.0388659362086,0.14906766514324854,30.392217357237826,1.5666820237200272,-0.0008732612754594705,1.565891568842131,0.0007904548778960852,6728483.384167073,3951664.0902484288
7.948783404170089,0.09585591420439131,117.10251336444979,0.1580675875360154,30.833875046930494,1.5665958583923434,-0.0008672051890463528,1.5656699454162275,0.0009259129761158835,6725708.400364347,3948889.1064457027
8.048143196722215,0.11247900033998831,120.21016285570536,0.1673019408416757,31.276730873056504,1.5665102577349643,-0.0008615221024556505,1.5654472912485293,0.001062966486435002,6722932.259706546,3946112.965787902
8.147502989274342,0.13004270152288322,123.36193262839821,0.17676869820033708,31.720776500608768,1.566425185197711,-0.0008562068727016052,1.5652237372204927,0.0012014479772182174,6720154.981903484,3943335.6879848405
8.246862781826469,0.14856991820995197,126.55794009493277,0.18646593567864977,32.16600381746849,1.5663406047117516,-0.000851254655296181,1.5649994038060995,0.0013412009056521512,6717376.585971551,3940557.292052908
8.346222574378595,0.16808336158099188,129.79830180158797,0.19639174831008993,32.61240410657291,1.56625648070975,-0.000846660402974269,1.5647744041636045,0.0014820765461456276,6714597.091622628,3937777.7977039856
8.445582366930722,0.18860556580973734,133.0831335447273,0.20654435462895201,33.05996982044858,1.5661727780962487,-0.0008424193665404674,1.56454884173886,0.0016239363573886667,6711816.51694917,3934997.223030527
8.544942159482849,0.21015888840400562,136.41255033426003,0.21692197659290555,33.50869304387926,1.5660894622777362,-0.0008385264941930713,1.5643228142003234,0.0017666480774127802,6709034.880739046,3932215.586820403
8.644301952034976,0.23276552011067983,139.78666638056836,0.22752293584765987,33.95856573007845,1.5660064991131286,-0.0008349772325061634,1.5640964109848488,0.0019100881282798632,6706252.201086604,3929432.907167961
8.743661744587103,0.25644748839633646,143.20559515208686,0.23834558906946793,34.40958041176319,1.5659238549387788,-0.0008317667763493062,1.563869715821197,0.002054139117581899,6703468.495855609,3926649.201936966
8.84302153713923,0.28122666249808326,146.66944933872495,0.24938834376840205,34.86172925351953,1.5658414965637897,-0.0008288903677603781,1.5636428064411219,0.0021986901226678235,6700683.783373605,3923864.4894549623
8.942381329691356,0.3071247635469415,150.17834090951015,0.2606497093406429,35.31500500007967,1.565759391235388,-0.0008263435972710945,1.5634157536774773,0.0023436375579106716,6697898.081043075,3921078.7871244317
9.041741122243483,0.3341633682593189,153.73238111138645,0.2721282323349496,35.76940038408148,1.5656775066589896,-0.0008241218534699522,1.563188623579559,0.002488883079430737,6695111.405572916,3918292.1116542732
9.14110091479561,0.3623639147540876,157.33168046802268,0.28382251784567725,36.224908126171606,1.5655958109984092,-0.000822220522830637,1.5629614771007594,0.0026343338976497765,6692323.774135705,3915504.4802170624
9.240460707347737,0.391747705889576,160.97634879040862,0.2957312045521138,36.681521053638285,1.5655142728511957,-0.0008206352400616384,1.5627343711016581,0.002779901749537572,6689535.203904717,3912715.909986075
9.339820499899863,0.42233592090712985,164.6664952346913,0.3078530483193851,37.139232575860525,1.5654328612388615,-0.0008193617382152132,1.5625073564425307,0.0029255047963308023,6686745.710665241,3909926.4167465987
9.43918029245199,0.4541496169437123,168.40222826564525,0.3201868202360862,37.59803573456646,1.565351545631938,-0.0008183954981679149,1.5622804808471036,0.003071064784834432,6683955.3108975645,3907136.016978922
9.538540085004117,0.4872097350699964,172.1836556555134,0.33273135216078514,38.05792355981769,1.565270295920323,-0.0008177322992320145,1.5620537879517389,0.0032165079685841924,6681164.020619719,3904344.726701077
9.637899877556244,0.5215371046759825,176.01088454195937,0.34548552009080824,38.51888966493289,1.56518908240351,-0.0008173680190662419,1.5618273181067182,0.0033617642967918027,6678371.855618902,3901552.5617002593
9.73725967010837,0.5571524547006543,179.88402141516266,0.35844831304360203,38.98092753335186,1.565107875805686,-0.0008172983833611237,1.5616011066410427,0.0035067691646433197,6675578.831220023,3898759.5373013816
9.836619462660497,0.5940764107384559,183.8031721167318,0.37161869091494315,39.44403063757456,1.565026647246059,-0.0008175194164620147,1.5613751877746214,0.0036514594714376347,6672784.962748542,3895965.6688299007
9.935979255212624,0.6323295074904467,187.76844187412067,0.38499573891443584,39.90819279648362,1.5649453682539542,-0.0008180269907675976,1.5611495908903616,0.0037957773635926007,6669990.265299005,3893170.9713803637
10.03533904776475,0.6719321916153335,191.77993531142437,0.3985785709456904,40.373407937613976,1.564864010759035,-0.0008188170771050084,1.5609243431488398,0.003939667610195263,6667194.753272216,3890375.459353574
10.134698840316878,0.7129048264360915,195.8377564483597,0.41236634828180596,40.83966997824099,1.5647825470715604,-0.000819885844990628,1.5606994691244134,0.004083077947147018,6664398.441532252,3887579.1476136106
10.234058632869004,0.7552676969319011,199.94200869923225,0.4263582824368836,41.30697282524375,1.5647009499124325,-0.0008212291615347951,1.5604749908753173,0.004225959037115201,6661601.344480806,3884782.050562164
10.333418425421131,0.7990410252974348,204.0927949193331,0.4405537415204374,41.775310852458354,1.564619192343615,-0.0008228435941486136,1.5602509256537525,0.0043682666898625655,6658803.475594401,3881984.181675759
10.432778217973258,0.8442449589147494,208.2902173921282,0.45495197258588954,42.24467830478844,1.564537247828093,-0.000824725106779191,1.5600272926002745,0.004509955227818496,6656004.849044127,3879185.5551254856
10.532138010525385,0.8908995878764425,212.53437785200543,0.4695523990473025,42.71506965607506,1.564455090195134,-0.0008268700129980317,1.5598041057628689,0.004650984432265082,6653205.478307263,3876386.1843886212
10.631497803077512,0.9390249446392557,216.82537745959107,0.4843544408324487,43.18647913173205,1.5643726936354982,-0.0008292746745863162,1.5595813784168628,0.004791315218635406,6650405.377324161,3873586.0834055194
10.730857595629638,0.9886410149031366,221.1633168720188,0.49935762736069766,43.65890166439271,1.564290032691588,-0.0008319355524712895,1.5593591207606015,0.004930911930986603,6647604.558415865,3870785.2644972233
10.830217388181765,1.0397677371848824,225.54829621830447,0.5145614837603811,44.132331938849546,1.564207082257652,-0.0008348491055142021,1.5591373424214336,0.005069739836218279,6644803.034829196,3867983.7409105543
10.929577180733892,1.0924250118621819,229.9804150984287,0.5299656261829888,44.60676463066325,1.5641238175649093,-0.0008380119422943212,1.5589160504052235,0.005207767159685739,6642000.819117137,3865181.5251984955
11.028936973286019,1.1466327040087696,234.4597726299952,0.5455696993142289,45.08219488498372,1.5640402141917031,-0.0008414205692135,1.5586952507472385,0.005344963444464668,6639197.92383291,3862378.6299142684
11.128296765838146,1.2024106498587006,238.98646741169495,0.5613734128990734,45.558617479247864,1.5639562480487008,-0.0008450716416132543,1.5584749475452693,0.005481300503431541,6636394.361067249,3859575.0671486077
11.227656558390272,1.2597786608641095,243.5605975938252,0.5773765175215348,46.036027900627595,1.5638718953839716,-0.0008489617637330787,1.5582551438700818,0.0056167515138898505,6633590.142911086,3856770.8489924436
11.3270163509424,1.3187565353868786,248.18226085367874,0.5935788814356474,46.514421388600574,1.5637871327482926,-0.0008530878889932707,1.5580358399205336,0.005751292827758991,6630785.280530182,3853965.9866115395
11.426376143494526,1.3793640532881521,252.85155440664357,0.6099803184419641,46.99379329435725,1.5637019370052079,-0.0008574468695683413,1.5578170369255104,0.0058849000796974416,6627979.786015796,3851160.4920971533
11.525735936046653,1.4416209854032977,257.56857501729894,0.6265807377011622,47.47413908076293,1.5636162853511106,-0.0008620353555214368,1.5575987339396542,0.006017551411456434,6625173.670533991,3848354.376615349
11.62509572859878,1.5055471015428525,262.33341903439134,0.643380128898899,47.95545456269636,1.5635301552555292,-0.0008668505979034831,1.5573809283318205,0.006149226923708673,6622366.944788326,3845547.6508696834
11.724455521150906,1.5711621755254703,267.14618239010036,0.6603785323745999,48.43773554764752,1.5634435244812255,-0.0008718896454857843,1.557163616393034,0.006279908088191455,6619559.619482476,3842740.3255638336
11.823815313703033,1.6384859868636281,272.00696056350847,0.6775760054333682,48.92097747545139,1.563356371094256,-0.0008771494457765495,1.5569467939770432,0.006409577117212795,6616751.705551506,3839932.4116328633
11.92317510625516,1.7075383256225507,276.9158486633646,0.6949726542826296,49.405176618910644,1.563268673449082,-0.0008826270961464389,1.5567304562103323,0.0065382172387495885,6613943.21346792,3837123.919549278
12.022534898807287,1.7783390002726824,281.8729414154664,0.7125686641604879,49.89032912383757,1.5631804101588727,-0.0008883199928479051,1.5565145966682323,0.006665813490640327,6611134.152779106,3834314.858860464
12.121894691359413,1.8509078375291579,286.87833311420144,0.7303642186894101,50.37643064833359,1.563091560140406,-0.0008942250802294543,1.5562992089451195,0.006792351195286539,6608324.533957654,3831505.240039011
12.22125448391154,1.925264700678004,291.93211776520695,0.7483596859346979,50.86347828629151,1.5630021025244354,-0.0009003402047537152,1.5560842835438433,0.006917818980592072,6605514.365857191,3828695.0719385487
12.320614276463667,2.0014294789766325,297.03438897722083,0.7665553272836284,51.35146804314349,1.5629120167306392,-0.0009066624585487147,1.5558698129885735,0.007042203742065656,6602703.6584877595,3825884.364569117
12.419974069015794,2.0794221032018863,302.18524004510635,0.7849515606057371,51.8403967599198,1.562821282392818,-0.0009131896865977407,1.5556557871956098,0.007165495197208216,6599892.420240504,3823073.1263218606
12.51933386156792,2.1592625438357778,307.38476390142,0.8035487855110576,52.33026079020713,1.5627298794088877,-0.0009199192307319984,1.5554421965645664,0.007287682844321353,6597080.660431633,3820261.36651299
12.618693654120047,2.240970820658403,312.633053163649,0.8223474981568535,52.82105696301289,1.562637787931099,-0.000926848531213731,1.5552290300588807,0.007408757872218397,6594268.387914793,3817449.0939961504
12.718053446672174,2.3245670082401695,317.93020014560835,0.8413482499765695,53.312782222048064,1.5625449882912432,-0.0009339757810695804,1.5550162759507526,0.007528712340490573,6591455.610849846,3814636.316931204
12.817413239224301,2.410071239571307,323.2762968928356,0.8605516289326028,53.805433867251146,1.562451461065467,-0.0009412985210017367,1.5548039222773586,0.00764753878810831,6588642.337165391,3811823.0432467493
12.916773031776428,2.4975037023928865,328.6714350981782,0.8799581860611345,54.29900834899794,1.562357187059559,-0.0009488144397902377,1.5545919578533982,0.00776522920616074,6585828.5757149,3809009.281796259
13.016132824328555,2.5868846658766085,334.11570628104494,0.8995687409153027,54.79350392172526,1.5622621472489884,-0.0009565218297006473,1.554380367443745,0.007881779805243294,6583014.332577046,3806195.038658405
13.115492616880681,2.6782344651726238,339.6092016430959,0.9193839575308221,55.28891738747282,1.5621663228139886,-0.0009644186298952513,1.5541691386697796,0.007997184144209024,6580199.616373924,3803380.3224552823
13.214852409432808,2.7715735163114648,345.1520121396723,0.93940464992289,55.78524626718136,1.5620696951397006,-0.0009725027780961617,1.5539582570379198,0.008111438101780832,6577384.433877785,3800565.1399591435
13.314212201984935,2.8669223146214255,350.744228503359,0.959631616178533,56.282488318933325,1.5619722457911407,-0.0009807724639602758,1.5537477088498115,0.008224536941329186,6574568.792323234,3797749.4984045927
13.413571994537062,2.964301449285207,356.38594124354944,0.9800658008891706,56.780641296434766,1.561873956508353,-0.000989225925929606,1.5535374782410643,0.008336478267288783,6571752.698019988,3794933.404101347
13.512931787089189,3.0637316083449257,362.0772406820849,1.0007081990187865,57.279703312078475,1.5617748091965238,-0.00099786150194759,1.5533275490664185,0.008447260130105327,6568936.157277706,3792116.8633590653
13.612291579641315,3.1652335752618996,367.81821692883807,1.0215597709075714,57.77967223252121,1.5616747859008644,-0.0010066777827340255,1.5531179062067506,0.008556879694113784,6566119.176405963,3789299.8824873217
13.711651372193442,3.2688282361831345,373.6089599173946,1.0426215500287708,58.28054628353396,1.5615738688218983,-0.0010156732051665818,1.5529085338604287,0.008665334961469595,6563301.761020711,3786482.46710207
13.811011164745569,3.3745365906048392,379.44955942877726,1.0638946771778746,58.78232392965771,1.5614720403003544,-0.001024846358153221,1.5526994149628388,0.00877262533751555,6560483.916737835,3783664.622819194
13.910370957297696,3.48237974926321,385.34010504297913,1.0853802719223056,59.28500314764224,1.561369282812244,-0.0010341958801524838,1.552490533190023,0.008878749622221127,6557665.649173126,3780846.3552544843
14.009730749849822,3.592378949522625,391.28068625902483,1.1070796087029562,59.788583122585884,1.561265578948927,-0.001043720610254223,1.5522818705023398,0.008983708446587135,6554846.963017664,3778027.6690990226
14.10909054240195,3.704555556858971,397.27139241042676,1.1289939768895516,60.29306218870262,1.5611609114172154,-0.001053419386485047,1.5520734089206947,0.009087502496520683,6552027.863193621,3775208.5692749796
14.208450334954076,3.8189310595649686,403.3123127251398,1.1511246125639187,60.7984392836153,1.5610552630543821,-0.0010632908958396639,1.5518651320865158,0.009190130967866361,6549208.35462307,3772389.0607044287
14.307810127506203,3.935527095478879,409.403536349439,1.1734730208171669,61.30471358526208,1.5609486167380142,-0.0010733347325768972,1.5516570198390383,0.009291596898975962,6546388.44084122,3769569.146922579
14.40716992005833,4.054365435214371,415.5451523356775,1.1960405379585213,61.81188414837449,1.5608409554862195,-0.0010835494824349764,1.5514490553441527,0.009391900142066811,6543568.126538861,3766748.8326202193
14.506529712610456,4.175468001381582,421.7372496541346,1.2188286937463033,62.31995014692245,1.5607322623776592,-0.0010939345359773272,1.5512412192254148,0.00949104315224436,6540747.41478888,3763928.1208702396
14.605889505162583,4.298856875766957,427.97991726529506,1.2418390901998142,62.828911482332416,1.5606225205413735,-0.0011044893861688104,1.55103349179092,0.009589028750453421,6537926.308664175,3761107.014745534
14.70524929771471,4.424554300862898,434.27324407145227,1.265073344733451,63.338767568939964,1.5605117131719393,-0.0011152133734184133,1.5508258535753379,0.009685859596601398,6535104.811237623,3758285.5173189826
14.804609090266837,4.552582674035549,440.617318916568,1.2885330160636643,63.849517819670744,1.5603998235495709,-0.001126105635835203,1.5506182866391318,0.009781536910439037,6532282.926044241,3755463.6321256007
14.903968882818964,4.682964573042208,447.01223067075387,1.3122199197251492,64.36116249770677,1.5602868349248693,-0.001137166471461244,1.5504107698800218,0.009876065044847504,6529460.655001408,3752641.361082768
15.00332867537109,4.815722751731949,453.4580681939785,1.336135827981861,64.87370150096665,1.560172730623908,-0.0011483951207080089,1.5502032834122106,0.009969447211697346,6526638.000488693,3749818.7065700525
15.102688467923217,4.95088014443626,459.9549203723068,1.3602825572869894,65.38713509209425,1.5600574939733298,-0.0011597915778422715,1.5499958074108682,0.010061686562461647,6523814.964423527,3746995.6705048867
15.202048260475344,5.088459876798886,466.5028761542115,1.3846620330899888,65.90146389918736,1.5599411083202077,-0.001171355637251119,1.5497883211355088,0.01015278718469892,6520991.548030207,3744172.2541115666
15.30140805302747,5.228485274353797,473.10202453851696,1.409276267172664,66.41668842900816,1.559823556987057,-0.0011830875460909864,1.5495808031596072,0.01024275382744988,6518167.752533106,3741348.458614466
15.400767845579598,5.370979855972109,479.752454550206,1.4341272053638503,66.93280894482609,1.5597048233016795,-0.0011949872511600693,1.5493732336330894,0.010331589668590047,6515343.579849763,3738524.2859311225
15.500127638131724,5.515967355140107,486.45425537375286,1.4592170076435573,67.44982705183243,1.5595848905372274,-0.0012070553024669279,1.5491655905784354,0.010419299958791983,6512519.029125373,3735699.7352067325
15.599487430683851,5.663471710578148,493.207516219952,1.4845477395764108,67.96774301492493,1.5594637419774064,-0.0012192915938051211,1.5489578536711965,0.01050588830620991,6509694.102277605,3732874.808358965
15.698847223235978,5.813517090964949,500.0123264836316,1.5101217155630073,68.48655868629787,1.5593413608257614,-0.0012316969319450342,1.548750000092517,0.010591360733244404,6506868.797989945,3730049.5040713046
15.798207015788105,5.966127893534023,506.868775707511,1.535941235877791,69.00627555439335,1.559217730196099,-0.0012442722200484487,1.548542007829612,0.010675722366487062,6504043.115408168,3727223.821489528
15.897566808340232,6.121328739821513,513.7769535459843,1.5620085579996372,69.52689474315407,1.559092833182532,-0.0012570176563263394,1.5483338560550546,0.01075897712747742,6501217.055064228,3724397.761145588
15.996926600892358,6.27914449190645,520.7369498381428,1.5883261028563846,70.04841811145252,1.5589666527790482,-0.0012699342484798863,1.5481255224929986,0.010841130286049605,6498390.615642276,3721571.321723636
16.096286393444483,6.439600267160851,527.7488546445065,1.6148964398272303,70.57084788784293,1.5588391718695835,-0.0012830231041182612,1.547916983580498,0.010922188289085533,6495563.795364773,3718744.501446133
16.19564618599661,6.602721432127634,534.8127582230364,1.6417220766760945,71.09418605945635,1.5587103732378642,-0.0012962852317925312,1.547708217278116,0.011002155959748183,6492736.59268545,3715917.29876681
16.295005978548733,6.768533612733495,541.9287510537546,1.6688056239536988,71.61843486121353,1.5585802395474768,-0.001309721840644219,1.547499200878486,0.011081038668990795,6489909.005596394,3713089.711677754
16.39436577110086,6.937062707942526,549.096923899927,1.6961498296266797,72.14359714380284,1.5584487533112488,-0.0013233344479757542,1.5472899106772677,0.011158842633981036,6487081.03093527,3710261.7370166294
16.493725563652983,7.10833489106918,556.3173677719813,1.7237574548759345,72.66967539476528,1.558315896891749,-0.00133712456605764,1.5470803234099695,0.011235573481779504,6484252.666463937,3707433.372545297
16.59308535620511,7.282376610712614,563.5901739644202,1.7516312702859924,73.19667247315773,1.5581816525110057,-0.0013510936093465405,1.5468704165261054,0.011311235984900359,6481423.909251796,3704604.615333156
16.692445148757233,7.459214608448014,570.9154340806293,1.779774224494551,73.7245914877108,1.558046002220317,-0.0013652432961499435,1.5466601658458567,0.011385836374460334,6478594.755214054,3701775.4612954143
16.79180494130936,7.6388759296921505,578.2932401065191,1.8081893754949496,74.25343628831801,1.5579089278447409,-0.0013795759034458065,1.5464495467104236,0.011459381134317326,6475765.199804634,3698945.9058859935
16.891164733861483,7.821387918390339,585.7236843135604,1.8368797278078004,74.78320974898571,1.5577704110334991,-0.0013940932009201233,1.5462385356250747,0.011531875408424375,6472935.239632552,3696115.945713911
16.99052452641361,8.006778233999446,593.2068593934506,1.865848456878036,75.31391609905383,1.5576304332044513,-0.001408797517108744,1.546027107996397,0.011603325208054294,6470104.869460139,3693285.575541499
17.089884318965733,8.195074853433855,600.7428583977497,1.8950987577356686,75.84555896033662,1.557488975559298,-0.0014236910275265272,1.5458152395407796,0.0116737360185184,6467274.08428128,3690454.7903626394
17.18924411151786,8.386306082555604,608.3317748117386,1.9246339410524107,76.37814269798872,1.5573460190378101,-0.0014387763683477183,1.5456029054570255,0.011743113580784614,6464442.878628749,3687623.584710109
17.288603904069983,8.58050057112118,615.97370256733,1.9544574679309623,76.91167180710765,1.5572015443180576,-0.0014540561734440911,1.5453900798032976,0.011811464514760006,6461611.24611257,3684791.9521939303
17.38796369662211,8.777687316487231,623.6687360926934,1.984572836770003,77.44615128223475,1.5570555317811858,-0.0014695334311939038,1.5451767371237426,0.011878794657443237,6458779.180112722,3681959.886194083
17.487323489174234,8.977895663310735,631.4169702396895,2.0149835429504344,77.98158538758224,1.5569079615361685,-0.001485210880848026,1.544962852551566,0.011945108984602548,6455946.674240873,3679127.3803222342
17.58668328172636,9.181155309747767,639.2185003335068,2.045693144240395,78.51797888692721,1.5567588134044972,-0.0015010914157557213,1.5447484013578128,0.012010412046684404,6453113.72234034,3676294.4284217004
17.686043074278484,9.387496341200768,647.0734222835741,2.0767055380550405,79.0553376603168,1.5566080668499136,-0.001517178636463725,1.5445333556569056,0.012074711193007959,6450280.315485337,3673461.021566697
17.78540286683061,9.596949216680137,654.9818325355601,2.1080244845467586,79.59366710469934,1.5564557010033735,-0.0015334758922756083,1.5443176899879036,0.012138011015469852,6447446.445905296,3670627.1519866562
17.884762659382734,9.809544783468848,662.9438280967561,2.139653891458951,80.13297287249212,1.5563016946375663,-0.0015499867889347354,1.544101377923861,0.01220031671370525,6444612.1055998495,3667792.8116812096
17.98412245193486,10.025314287217597,670.959506573766,2.171597768136957,80.67326099543448,1.556146026146829,-0.0015667151343514247,1.5438843927222041,0.01226163342462483,6441777.285646489,3664957.991727849
18.083482244486984,10.244289397383975,679.0289662715857,2.203860379957,81.21453850244528,1.5559886734764614,-0.0015836654478223488,1.5436667056502933,0.012321967826168123,6438941.975277598,3662122.6813589577
18.18284203703911,10.466502192087143,687.1523060598513,2.236445839866158,81.75681107631092,1.5558296142179768,-0.001600841290013173,1.543448290277533,0.012381323940443778,6436106.165803943,3659286.871885302
18.282201829591234,10.691985175147051,695.3296255087688,2.2693584323016385,82.30008576786696,1.5556688255286046,-0.0016182470317442363,1.5432291193613552,0.012439706167249431,6433269.846460564,3656450.552541923
18.38156162214336,10.920771293922371,703.5610248902882,2.3026026212292345,82.84436963977191,1.5555062841009033,-0.0016358873496643066,1.543009164344281,0.012497119756622377,6430433.0067146905,3653613.7127960497
18.480921414695484,11.152893948736224,711.8466052161232,2.3361829654794835,83.38967013732665,1.5553419661372034,-0.0016537671776397497,1.5427883965401585,0.0125535695970449,6427595.635111993,3650776.3411933524
18.58028120724761,11.388386991951856,720.1864682389967,2.37010401458002,83.93599471836862,1.555175847389764,-0.0016718910453869884,1.542566788263284,0.012609059126480027,6424757.720430425,3647938.426511785
18.679640999799734,11.627284748943655,728.5807164661746,2.404370529119895,84.48335097694758,1.55500790310026,-0.0016902640916454275,1.5423443102357695,0.01266359286449048,6421919.25029586,3645099.956377219
18.77900079235186,11.869622034494402,737.0294532468436,2.4389874347172276,85.03174738651532,1.5548381079439715,-0.001708892016853219,1.5421209324363894,0.012717175507582112,6419080.211182306,3642260.9172636652
18.878360584903984,12.115434154227362,745.5327827735435,2.4739596714033136,85.58119243494774,1.5546664360799642,-0.0017277800164207191,1.5418966256069861,0.012769810472978094,6416240.590488456,3639421.296569816
18.97772037745611,12.364756915657443,754.090810071272,2.509292290433077,86.13169450045645,1.5544928610751816,-0.0017469340497231315,1.541671360067931,0.012821501007250546,6413400.374461311,3636581.080542671
19.077080170008234,12.61762663195119,762.7036409742814,2.5449903809036867,86.68326172773456,1.5543173559698582,-0.0017663594177830518,1.5414451065386419,0.012872249431216343,6410559.550272533,3633740.256353893
19.17643996256036,12.87408015572375,771.3713822999355,2.5810593720595705,87.23590401124143,1.5541398931513748,-0.0017860626912066034,1.5412178333362812,0.012922059815093645,6407718.102096899,3630898.80817826
19.275799755112484,13.134154891328198,780.0941418873665,2.617504816830276,87.78963163449552,1.5539604443334454,-0.001806050650068593,1.5409895084808443,0.012970935852601118,6404876.013650135,3628056.719731496
19.37515954766461,13.397888783276082,788.8720284389146,2.65433215160473,88.34445328519647,1.5537789806115918,-0.0018263295161203349,1.540760101757055,0.013018878854536897,6402033.270956801,3625213.9770381623
19.474519340216734,13.665320345501456,797.7051517066528,2.6915471072976906,88.90037952831034,1.5535954723971868,-0.0018469061749384914,1.5405295812057351,0.013065891191451628,6399189.857045216,3622370.563126576
19.57387913276886,13.936488670237761,806.5936224571598,2.729155504164772,89.45742057426168,1.5534098894171664,-0.001867787514984267,1.540297914738572,0.013111974678594374,6396345.755407441,3619526.461488802
19.673238925320984,14.211433455432164,815.5375525473471,2.76716343837132,90.01558739663372,1.5532222006229597,-0.0018889813413037896,1.5400650684536434,0.013157132169316244,6393500.947923683,3616681.654005043
19.77259871787311,14.490194999011644,824.5370549263445,2.805576948374113,90.57489098798253,1.5530323742454988,-0.0019104949052833953,1.5398310101324,0.013201364113098801,6390655.416938059,3613836.1230194196
19.871958510425234,14.772814225194145,833.5922436744503,2.8444023374367653,91.13534273287961,1.5528403777196944,-0.0019323362184322972,1.5395957057860639,0.013244671933630547,6387809.14433617,3610989.85041753
19.97131830297736,15.059332686506025,842.7032339556172,2.883645929127388,91.69695353769038,1.5526461777186682,-0.00195451294772251,1.5393591220863199,0.013287055632348332,6384962.11177579,3608142.817857151
20.070678095529484,15.34979259015651,851.8701421677698,2.9233143124579586,92.2597358216454,1.5524497400583042,-0.001977033720767918,1.5391212243736856,0.01332851568461857,6382114.299303517,3605295.0053848773
20.17003788808161,15.644236805511731,861.0930858954308,2.963414151662516,92.82370152717876,1.5522510297416348,-0.001999906718456102,1.5388819780870162,0.013369051654618547,6379265.686969029,3602446.3930503894
20.269397680633734,15.942708887058716,870.3721839984479,3.0039523420945202,93.38886348971637,1.5520500108680901,-0.002023141035034355,1.5386413475644156,0.013408663303674517,6376416.254133475,3599596.9602148356
20.36875747318586,16.245253096637615,879.7075566513538,3.0449360028623196,93.95523494081719,1.551846646582481,-0.002046746278203806,1.5383992960014108,0.013447350581070161,6373565.978547489,3596746.68462885
20.468117265737984,16.551914385442892,889.0993252217455,3.086372071926338,94.52282788799702,1.5516408991905817,-0.002070730892391514,1.5381557892171083,0.013485109973473408,6370714.841192592,3593895.5472739525
20.56747705829011,16.862738446887523,898.5476124458971,3.128268019295297,95.09165610621517,1.5514327299923523,-0.002095105000547544,1.5379107891084902,0.01352194088386205,6367862.818673598,3591043.524754958
20.666836850842234,17.177813181927178,908.0526069254082,3.1710486399653055,95.66238249264234,1.5512224402247523,-0.0021164473294321066,1.5376601257059057,0.013562314518846597,6365008.669160005,3588189.375241365
20.76619664339436,17.497227761374866,917.6144993010236,3.214726714330823,96.23502757012069,1.5510103330742073,-0.002134738258776197,1.5374037894421375,0.013606543632069812,6362152.358324169,3585333.0644055293
20.865556435946484,17.82107189572005,927.2334812640709,3.2593076739294484,96.8096019121721,1.550796707978231,-0.0021500155192490356,1.5371418442531388,0.01365486372509217,6359293.870745196,3582474.5768265557
20.96491622849861,18.14943578553049,936.9097456336382,3.3047964511215584,97.38611686906384,1.5505818600168035,-0.0021623229669559306,1.536874358752533,0.01370750126427045,6356433.189854417,3579613.895935777
21.064276021050734,18.482410064003307,946.6434862227031,3.351197400076409,97.96458244373214,1.5503660801373609,-0.0021717021936148197,1.536601406162243,0.013764673975117825,6353570.301392495,3576751.0074738543
21.16363581360286,18.820085762333118,956.4348979525903,3.398514526413273,98.5450097910614,1.5501496548185905,-0.0021781981746471016,1.5363230626963007,0.01382659212228976,6350705.189491408,3573885.8955727676
21.262995606154984,19.162554192631916,966.2841767189622,3.446750657406327,99.12740871721022,1.5499328653446578,-0.0021818631899709474,1.5360394149650576,0.013893450379600214,6347837.839900861,3571018.54598222
21.36235539870711,19.509906994327338,976.1915196681085,3.495909087302013,99.71179180903361,1.549715988055525,-0.0021827470001916875,1.5357505446106845,0.013965443444840409,6344968.234457867,3568148.9405392273
21.461715191259234,19.86223601299896,986.1571249261668,3.5459918909027657,100.29816892814236,1.5494992940560137,-0.002180902294029859,1.5354565433363705,0.014042750719643227,6342096.359382302,3565277.065463662
21.56107498381136,20.219633249043433,996.1811916888847,3.597000626354736,100.88655083955669,1.5492830486058067,-0.0021763878994976917,1.535157506885333,0.014125541720473755,6339222.199516084,3562402.905597444
21.660434776363484,20.582190839733236,1006.2639203240439,3.648936671235474,101.47694933913546,1.5490675110406578,-0.002169263437581388,1.534853531660592,0.014213979380065744,6336345.737862717,3559526.443944077
21.75979456891561,20.950000975808845,1016.4055122622319,3.7018005636701288,102.06937512341912,1.5488529344962312,-0.002159591308667101,1.5345447203984977,0.01430821409773353,6333466.95996477,3556647.66604613
21.859154361467734,21.32315588962277,1026.6061700369962,3.7555927224602743,102.66383929306923,1.5486395657177032,-0.0021474358293982324,1.5342311754842732,0.01440839023342999,6330585.849756877,3553766.5558382375
21.95851415401986,21.70174774268004,1036.866097187888,3.810312434566042,103.26035197295037,1.5484276447277483,-0.002132864657942361,1.5339130082526533,0.014514636475094989,6327702.394173054,3550883.1002544146
22.057873946571984,22.085868646368752,1047.185498462806,3.865959195589018,103.85892532438777,1.5482174044283838,-0.002115949459677499,1.5335903268875912,0.014627077540792621,6324816.575775338,3547997.281856699
22.15723373912411,22.47561058752009,1057.5645796212402,3.9225317519344745,104.45956952848026,1.548009070845656,-0.0020967594373610156,1.53326324424201,0.014745826603645984,6321928.380585729,3545109.08666709
22.256593531676234,22.871065369837876,1068.003547449452,3.980028260529231,105.06229491909824,1.5478028625344153,-0.00207536978433597,1.5329318769055964,0.014870985628818945,6319037.795321734,3542218.5014030947
22.35595332422836,23.272324591155474,1078.50260997564,4.038446649403875,105.66711399563444,1.5475989899462423,-0.0020518620554295895,1.5325963424009295,0.015002647545312886,6316144.802559969,3539325.5086413296
22.455313116780484,23.67947954719384,1089.06197606039,4.097783877968177,106.2740351355917,1.5473976557856666,-0.0020263142203132945,1.5322567638445,0.015140891941166634,6313249.392021072,3536430.098102432
22.55467290933261,24.092621258283504,1099.6818557493016,4.158037174573642,106.88307026547137,1.5471990544998766,-0.0019988093844472946,1.5319132609282606,0.015285793571615969,6310351.547212322,3533532.253293683
22.654032701884734,24.511840427697372,1110.36246017586,4.2192033482148865,107.49423033421874,1.547003372316066,-0.001969430277421609,1.5315659547962257,0.015437417519840402,6307451.2541789105,3530631.9602602706
22.75339249443686,24.937227316168183,1121.1040013889344,4.281277944976039,108.10752455465484,1.5468107864919072,-0.0019382671723862767,1.531214975480761,0.015595811011146266,6304548.501503391,3527729.2075847513
22.852752286988984,25.368871768066548,1131.906692555695,4.344256774408175,108.72296418184635,1.5466214650639987,-0.001905412874219615,1.5308604489705837,0.01576101609341496,6301643.274319033,3524823.9804003933
22.95211207954111,25.80686318828268,1142.770747851669,4.408135413390214,109.34055936433846,1.5464355672391752,-0.0018709562494915123,1.530502500707024,0.015933066532151097,6298735.560066143,3521916.266147503
23.051471872093234,26.25129042267165,1153.6963823881533,4.472908235550261,109.96031952011626,1.5462532423352673,-0.0018349968254241548,1.5301412645105583,0.016111977824708967,6295825.347800935,3519006.053882295
23.15083166464536,26.70224184134249,1164.6838123275948,4.538570452774051,110.58225522841416,1.546074630558489,-0.0017976263052745297,1.5297768645804102,0.01629776597807875,6292912.623821453,3516093.329902814
23.250191457197484,27.159805182077736,1175.733254698061,4.605115701053815,111.20637520121069,1.5458998616549986,-0.0017589499635753385,1.529409436306843,0.0164904253481557,6289997.37834351,3513178.084424871
23.34955124974961,27.624067604560476,1186.8449275462513,4.672538162146199,111.83268969045814,1.545729055413751,-0.0017190680139349604,1.5290391082353063,0.016689947178444742,6287079.599055048,3510260.305136409
23.448911042301734,28.095115632431156,1198.0190498270572,4.740831434642533,112.46120783659767,1.5455623212656964,-0.0016780847038028017,1.5286660112879502,0.01689630997774616,6284159.275489699,3507339.98157106
23.54827083485386,28.573035123512216,1209.2558413933978,4.809988817461891,113.0919386777649,1.5453997580718963,-0.0016361064131133404,1.5282902765319817,0.01710948153991465,6281236.397645509,3504417.10372687
23.647630627405984,29.057911239190357,1220.555522973435,4.880003301373267,113.72489102278745,1.5452414538851538,-0.001593241920866107,1.5279120351764655,0.017329418708688316,6278310.955984833,3501491.6620661933
23.74699041995811,29.549828416885333,1231.9183161728793,4.950867600059712,114.36007370368756,1.5450874854884178,-0.001549604651751892,1.5275314183646627,0.017556067123755126,6275382.940743881,3498563.646825242
23.846350212510234,30.048870351905713,1243.3444433766003,5.022574244592657,114.997494562267,1.5449379187348848,-0.0015053046075396129,1.527148555947792,0.017789362787092866,6272452.344463913,3495633.0505452733
23.94571000506236,30.555119967462527,1254.8341278514438,5.095115464248045,115.63716247510997,1.5447928075367563,-0.001460461967576104,1.5267635782788676,0.018029229257888746,6269519.157849075,3492699.8639304363
24.045069797614484,31.068659396437223,1266.387593622509,5.168483304806455,116.27908507361352,1.5446521942273819,-0.0014151932664372006,1.5263766143063877,0.018275579920994156,6266583.373678138,3489764.0797594986
24.14442959016661,31.589569985954686,1278.0050654751549,5.242669858073453,116.92327000935651,1.5445161093712851,-0.0013696169506934022,1.5259877900933965,0.018528319277888672,6263644.984733431,3486825.6908147912
24.243789382718735,32.117932227884594,1289.6867688939437,5.317666516390119,117.56972431942702,1.5443845711957978,-0.001323857187185931,1.5255972349575022,0.018787336238295538,6260703.985411189,3483884.6914925496
24.34314917527086,32.65382578697411,1301.4329300392367,5.39346495523703,118.21845480535411,1.544257585656215,-0.0012780374870051139,1.5252050731984073,0.019052512457807813,6257760.3698808765,3480941.0759622375
24.442508967822985,33.19732946908199,1313.2437757363523,5.470056530389304,118.8694681595609,1.5441351462981439,-0.0012322827466349198,1.5248114293173245,0.01932371698081936,6254814.133695386,3477994.839776748
24.54186876037511,33.74852122801827,1325.119533414128,5.54743266645924,119.52277045612284,1.544017234042889,-0.0011867200225184932,1.5244164245448382,0.019600809498050875,6251865.272640659,3475045.97872202
24.641228552927235,34.307478166077246,1337.0604311443951,5.625584793423695,120.17836816640559,1.5439038169476833,-0.0011414787842492357,1.5240201778185052,0.01988363912917812,6248913.78204563,3472094.4881269913
24.74058834547936,34.874276494282704,1349.0666975551183,5.7045039411501035,120.83626688757809,1.543794849732367,-0.0010966932651269952,1.5236228086815187,0.020172041050848355,6245959.659082136,3469140.3651634976
24.839948138031485,35.448991538389336,1361.1385617179901,5.78418119990664,121.49647108551193,1.543690274041578,-0.001052495059650067,1.5232244333468448,0.02046584069473334,6243002.902764451,3466183.6088458127
24.93930793058361,36.031697726704024,1373.2762532381435,5.8646075373898015,122.15898612897807,1.5435900178082587,-0.001009022168266395,1.5228251670387467,0.020764850769511956,6240043.51095944,3463224.217040802
25.038667723135735,36.62246866015043,1385.480002230106,5.945774626456437,122.82381714474843,1.5434939956081448,-0.000966409023685291,1.5224251168385108,0.021068878769634036,6237081.481306575,3460262.1873879367
25.13802751568786,37.221377019429895,1397.7500390910855,6.027673205590301,123.49096697783683,1.5434021080989764,-0.0009247957026507621,1.5220243943206906,0.02137771377828579,6234116.816046378,3457297.522127739
25.237387308239985,37.8284946208532,1410.0865946917086,6.110294575190417,124.16044039293949,1.5433142417179944,-0.0008843253264231365,1.5216231050129125,0.021691136705081826,6231149.514432235,3454330.2205135967
25.33674710079211,38.443892445344005,1422.4899002249413,6.193630327558878,124.83224063421504,1.543230269163404,-0.0008451361706135578,1.5212213493629725,0.022008919800431404,6228179.577788819,3451360.283870181
25.436106893344235,39.06764059457512,1434.9601871307093,6.277671613534024,125.50637018717453,1.543150048568796,-0.0008073748198083133,1.5208192289633606,0.02233081960543526,6225207.009051785,3448387.715133147
25.53546668589636,39.699808345336926,1447.4976870583278,6.362410131141918,126.18283115920354,1.5430734238062809,-0.000771184807726468,1.5204168388255692,0.022656584980711658,6222231.811618004,3445412.517699366
25.634826478448485,40.340464138952385,1460.1026318922673,6.447837471876346,126.86162591700845,1.543000223949969,-0.0007367150678525182,1.5200142729266206,0.022985951023348328,6219253.988885712,3442434.6949670743
25.73418627100061,40.989675646860256,1472.775253727107,6.533945887289215,127.5427565752151,1.5429302633806816,-0.0007041134798117122,1.5196116180233694,0.023318645357312207,6216273.5444843145,3439454.250565677
25.833546063552735,41.64750971323684,1485.515784651808,6.620727051452674,128.226223077278,1.5428633416663036,-0.0006735291274186822,1.5192089626795198,0.023654378986783797,6213290.4861812955,3436471.192262658
25.93290585610486,42.31403245161924,1498.3244568511645,6.708173610897213,128.91202638770477,1.54279924333088,-0.0006451134183891915,1.5188063864612864,0.023992856869593515,6210304.81898686,3433485.525068223
26.032265648656985,42.98930923997319,1511.2015025803,6.796278162514088,129.600167214317,1.5427377375110067,-0.0006190212186776128,1.5184039675267094,0.02433376998429737,6207316.5497504845,3430497.2558318474
26.13162544120911,43.67340480480649,1524.1471541262636,6.885034149748357,130.2906458784325,1.5426785782642098,-0.000595404290581317,1.5180017757326776,0.02467680253153226,6204325.685092389,3427506.3911737516
26.230985233761235,44.366383121654316,1537.1616435785584,6.974434014486044,130.9834603918585,1.5426215036601028,-0.000574423543376812,1.5175998861258722,0.0250216175342306,6201332.235769085,3424512.9418504476
26.33034502631336,45.06830756370585,1550.2452029683461,7.06447169445618,131.6786101674251,1.542566236302879,-0.000556234627751911,1.5171983613525128,0.025367874950366076,6198336.210239265,3421516.916320628
26.429704818865485,45.77924094877963,1563.3980641785768,7.155141600167992,132.37609371346377,1.5425124833191368,-0.0005409933169295329,1.516797258762497,0.025715224556639882,6195337.618569846,3418518.3246512087
26.52906461141761,46.49924549873681,1576.620458853824,7.246437733648163,133.07590863085187,1.5424599356013906,-0.0005288629977631167,1.5163966371262294,0.0260632984751612,6192336.47220578,3415517.1782871424
26.628424403969735,47.228382959827854,1589.9126184628549,7.338355308144605,133.77805315019725,1.5424082678978421,-0.0005200061536104523,1.5159965451304427,0.026411722767399448,6189332.781672593,3412513.487753955
26.72778419652186,47.96671460204221,1603.2747740677855,7.430889530360176,134.48252317878473,1.542357139075756,-0.0005145826171011444,1.5155970294613386,0.026760109614417438,6186326.560940685,3409507.2670220463
26.827143989073985,48.71430131419307,1616.7071564245286,7.524036563971927,135.18931563485444,1.542306191926244,-0.000512754185606517,1.5151981290776368,0.027108062848607117,6183317.822830866,3406498.5289122276
26.92650378162611,49.47120360019081,1630.2099958662454,7.617792535151019,135.89842626365132,1.5422550525406427,-0.0005146889328942267,1.5147998818174413,0.02745517072320136,6180306.582000182,3403487.288081544
27.025863574178235,50.23748169909457,1643.7835223269783,7.712154778319958,136.60985104826875,1.5422033304724867,-0.0005205533025736829,1.5144023158948934,0.02780101457759332,6177292.852415276,3400473.5584966377
27.12522336673036,51.0131955551629,1657.4279651351258,7.80712032647786,137.3235838932467,1.5421506186804017,-0.0005305143129937856,1.514005460151638,0.02814515852876376,6174276.651945094,3397457.3580264556
27.224583159282485,51.7984050020889,1671.1435531644477,7.9026880668461175,138.03962022290256,1.5420964935378427,-0.0005447388845004842,1.513609329928186,0.02848716360965664,6171257.995241747,3394438.701323109
27.32394295183461,52.593169745226525,1684.9305146526294,7.99885670776411,138.75795363550858,1.5420405144808143,-0.0005633974829319427,1.5132139406516236,0.028826573829190627,6168236.900399666,3391417.6064810283
27.423302744386735,53.39754946300447,1698.7890772369349,8.095625978244142,139.47857808816246,1.541982223895505,-0.0005866617050228772,1.5128193001398462,0.029162923755658765,6165213.384592526,3388394.0906738876
27.52266253693886,54.21160386449486,1712.7194678873616,8.1929961866952,140.20148686520898,1.5419211467565102,-0.0006147067885906149,1.512425411510415,0.029495735246095167,6162187.4663691,3385368.1724504624
27.622022329490985,55.035392769511624,1726.7219128138695,8.29096844767049,140.9266723172956,1.5418567908263536,-0.0006477059633821158,1.5120322715801735,0.029824519246180126,6159159.165423268,3382339.8715046304
27.72138212204311,55.86897616881805,1740.7966374245639,8.389544481678671,141.6541263742115,1.5417886465603647,-0.00068583341650234,1.511639872637307,0.030148773923057703,6156128.502134554,3379309.2082159156
27.820741914595235,56.71241439348993,1754.9438663606197,8.488727713772043,142.3838413172401,1.5417161872417198,-0.00072926197593427,1.5112481951874506,0.0304679920542692,6153095.495961215,3376276.2020425773
27.92010170714736,57.56576809928978,1769.1638234028353,8.58852141173865,143.11580848717603,1.541638868002932,-0.0007781743178164565,1.5108572206868098,0.030781647316122207,6150060.168423988,3373240.87450535
28.019461499699485,58.4290983954661,1783.4567313392515,8.688930139657849,143.85001789247647,1.5415561267750002,-0.0008327435656466526,1.5104669212766024,0.031089205498397776,6147022.5428759465,3370203.248957309
28.11882129225161,59.30246692802113,1797.8228120379033,8.789959299651784,144.5864602738087,1.54146738309987,-0.0008931547948199111,1.5100772640304982,0.031390119069371725,6143982.640830346,3367163.346911709
28.218181084803735,60.18593598562963,1812.2622863525037,8.891615359855038,145.3251254225919,1.5413720387646759,-0.0009595866974470766,1.5096882088311943,0.03168382993348162,6140940.48609128,3364121.1921726423
28.31754087735586,61.079568623435584,1826.775374143478,8.993906034346246,146.06600334195042,1.541269477244566,-0.0010322235732930047,1.509299707807846,0.03196976943672003,6137896.101311336,3361076.807392698
28.416900669907985,61.98342874204815,1841.3622941059102,9.096839832252872,146.80908230338284,1.5411590642404318,-0.0011112443101800888,1.5089117077861307,0.0322473564543011,6134849.511892065,3358030.2179734265
28.51626046246011,62.897581190815,1856.0232638286348,9.200426302090683,147.5543511731171,1.541040146644175,-0.001196838209928237,1.5085241497382897,0.03251599690588525,6131800.742312575,3354981.448393936
28.615620255012235,63.82209192280983,1870.7584997889003,9.30467655223624,148.301798763671,1.540912053103633,-0.0012891888887024685,1.5081369651793701,0.03277508792426298,6128749.816817876,3351930.5228992375
28.71498004756436,64.75694514248293,1885.568232488664,9.408767829126301,149.05156622578704,1.540773536977476,-0.0013940863059321786,1.5077557233753769,0.0330178136020991,6125696.579816687,3348877.2858980484
28.814339840116485,65.702119473872,1900.452691803289,9.51264396907033,149.80364725315147,1.5406232880748432,-0.0015121700516241275,1.5073807230969203,0.033242564977922884,6122641.053964615,3345821.7600459764
28.91369963266861,66.6575936466672,1915.412105862049,9.616306035400962,150.5580242723612,1.5404599694380787,-0.0016437095184034616,1.5070118731337863,0.03344809630429246,6119583.274985684,3342763.981067046
29.013059425220735,67.62334677481091,1930.4467010372198,9.719757895398862,151.31467960023522,1.5402822175521247,-0.00178897199147122,1.5066490648656607,0.03363315268646394,6116523.279284795,3339703.985366157
29.11241921777286,68.59935860011849,1945.5567016874895,9.823005868249393,152.07359297114817,1.5400886435277406,-0.0019482128475928515,1.5062921739797923,0.03379646954794824,6113461.106011215,3336641.8120925766
29.211779010324985,69.5856097040588,1960.7423303396974,9.926058404589599,152.834745948582,1.539877831654946,-0.0021217020223148124,1.5059410648137366,0.03393676684120939,6110396.791783882,3333577.4978652443
29.31113880287711,70.58208189361984,1976.0038074828983,10.028927838574853,153.5981180233882,1.5396483419279507,-0.0023096840391936577,1.5055955776767591,0.034052764251191636,6107330.375965421,3330511.0820467835
29.410498595429235,71.58875832120192,1991.3413515556192,10.131627711017625,154.36368855817108,1.5393987084871157,-0.002512419102567408,1.5052555475449516,0.034143160942164075,6104261.897222295,3327442.603303658
29.50985838798136,72.60562385702015,2006.7551789327185,10.234175310750155,155.1314367832737,1.5391274408861737,-0.0027301546629113164,1.5049207879105901,0.03420665297558356,6101191.394671111,3324372.100752474
29.609218180533485,73.63266534734517,2022.2455038859937,10.336590525651648,155.90134153257753,1.5388330238645072,-0.0029631404625986746,1.5045910985721305,0.034241925292376685,6098118.907419904,3321299.6135012666
29.70857797308561,74.66992480464445,2037.81255754399,10.439428572227648,156.67357245969916,1.5385143419990022,-0.0032073523637626486,1.5042629617394152,0.03425138025958696,6095044.083532237,3318224.7896136
29.807937765637735,75.71747125612248,2053.456576273444,10.542961338495811,157.44818228406825,1.5381704506242058,-0.003461071787322739,1.5039346723807054,0.034235778243500326,6091966.806991007,3315147.51307237
29.90729755818986,76.77537821783,2069.1777932640603,10.647234002149473,158.22513903064493,1.5378003931937374,-0.003724418308082473,1.5036059500667722,0.03419444312696518,6088887.133459681,3312067.839541043
30.006657350741985,77.84372387924874,2084.976438476592,10.752293598623114,159.00441020188052,1.5374032007314473,-0.003997517024622493,1.5032765078164902,0.03412669291495707,6085805.118589758,3308985.8246711204
30.10601714329411,78.92259128498942,2100.8527385127136,10.858188992037999,159.78596199053402,1.536977892808328,-0.00428048320346655,1.5029460521426892,0.0340318406656388,6082720.820312055,3305901.5263934177
30.205376935846235,80.0120685152139,2116.80691666609,10.964970862362781,160.5697611033803,1.5365234765146005,-0.004573442456505568,1.502614284092022,0.033909192422578505,6079634.295398943,3302815.0014803065
30.30473672839836,81.11224887939728,2132.8391928434203,11.072691839671592,161.35577345252304,1.5360389469209652,-0.004876515753402502,1.5022808980437066,0.03375804887725864,6076545.6006100755,3299726.3066914394
30.404096520950485,82.22323110640225,2148.949783563045,11.181406467028694,162.14396493604775,1.5355232862791501,-0.00518983210985018,1.5019455824639283,0.03357770381522185,6073454.792692218,3296635.4987735823
30.50345631350261,83.34511953735642,2165.1389019012627,11.291171228700051,162.9343009117539,1.5349754645542861,-0.00551351518348504,1.5016080196957764,0.03336744485850973,6070361.928837236,3293542.6349186
30.602816106054735,84.4780243245907,2181.40675743825,11.402044611153347,163.72674619316612,1.5343944388136634,-0.005847694783761586,1.5012678857707238,0.033126553042939655,6067267.065765551,3290447.7718469156
30.70217589860686,85.62206162363688,2197.753556268692,11.514087033202966,164.52126570077334,1.5337791532665905,-0.006192500318981827,1.5009248512944815,0.032854301972109035,6064170.260413242,3287350.9664946054
30.801535691158985,86.77735380105527,2214.1795009339876,11.627361005331162,165.3178236727704,1.5331285393112655,-0.00654806072570874,1.5005785803259075,0.03254995898535795,6061071.569702775,3284252.2757841395
30.90089548371111,87.94402962555579,2230.6847903800863,11.741930961545114,166.11638392300188,1.5324415151368287,-0.0069145089456207395,1.500228731683485,0.03221278345334366,6057971.050313842,3281151.756395206
31.000255276263236,89.12222449533104,2247.269619993161,11.857863623831065,166.91691062432406,1.5317169856590316,-0.007291978567858787,1.4998749572647558,0.031842028394275745,6054868.757767291,3278049.4638486556
31.09961506881536,90.31208063566017,2263.934181582902,11.975227702945297,167.719367781474,1.530953841797685,-0.0076806104536340635,1.4995169038061056,0.03143693799157932,6051764.747112238,3274945.453193603
31.198974861367486,91.51374730585424,2280.678663274112,12.09409399243307,168.52371830813962,1.5301509610833819,-0.008080539357826702,1.4991542120960109,0.030996748987371037,6048659.074299764,3271839.780381129
31.29833465391961,92.72738102617195,2297.503249606637,12.214535569617095,169.32992612377663,1.5293072065549667,-0.008491911131685083,1.498786516850046,0.03052068970492061,6045551.793435227,3268732.499516593
31.397694446471736,93.9531457855674,2314.408121373942,12.336627602683272,170.13795352316637,1.5284214275377002,-0.00891486379464677,1.4984134469154735,0.03000798062222665,6042442.959525699,3265623.6656070645
31.49705423902386,95.19121326779083,2331.393455657037,12.46044753539423,170.94776314256487,1.5274924588035508,-0.00934954381735386,1.498034625187645,0.029457833615905704,6039332.626190499,3262513.3322718646
31.596414031575986,96.4417630672844,2348.459425884316,12.586074984380643,171.75931822045365,1.5265191202375978,-0.009796101027911135,1.4976496694950696,0.028869450742528224,6036220.84611923,3259401.552200595
31.69577382412811,97.70498292755246,2365.6062017210756,12.713591965335075,172.5725808834041,1.5255002167571112,-0.010254686068835851,1.4972581907286373,0.02824202602847392,6033107.671758498,3256288.3778398633
31.795133616680236,98.98106895869682,2382.833949076265,12.843082683318856,173.38751332589004,1.5244345379022903,-0.01072545370162462,1.4968597947304925,0.027574743171797866,6029993.155082983,3253173.861164348
31.89449340923236,100.27022587007767,2400.1428300957664,12.974633684994131,174.20407767478645,1.523320857697948,-0.011208560079854935,1.4964540815195688,0.02686677617837918,6026877.347137761,3250058.053219126
31.993853201784486,101.57266720830856,2417.5330030635623,13.108333912307705,175.02223506226463,1.522157934462492,-0.011704163279586479,1.4960406447600207,0.02611728970247129,6023760.298496062,3246941.0045774267
32.09321299433661,102.8886155915805,2435.004622420307,13.244274665545133,175.84194680739267,1.520944510615595,-0.01221242331258338,1.4956190726418024,0.02532543797379261,6020642.059259258,3243822.7653406234
32.19257278688874,104.21830295423874,2452.5578387946416,13.382549706518923,176.66317454442995,1.5196793114503142,-0.012733512548519132,1.4951889475150286,0.024490363935285586,6017522.6776842,3240703.383765565
32.29193257944087,105.56197078687171,2470.1927989029455,13.523255213400944,177.48587889867363,1.518361045379077,-0.013267600881369404,1.494749845747553,0.023611199631524027,6014402.202013708,3237582.9080950734
32.391292371992996,106.9198703874857,2487.9096455534836,13.666489892293276,178.31002053716665,1.5169884036923853,-0.013814860633607729,1.494301337707595,0.0226870659847902,6011280.679561465,3234461.3856428303
32.490652164545125,108.29226309997733,2505.7085175713,13.812354849388809,179.13555937104667,1.5155600601353627,-0.01437546838952275,1.493842988299701,0.021717071835661628,6008158.156483437,3231338.8625648026
32.59001195709725,109.6794205776585,2523.589549788238,13.960953843109548,179.96245521101582,1.5140746702871684,-0.0149496069792515,1.4933743559969628,0.02070031429020558,6005034.678921611,3228215.3850029767
32.68937174964938,111.08162503079024,2541.5528729929974,14.112393123165017,180.79066736512507,1.512530871811064,-0.015537456716150247,1.4928949937269014,0.01963587808416256,6001910.292089108,3225090.998170474
32.78873154220151,112.49916949426674,2559.598613906929,14.266781633353684,181.6201548978115,1.5109272831482292,-0.01613921105957979,1.4924044480197223,0.018522835128506943,5998785.039584333,3221965.745665699
32.88809133475364,113.93235808916593,2577.72689511981,14.424230949831193,182.45087622712552,1.5092625033581284,-0.016755065075518435,1.491902259339721,0.0173602440184073,5995658.964077291,3218839.670158657
32.98745112730577,115.38150627978821,2595.9378350381485,14.584855235703358,183.28278925084226,1.507535112100253,-0.017385214013699753,1.4913879625400701,0.016147149560182816,5992532.108224267,3215712.814305633
33.086810919857896,116.84694114922638,2614.23154783283,14.748771427530606,184.1158513398116,1.505743668570579,-0.01802986382780695,1.490861085997466,0.014882582573112924,5989404.513296016,3212585.219377381
33.186170712410025,118.32900167208285,2632.608143372938,14.916099206617737,184.9500191988341,1.5038867109287457,-0.01868922623664853,1.4903211518685269,0.013565559060218835,5986276.21940666,3209456.9254880245
33.28553050496215,119.82803898926542,2651.0677271984614,15.086961019933067,185.78524925803512,1.5019627562345945,-0.0193635135977348,1.4897676763010135,0.012195079933581043,5983147.265971079,3206327.972052443
33.38489029751428,121.34441668320709,2669.610400386759,15.261482084376787,186.621496603565,1.4999703002048523,-0.020052940717412215,1.4892001690984018,0.010770131106450531,5980017.692162108,3203198.3982434715
33.48425009006641,122.87851106340636,2688.2362595105774,15.439790490649997,187.45871589905823,1.4979078163619197,-0.020757730968999,1.488618133714368,0.0092896826475517,5976887.535767794,3200068.241849158
33.58360988261854,124.43071145404946,2706.9453965425228,15.622017224208452,188.29686084670575,1.4957737553338333,-0.02147811477129418,1.4880210670616294,0.007752688272203878,5973756.833191712,3196937.539273076
33.68296967517067,126.00142048866778,2725.73789879837,15.808296236068436,189.13588457814663,1.4935665444971287,-0.022214326137472575,1.4874084594612944,0.00615808503583426,5970625.620595784,3193806.326677148
33.782329467722796,127.59105439199304,2744.6138487869816,15.998764313958427,189.97573871451783,1.4912845873945586,-0.022966604941056675,1.4867797950579373,0.004504792336621266,5967493.933214781,3190674.6392961447
33.881689260274925,129.20004328867162,2763.573324165103,16.193561352641403,190.81637442202597,1.4889262630601108,-0.02373519784887474,1.4861345510079007,0.0027917120522100713,5964361.8048995705,3187542.5109809344
33.98104905282705,130.8288314991727,2782.61639762517,16.39283022502877,191.6577417377032,1.4864899254872121,-0.024520356879977955,1.4854721980108907,0.0010177274763214506,5961229.268574331,3184409.9746556953
34.08040884537918,132.47787784768406,2801.743136742403,16.596716902827804,192.49978915967077,1.48397390298166,-0.02532234056579841,1.4847921996433835,-0.0008182966617233944,5958096.356922002,3181277.063003366
34.17976863793131,134.1476559753834,2820.953603900343,16.805370510645464,193.34246443662718,1.4813764971996344,-0.026141417119635968,1.4840940125763193,-0.0027175153766849647,5954963.1007853905,3178143.8068667552
34.27912843048344,135.8386546342231,2840.2478560961163,17.018943129863825,194.18571335735666,1.4786959832362578,-0.026977853863474843,1.483377087185494,-0.004681103949236265,5951829.530994755,3175010.2370761195
