time[s],x[m],y[m],vx[m/s],vy[m/s],theta[rad],theta_dot[rad/s],alpha[rad],gamma[rad],mass[kg],mass_propellant[kg],gimbalanglecommanded[deg],u0
120.19999999999743,53155.41469827493,42704.937673337736,1615.0208504647157,596.3448750905608,0.3762686398550553,0.019539586954888135,0.022549427953608092,0.35371921190144723,863842.1922474666,478009.12605410046,-10.0,-1.0
120.29999999999742,53317.0662512033,42764.60290688182,1616.5155292837026,596.6523354408346,0.3803878151553276,0.04119175300272305,0.02680168497740021,0.3535861301779274,863362.5067953041,477529.44060193794,-10.0,-1.0
120.39999999999742,53478.86071897613,42824.30835501952,1617.944677728324,597.0544813770815,0.3871229939953319,0.0673517884000429,0.03360505100994565,0.35351794298538625,862882.8213431416,477049.7551497754,-10.0,-1.0
120.49999999999741,53640.78680318884,42884.071065533804,1619.2608421271102,597.6271051428532,0.3971445257778644,0.10021531782532514,0.043579331751048056,0.35356519402681635,862403.1358909791,476570.0696976129,-10.0,-1.0
120.59999999999741,53802.82738747988,42943.91732009008,1620.4058429103884,598.4625455626966,0.41139646840913474,0.14251942631270365,0.05760705550135287,0.35378941290778193,861923.4504388166,476090.3842454504,-10.0,-1.0
120.6999999999974,53964.95799228526,43003.88499504167,1621.3060480537076,599.6767495159545,0.4311739442492653,0.1977747584013052,0.07690605300210211,0.3542678912471632,861443.764986654,475610.69879328785,-10.0,-1.0
120.7999999999974,54127.14462066239,43064.02679948699,1621.8662837712711,601.4180444531866,0.4582297960251425,0.27055851775877227,0.10313011668968541,0.3550996793354571,860964.0795344915,475131.01334112533,-10.0,-1.0
120.89999999999739,54289.34079652607,43124.4146201593,1621.9617586368174,603.8782067231527,0.49491832516034,0.3668852913519753,0.13850504872894875,0.3564132764313913,860484.394082329,474651.3278889628,-10.0,-1.0
120.99999999999739,54451.483282798115,43185.145826902924,1621.4248627204158,607.3120674362408,0.5443680431995459,0.49449718039205914,0.1859879574953915,0.3583800857041545,860004.7086301665,474171.6424368003,-8.266605273378424,-0.8266605273378425
121.09999999999738,54613.484809961374,43246.354184014606,1620.0152716326143,612.0835711168293,0.6106139866650108,0.662459434654648,0.24936820445098762,0.36124578221402315,859525.023178004,473691.95698463777,4.7608403751159685,0.47608403751159684
121.19999999999737,54775.22743495632,43308.21572908515,1617.426249949526,618.615450705425,0.6989485493379194,0.8833456267290859,0.33364582048365504,0.3653027288542644,859045.3377258414,473212.27153247525,10.0,1.0
121.29999999999737,54936.553182623866,43370.95812321898,1613.25747667543,627.4239413383715,0.8162251735181515,1.1727662418023215,0.44530909881146596,0.3709160747066856,858565.6522736789,472732.5860803127,10.0,1.0
121.39999999999736,55097.25039278503,43434.873963060134,1606.972101611605,639.1583984115621,0.9709334078679618,1.5470823434981018,0.5923761172579556,0.37855729061000615,858085.9668215164,472252.9006281502,10.0,1.0
121.49999999999736,55257.03606755962,43500.334801939265,1597.856747745891,654.6083887913437,1.1726937834939983,2.0176037562603666,0.7838713702923832,0.38882241320161515,857606.2813693539,471773.2151759877,10.0,1.0
121.59999999999735,55415.53495667801,43567.802211788476,1584.9888911839698,674.6740984921299,1.4303274629488087,2.576336794548103,1.0278937950796403,0.40243366786916845,857126.5959171914,471293.52972382517,10.0,1.0
121.69999999999735,55572.25958746903,43637.82806415288,1567.2463079101406,700.2585236440808,1.747191166524094,3.1686370357528517,1.3269947002366373,0.42019646628745694,856646.9104650288,470813.84427166265,10.0,1.0
121.79999999999734,55726.602468771474,43711.03112064989,1543.4288130244106,732.0305649700715,2.113067437661808,3.6587627113771424,1.6701997664274533,0.442867671234355,856167.2250128663,470334.1588195001,10.0,1.0
121.89999999999733,55877.85995527252,43788.03634619805,1512.5748650104317,770.0522554816732,2.4958961011207066,3.828286634588983,2.0249948167622054,0.4709012843585013,855687.5395607038,469854.4733673376,10.0,1.0
121.99999999999733,56025.304431494245,43869.376938623056,1474.444762217249,813.4059242500408,2.8430716159648033,3.471755148440965,2.338947688726385,0.5041239272384185,855207.8541085413,469374.7879151751,10.0,1.0
122.09999999999732,56168.294103250446,43955.38709374478,1429.8967175620114,860.1015512171986,3.098591163223089,2.5551954725828607,2.5570598608583306,0.5415313023647585,854728.1686563788,468895.10246301256,10.0,1.0
122.19999999999732,56306.37882715027,44046.13079237543,1380.8472389982808,907.436986306518,3.2241358564726506,1.255446932495614,2.6427439961425083,0.5813918603301421,854248.4832042162,468415.41701085004,10.0,1.0
122.29999999999731,56439.36641492913,44141.39559846935,1329.8758777885996,952.6480609392207,3.2083092967621485,-0.15826559710502,2.586698488995948,0.6216108077662008,853768.7977520537,467935.7315586875,10.0,1.0
122.3999999999973,56567.340093524246,44240.75464417448,1279.7367859511778,993.5904570512301,3.0656287580141655,-1.4268053874798328,2.405443250966465,0.6601855070477002,853289.1122998912,467456.046106525,-10.0,-1.0
122.4999999999973,56690.63564313124,44343.65037690577,1232.9554960698913,1028.9573273128658,2.831250673435398,-2.343780845787669,2.135797510415558,0.6954531630198402,852809.4268477287,466976.3606543625,-10.0,-1.0
122.5999999999973,56809.778452880404,44449.48990532253,1191.4280974916528,1058.3952841676667,2.5512173518337566,-2.8003332160164116,1.8248807546439099,0.7263365971898469,852329.7413955661,466496.67520219996,-10.0,-1.0
122.69999999999729,56925.39400981277,44557.71723329936,1156.155569323685,1082.273279768255,2.2683148275951948,-2.829025242385619,1.5159110019766668,0.7524038256185277,851850.0559434036,466016.98975003744,-10.0,-1.0
122.79999999999728,57038.1174072891,44667.85183999327,1127.2339747632916,1101.3460669391302,2.0114265884420153,-2.568882391531797,1.2376442265884653,0.7737823618535499,851370.3704912411,465537.3042978749,-10.0,-1.0
122.89999999999728,57148.52724266412,44779.499719924126,1104.0983537501604,1116.478799308538,1.7939799361352682,-2.1744665230674713,1.0030065026938866,0.7909734334413815,850890.6850390786,465057.6188457124,-10.0,-1.0
122.99999999999727,57257.11278451676,44892.34880557126,1085.855418526414,1128.490856471347,1.6185046128596878,-1.7547532327558018,0.8138546409525632,0.8046499719071248,850410.9995869161,464577.9333935499,-10.0,-1.0
123.09999999999727,57364.26723926158,45006.157947061685,1071.5445474482449,1138.0914149042942,1.481990423928244,-1.365141889314441,0.6664846953504246,0.8155057285778193,849931.3141347535,464098.24794138735,-10.0,-1.0
123.19999999999726,57470.29515361993,45120.74459225837,1060.2791435835543,1145.866451966857,1.3795620720269997,-1.0242835190124437,0.555388403687993,0.8241736683390066,849451.628682591,463618.56248922483,-10.0,-1.0
123.29999999999725,57575.424826466915,45235.973590239904,1051.2967284698448,1152.2899798153064,1.3063957797298889,-0.7316629229711062,0.47519836207063215,0.8311974176592569,848971.9432304285,463138.8770370623,-10.0,-1.0
123.39999999999725,57679.8207883565,45351.748001758315,1043.9596188958,1157.7441151840906,1.2585209862445834,-0.4787479348530572,0.421488556000314,0.8370324302442694,848492.257778266,462659.1915848998,-10.0,-1.0
123.49999999999724,57783.59429969495,45468.002017455176,1037.735113384533,1162.540156968585,1.2330623641971834,-0.2545862204740005,0.3910024493270288,0.8420599148701546,848012.5723261035,462179.50613273727,-10.0,-1.0
123.59999999999724,57886.811306817886,45584.69575049257,1032.1700712293234,1166.9373303739285,1.2282478673455233,-0.04814496851659902,0.3816435396296775,0.8466043277158459,847532.8868739409,461699.82068057475,-10.0,-1.0
123.69999999999723,57989.49791442654,45701.811569738435,1026.8660760865134,1171.1581924586746,1.2433414213201819,0.1509355397465836,0.39239103437716255,0.8509503869430194,847053.2014217784,461220.1352284122,-10.0,-1.0
123.79999999999723,58091.643626648365,45819.3516367268,1021.4571222182419,1175.400669883691,1.2785649496175049,0.35223528297322837,0.4232067223858679,0.8553582272316368,846573.5159696159,460740.4497762497,-10.0,-1.0
123.89999999999722,58193.19832160556,45937.3381715312,1015.5469495719358,1179.86534804397,1.3348996450545285,0.5633469543702377,0.47479451627435987,0.8601051287801686,846093.8305174534,460260.7643240872,3.170984235252906,0.3170984235252906
123.99999999999721,58294.07432877883,46055.81049353352,1008.7600717326684,1184.7232200232459,1.4140657214172518,0.7916607636272339,0.5486181060792811,0.8654476153379708,845614.1450652909,459781.07887192466,10.0,1.0
124.09999999999721,58394.14730896849,46174.8225707705,1000.729801896614,1190.120772369767,1.5184446064954658,1.0437888507821418,0.6468144992114865,0.8716301072839795,845134.4596131283,459301.39341976214,10.0,1.0
124.1999999999972,58493.253777143465,46294.441526725,991.0646817497552,1196.189559544984,1.6508005123824894,1.3235590588702328,0.771893937118172,0.878906575264317,844654.7741609658,458821.7079675996,10.0,1.0
124.2999999999972,58591.18847395884,46414.74531746893,979.3469681537434,1203.0379074392672,1.8137555201355977,1.6295500775310867,0.9262156661275369,0.8875398540080608,844175.0887088033,458342.0225154371,10.0,1.0
124.39999999999719,58687.70286766383,46535.81891856268,965.1439370498351,1210.7360109375159,2.0088744431910626,1.951189230554647,1.1110817278998133,0.8977927152912492,843695.4032566408,457862.3370632746,10.0,1.0
124.49999999999719,58782.50679793072,46657.748449849634,948.0393026689213,1219.2953128695153,2.2352613810752215,2.2638693788415916,1.325354135886334,0.9099072451888875,843215.7178044782,457382.65161111206,10.0,1.0
124.59999999999718,58875.27589971625,46780.61313969826,927.6910178553106,1228.6468984862252,2.487795573889519,2.5253419281429768,1.5637251395009053,0.924070434388614,842736.0323523157,456902.96615894954,10.0,1.0
124.69999999999717,58965.66721090749,46904.476004108816,903.9131119124073,1238.6286441055597,2.755609716971599,2.678141430820806,1.81524060722408,0.9403691097475194,842256.3469001532,456423.280706787,10.0,1.0
124.79999999999717,59053.34330705624,47029.3752202264,876.7609614874359,1248.9921611758664,3.021912652656204,2.6630293568460477,2.0631663973744354,0.958746255281769,841776.6614479907,455943.5952546245,10.0,1.0
124.89999999999716,59138.00147377919,47155.31842444178,846.5816672295448,1259.4320421537925,3.266087947554676,2.4417529489847136,2.2871105398915805,0.978977407663095,841296.9759958282,455463.909802462,10.0,1.0
124.99999999999716,59219.401172534774,47282.28096359276,813.9969875558253,1269.6253915098437,3.4676886002427483,2.016006526880726,2.4670078491959995,1.0006807510467486,840817.2905436656,454984.22435029945,10.0,1.0
125.09999999999715,59297.383438171775,47410.20756111532,779.8226563700317,1279.2659752255663,3.610485770380677,1.4279717013792865,2.587127690214854,1.0233580801658226,840337.6050915031,454504.53889813693,10.0,1.0
125.19999999999715,59371.877618859406,47539.01722488601,744.9418068762775,1288.0966377069003,3.684789543017528,0.7430377263685086,2.638324662170756,1.0464648808467716,839857.9196393406,454024.8534459744,10.0,1.0
125.29999999999714,59442.900574917934,47668.60970631441,710.2295605852687,1295.924814284023,3.687900808443493,0.031112654259653594,2.6184481320731794,1.069452676370313,839378.2341871781,453545.1679938119,10.0,1.0
125.39999999999714,59510.55146088755,47798.873898779224,676.5088596962074,1302.6419246481496,3.6236216114811897,-0.6427919696230329,2.5318217725377203,1.0917998389434693,838898.5487350156,453065.48254164937,8.592454239996986,0.8592454239996986
125.49999999999713,59574.99646370979,47929.7034221131,644.4500282223137,1308.2952333387884,3.5015197173829127,-1.2210189409827705,2.388423527228658,1.1130961901542544,838418.863282853,452585.79708948685,-10.0,-1.0
125.59999999999712,59636.459028342695,48061.00143386739,614.6256463290981,1312.9801175428372,3.3354441069538883,-1.6607561042902457,2.202463578639107,1.1329805283147811,837939.1778306905,452106.1116373243,-10.0,-1.0
125.69999999999712,59695.20361821018,48192.688059583335,587.4458986748859,1316.866257159519,3.1415628880705433,-1.938812188833453,1.9903673607416954,1.1511955273288474,837459.492378528,451626.4261851618,-10.0,-1.0
125.79999999999711,59751.518689329096,48324.70297053059,563.1507111891576,1320.149109472564,2.935871956665077,-2.056909314054659,1.7682847539134356,1.1675872027516414,836979.8069263655,451146.7407329993,-10.0,-1.0
125.8999999999971,59805.70011906322,48457.003455658225,541.814297341281,1323.0048512763517,2.7319074938701124,-2.0396446279496465,1.5498086361892345,1.1820988576808782,836500.121474203,450667.05528083676,-10.0,-1.0
125.9999999999971,59858.036568317075,48589.559956378,523.3644925385,1325.5650071977116,2.539426768671545,-1.9248072519856774,1.3446665496961876,1.1947602189753572,836020.4360220404,450187.36982867424,-10.0,-1.0
126.0999999999971,59908.798176327036,48722.35132570825,507.61608009959315,1327.9136933025302,2.3642659414039673,-1.7516082726757747,1.158595094623131,1.2056708467808364,835540.7505698779,449707.6843765117,-10.0,-1.0
126.19999999999709,59958.22932147679,48855.36120012051,494.3114514975869,1330.0987441225955,2.209020499652071,-1.552454417518961,0.9940415826125761,1.214978917039495,835061.0651177154,449227.9989243492,-10.0,-1.0
126.29999999999708,60006.545258292055,48988.575796870966,483.15936815262455,1332.145967504564,2.074026299128999,-1.3499420052307225,0.8511671031092223,1.2228591960197766,834581.3796655529,448748.3134721867,-10.0,-1.0
126.39999999999708,60053.931774242476,49121.98282801735,473.86515950422927,1334.070311463879,1.9582683075888987,-1.1575799154010025,0.7287740379880024,1.2294942696008961,834101.6942133904,448268.62802002416,-10.0,-1.0
126.49999999999707,60100.546803406585,49255.571082599374,466.1502916411099,1335.8825458201911,1.8600617364089824,-0.9820657117991609,0.6250005585845813,1.2350611778244014,833622.0087612278,447788.94256786164,-10.0,-1.0
126.59999999999707,60146.52306740092,49389.330328304415,459.76263994337216,1337.592457050442,1.7774962926545492,-0.8256544375443313,0.5377727968202617,1.2397234958342878,833142.3233090653,447309.2571156991,-10.0,-1.0
126.69999999999706,60191.97107991051,49523.25132767534,454.4801250958946,1339.2099937092219,1.7086949190250698,-0.6880137362947971,0.46506720295939386,1.243627716065676,832662.6378569028,446829.5716635366,-10.0,-1.0
126.79999999999706,60236.98210820189,49657.32587158514,450.1102829138313,1340.7454390980563,1.6519473412799932,-0.5674757774507648,0.40504482740422115,1.2469025138757721,832182.9524047403,446349.8862113741,-10.0,-1.0
126.89999999999705,60281.6308774587,49791.54679448553,446.4876925680986,1342.209229003955,1.6057671962073168,-0.46180145072676676,0.35610750024089644,1.2496596959664201,831703.2669525777,445870.20075921156,-10.0,-1.0
126.99999999999704,60325.97792787789,49925.90796519025,443.4705041918572,1343.6117070471335,1.568906316667356,-0.3686087953996026,0.3169103309220971,1.2519959857452592,831223.5815004152,445390.51530704903,-10.0,-1.0
127.09999999999704,60370.0716058547,50060.40425800853,440.93677976806384,1344.9629281828147,1.5403472093004047,-0.28559107366951647,0.28635209120568317,1.2539951180947215,830743.8960482527,444910.8298548865,-10.0,-1.0
127.19999999999703,60413.94970712312,50195.03151147131,438.7810126842684,1346.27253462779,1.519286049822823,-0.21061159477581645,0.2635561028469264,1.2557299469758967,830264.2105960902,444431.144402724,-10.0,-1.0
127.29999999999703,60457.64080538094,50329.78648085569,436.91098257818476,1347.5496938437998,1.5051130045119034,-0.14173045310919408,0.24784858639049334,1.2572644181214103,829784.5251439277,443951.4589505615,-10.0,-1.0
127.39999999999702,60501.16530406607,50464.666788650495,435.2449868512442,1348.8030779480246,1.4973933932388315,-0.07719611273072367,0.23873804598890683,1.2586553472499244,829304.8396917651,443471.77349839895,-10.0,-1.0
127.49999999999702,60544.53624727589,50599.670874981035,433.70943209827965,1350.0408633054244,1.495851325731346,-0.015420675074854777,0.23589733314742256,1.2599539925839232,828825.1542396026,442992.08804623643,-10.0,-1.0
127.59999999999701,60587.75992161289,50734.797948115076,432.23674336996436,1351.2707313404214,1.5003563997304092,0.04505073999063569,0.23914896524974075,1.2612074344806685,828345.4687874401,442512.4025940739,-10.0,-1.0
127.699999999997,60630.83627579064,50870.04793349197,430.7635417775432,1352.4998537689605,1.5109134810543619,0.10557081323952515,0.24845369620932958,1.2624597848450323,827865.7833352776,442032.7171419114,-10.0,-1.0
127.799999999997,60673.759180086265,51005.42141812776,429.22904295620447,1353.7348463578028,1.5276552638457814,0.16741782791419654,0.26390201299245564,1.2637532508533258,827386.097883115,441553.03168974887,-10.0,-1.0
127.899999999997,60716.51654367514,51140.91958558574,427.5736358887353,1354.981674579841,1.5508370926724322,0.23181828826650808,0.2857080178656013,1.265129074806831,826906.4124309525,441073.34623758635,-10.0,-1.0
127.99999999999699,60759.08826501052,51276.544486629944,425.71721335375236,1356.2490104420758,1.580779489369091,0.2994239669665868,0.31413669058482285,1.266642798784268,826426.72697879,440593.6607854238,-4.319677363996146,-0.43196773639961455
128.09999999999698,60801.445888218055,51412.29872001895,423.5762320753836,1357.5423338901232,1.617857044897004,0.37077555527912975,0.3495054610573367,1.2683515838396673,825947.0415266275,440113.9753332613,2.6044362067717657,0.2604436206771766
128.19999999999698,60843.55252223932,51548.18483640901,421.06634021266933,1358.8611639005799,1.6624931902401854,0.44636145343181194,0.39218126210416293,1.2703119281360222,825467.356074465,439634.2898810988,10.0,1.0
128.29999999999697,60885.3652523313,51684.204630885244,418.1273009198119,1360.1979447623564,1.7152372308020079,0.527440405618228,0.4426744341425302,1.2725627966594777,824987.6706223025,439154.60442893626,10.0,1.0
128.39999999999696,60926.83522440646,51820.358840897294,414.6997207515848,1361.542100120482,1.776740881957939,0.6150365115593113,0.5015986951938185,1.2751421867641204,824507.9851701399,438674.91897677374,10.0,1.0
128.49999999999696,60967.907377353826,51956.64679163967,410.7215294736866,1362.8795074237514,1.8477361730020343,0.7099529104409542,0.5696466785837213,1.278089494418313,824028.2997179774,438195.2335246112,10.0,1.0
128.59999999999695,61008.5201979471,52093.06594936654,406.1282059327794,1364.1915772686257,1.929001612486246,0.812654394842115,0.6475562932469003,1.2814453192393453,823548.6142658149,437715.5480724487,10.0,1.0
128.69999999999695,61048.60556373137,52229.611373524895,400.8536578426998,1365.4542415835763,2.021311281601994,0.9230966911574828,0.7360604272036221,1.285250854398372,823068.9288136524,437235.8626202862,10.0,1.0
128.79999999999694,61088.088757835234,52366.275069319556,394.8319410386231,1366.636957946628,2.125360868864211,1.0404958726221691,0.8358141065534803,1.2895467623107306,822589.2433614898,436756.17716812366,10.0,1.0
128.89999999999694,61126.88876080524,52503.045261446896,388.0000297000729,1367.7019212733699,2.2416649635616217,1.1630409469741096,0.9472935349926467,1.294371428568975,822109.5579093273,436276.49171596114,10.0,1.0
128.99999999999693,61164.918940907846,52639.905639667915,380.30180102608097,1368.6037822101775,2.370422298690956,1.287573351293344,1.070663773135735,1.299758525555221,821629.8724571648,435796.8062637986,10.0,1.0
129.09999999999692,61202.08826563212,52776.834667518364,371.6932472427599,1369.290278504477,2.5113514410794164,1.409291423884606,1.2056175249224583,1.305733916156958,821150.1870050023,435317.1208116361,10.0,1.0
129.19999999999692,61238.30312903273,52913.805090874455,362.14863400608533,1369.7042335609508,2.663509780647574,1.5215833956815759,1.351197676111772,1.312312104535802,820670.5015528398,434837.4353594736,10.0,1.0
129.2999999999969,61273.46981770064,53050.78381809015,351.6668866791357,1369.787272156967,2.8251232002159155,1.6161341956834125,1.5056305145461124,1.319492685669803,820190.8161006772,434357.74990731105,10.0,1.0
129.3999999999969,61307.49751766623,53187.732342857445,340.27699965581576,1369.4852476728954,2.993468910062744,1.6834570984682886,1.6662114166608408,1.3272574934019037,819711.1306485147,433878.06445514853,10.0,1.0
129.4999999999969,61340.30161334989,53324.60781747893,328.0409568366501,1368.7547462148511,3.1648617675957222,1.7139285753297853,1.8292925029427376,1.3355692646529849,819231.4451963522,433398.379002986,10.0,1.0
129.5999999999969,61371.80689649076,53461.36474785764,315.05283140866027,1367.5693037871142,3.334784989333301,1.699232217375783,1.9904125229869225,1.3443724663463787,818751.7597441897,432918.6935508235,10.0,1.0
129.6999999999969,61401.950254787014,53597.95710224329,301.4335829625684,1365.9235438564906,3.49817414070606,1.6338915137275885,2.144577733391094,1.3535964073149658,818272.0742920272,432439.00809866097,10.0,1.0
129.79999999999688,61430.68249334404,53734.34047790728,287.3223855702488,1363.8337566399293,3.6498161723186255,1.5164203161256578,2.2866561311161964,1.3631600412024292,817792.3888398646,431959.32264649845,10.0,1.0
129.89999999999688,61457.9691403077,53870.473936506096,272.86646963663765,1361.334585988137,3.7847845029863416,1.3496833066771603,2.411807176303,1.3729773266833425,817312.7033877021,431479.6371943359,10.0,1.0
129.99999999999687,61483.790316981605,54006.32123216815,258.2117667390181,1358.4729566205588,3.898819902107753,1.140353991214108,2.5158579215265,1.3829619805812525,816833.0179355396,430999.9517421734,10.0,1.0
130.09999999999687,61508.139912025654,54141.851365413255,243.49595044046893,1355.3013324510896,3.9885922708124384,0.897723687046865,2.5955613292789304,1.393030941533508,816353.3324833771,430520.2662900109,10.0,1.0
130.19999999999686,61531.02433953695,54277.038599185355,228.84427511295024,1351.8723377210129,4.051825070676737,0.6323279986429856,2.648718556591964,1.4031065140847734,815873.6470312146,430040.58083784836,10.0,1.0
130.29999999999686,61552.46110569463,54411.86218799938,214.36766157682302,1348.2358881402818,4.08730653944889,0.35481468772152724,2.674188949561997,1.4131175898868926,815393.961579052,429560.89538568584,10.0,1.0
130.39999999999685,61572.47732091908,54546.30607690227,200.16215224452463,1344.4388890288676,4.094832188981574,0.07525649532683548,2.671831796877586,1.4230003921039873,814914.2761268895,429081.2099335233,10.0,1.0
130.49999999999685,61591.10822713328,54680.35875519433,186.30906214197535,1340.5267829205939,4.075119427102989,-0.19712761878584592,2.642420448949673,1.4326989781533164,814434.590674727,428601.5244813608,10.0,1.0
130.59999999999684,61608.39067565565,54814.01612365158,172.82448522379033,1336.5736845724905,4.029866358277805,-0.45253068825184484,2.587660660507781,1.442205697770024,813954.9052225645,428121.8390291983,-5.709807172993088,-0.5709807172993088
130.69999999999683,61624.366350421056,54947.280083196296,159.75674765400765,1332.6395954472093,3.9615301192639216,-0.6833623901388337,2.510044355883925,1.4514857633799965,813475.219770402,427642.15357703576,-10.0,-1.0
130.79999999999683,61639.08231787382,55080.15839699408,147.15967452762519,1328.7831379778067,3.8731672394793693,-0.8836287978455291,2.4126691389466237,1.460498100532745,812995.5343182394,427162.46812487324,-10.0,-1.0
130.89999999999682,61652.59021378233,55212.66511977081,135.07895908509772,1325.0672277673636,3.7682885376219017,-1.0487870185746684,2.29908248362678,1.4692060539951217,812515.8488660769,426682.7826727107,-10.0,-1.0
130.99999999999682,61664.9456283983,55344.82063754947,123.55414615975003,1321.5551777865512,3.6506770912986863,-1.1761144632321585,2.173101269378053,1.477575821920633,812036.1634139144,426203.0972205482,-10.0,-1.0
131.0999999999968,61676.20762010986,55476.65122123897,112.6199171156013,1318.3058368950049,3.524178103179586,-1.2649898811909994,2.0386026290188397,1.485575474160746,811556.4779617519,425723.4117683857,-10.0,-1.0
131.1999999999968,61686.4382515448,55608.188091510994,102.30631434938873,1315.3687027202307,3.3924837155456062,-1.3169438763397951,1.8993087914623437,1.4931749240832626,811076.7925095893,425243.72631622315,-10.0,-1.0
131.2999999999968,61695.70204419302,55739.466095597105,92.63792648218147,1312.780040861135,3.258942343057005,-1.3354137248860158,1.7585954556554184,1.5003468874015864,810597.1070574268,424764.04086406063,-10.0,-1.0
131.3999999999968,61704.06528810618,55870.52217394875,83.63243913162982,1310.5607835164801,3.126418124088546,-1.3252421896845878,1.6193496247190984,1.5070684993694474,810117.4216052643,424284.3554118981,-10.0,-1.0
131.4999999999968,61711.59520404018,56001.39382124994,75.29915933996219,1308.7164730119014,2.997214055589117,-1.292040684994286,1.483891011800205,1.5133230437889125,809637.7361531018,423804.6699597356,-10.0,-1.0
131.59999999999678,61718.359010920525,56132.117719599635,67.63806880344153,1307.2389834969472,2.8730579727591747,-1.2415608282994197,1.3539567127274055,1.5191012600317697,809158.0507009393,423324.98450757307,-10.0,-1.0
131.69999999999678,61724.42298263336,56262.72865970975,60.63971712837622,1306.1094011011023,2.755139241123913,-1.1791873163526208,1.2307373457468789,1.5244018953770342,808678.3652487767,422845.29905541055,-10.0,-1.0
131.79999999999677,61729.851579925285,56393.258794865855,54.28597291923507,1305.3013515610478,2.6441785771119375,-1.1096066401197562,1.11494714032925,1.5292314367826876,808198.6797966142,422365.613603248,-10.0,-1.0
131.89999999999677,61734.70672301215,56523.737213281514,48.55143086858331,1304.7841841565912,2.5405135034923525,-1.036650736195849,1.0069103323390443,1.5336031711533082,807718.9943444517,421885.9281510855,-10.0,-1.0
131.99999999999676,61739.0472407285,56654.189777441774,43.405177163535654,1304.5256416025625,2.444185526672477,-0.9632797681987583,0.9066496960968025,1.5375358305756743,807239.3088922892,421406.242698923,-10.0,-1.0
132.09999999999675,61742.92850349837,56784.63916386306,38.81262769868136,1304.4938642128614,2.3550199217544394,-0.891656049180369,0.8139678367581082,1.5410520849963316,806759.6234401267,420926.55724676047,-10.0,-1.0
132.19999999999675,61746.40222615604,56915.10503761616,34.737226576714974,1304.6587375309703,2.2726934278550948,-0.8232649389934488,0.728516339060417,1.5441770887946777,806279.9379879641,420446.87179459794,-10.0,-1.0
132.29999999999674,61749.516414296326,57045.604305870154,31.14188140285293,1304.9926825399311,2.1967884483438036,-0.7590497951129054,0.649851237654407,1.546937210689397,805800.2525358016,419967.1863424354,-10.0,-1.0
132.39999999999674,61752.31542314298,57176.15140793363,27.990088466513342,1305.4710206346997,2.126834411530869,-0.6995403681293477,0.57747540520995,1.549359006320919,805320.5670836391,419487.5008902729,-10.0,-1.0
132.49999999999673,61754.8400985564,57306.75861211976,25.24675413422012,1306.0720418613546,2.0623380002209126,-0.644964113099565,0.5108695584590928,1.5514684417618199,804840.8816314766,419007.8154381104,-10.0,-1.0
132.59999999999673,61757.127973451534,57437.436300517256,22.87874895130453,1306.776883974987,2.0028043186177373,-0.5953368160317517,0.4495139731792017,1.5532903454385356,804361.196179314,418528.12998594786,-10.0,-1.0
132.69999999999672,61759.2134977928,57568.193230886056,20.8552434126262,1307.5693036879838,1.9477510165207188,-0.5505330209701849,0.39290296502125543,1.5548480514994634,803881.5107271515,418048.44453378534,-10.0,-1.0
132.79999999999671,61761.12828533959,57699.03677059915,19.14787546788332,1308.4353971309833,1.8967171410164734,-0.5103387550424566,0.3405539468836465,1.5561631941328267,803401.825274989,417568.7590816228,-10.0,-1.0
132.8999999999967,61762.901364813835,57829.97310127379,17.730794742437748,1309.3633067463659,1.8492681668275073,-0.47448974188965637,0.2920125517553265,1.557255615072181,802922.1398228265,417089.0736294603,-10.0,-1.0
132.9999999999967,61764.55942689568,57961.007394987675,16.580620818393864,1310.3429371388163,1.8049983414381,-0.44269825389407685,0.2468549892950347,1.5581433521430652,802442.454370664,416609.3881772978,-10.0,-1.0
133.0999999999967,61766.12706138524,58092.14396419808,15.676344895618593,1311.3656921040858,1.7635312046335319,-0.4146713680456793,0.20468852152527986,1.558842683108252,801962.7689185014,416129.70272513526,-10.0,-1.0
133.1999999999967,61767.62698106903,58223.38638802362,14.99919683790566,1312.4242382553703,1.7245189155960374,-0.39012289037494596,0.16515071045584295,1.5593682051401943,801483.0834663389,415650.01727297273,-10.0,-1.0
133.2999999999967,61769.08023041134,58354.737617648585,14.532493423102817,1313.5122962496732,1.687640843627378,-0.3687807196865913,0.12790790812366,1.559732935503718,801003.3980141764,415170.3318208102,-10.0,-1.0
133.39999999999668,61770.50637826266,58486.2000634129,14.261478513231705,1314.624457643176,1.6526017451071697,-0.35039098520208456,0.09265332168870243,1.559948423418467,800523.7125620139,414690.6463686477,-10.0,-1.0
133.49999999999667,61771.92369439046,58617.77566564658,14.173161277984246,1315.7560223367968,1.6191297531063444,-0.3347199200082496,0.05910488613319176,1.5600248669731527,800044.0271098514,414210.9609164852,-10.0,-1.0
133.59999999999667,61773.349309595025,58749.46594998459,14.2561520456259,1316.9028433801118,1.5869743467176345,-0.3215540638870991,0.027003112491368775,1.5599712342262657,799564.3416576888,413731.27546432265,-10.0,-1.0
133.69999999999666,61774.79935613983,58881.27206084798,14.500465448061307,1318.0611086338963,1.5559044981289136,-0.3106984858872088,-0.0038909119415844184,1.559795410070498,799084.6562055263,413251.59001216013,-10.0,-1.0
133.79999999999666,61776.288763151235,59013.19422589131,14.89407011400321,1319.2216504333144,1.5257153362558913,-0.30189161873022613,-0.033791426474577335,1.5595067627304684,798604.9707533638,412771.9045599976,-10.0,-1.0
133.89999999999665,61777.83204309858,59145.22950643842,15.432799473406895,1320.352805471142,1.4962048266047496,-0.29510509651141154,-0.06290364171382978,1.5591084683185796,798125.2853012013,412292.2191078351,-10.0,-1.0
133.99999999999665,61779.44308334198,59277.374755815836,16.11040243404206,1321.4524937741326,1.4671796429869173,-0.290251836178329,-0.09142585257325074,1.5586054955601678,797645.5998490388,411812.53365567257,-10.0,-1.0
134.09999999999664,61781.1352545968,59409.62672843958,16.921712548114467,1322.5197262374538,1.4384541018240182,-0.2872554116289878,-0.11954786820937624,1.5580019700333945,797165.9143968762,411332.84820351005,-10.0,-1.0
134.19999999999663,61782.92150013311,59541.982073661806,17.862455363155245,1323.5534522222697,1.4098493914999644,-0.28604710324053884,-0.1474519223225328,1.5573013138224971,796686.2289447137,410853.1627513475,-10.0,-1.0
134.29999999999663,61784.81442108538,59674.43731980484,18.92920952268694,1324.552461430363,1.381192748673663,-0.28656642826301415,-0.17531352803019537,1.5565062767038584,796206.5434925512,410373.477299185,-10.0,-1.0
134.39999999999662,61786.82635582213,59806.9888536054,20.119347367519914,1325.5153380055497,1.3523166673891498,-0.28876081284513283,-0.20330231522533349,1.5556189826144833,795726.8580403887,409893.7918470225,-10.0,-1.0
134.49999999999662,61788.96945313891,59939.63289627326,21.430973167843476,1326.440426678576,1.3230581741849747,-0.2925849320417496,-0.2315828031172598,1.5546409773022345,795247.1725882262,409414.10639485996,-10.0,-1.0
134.5999999999966,61791.25573932604,60072.36547657772,22.862861871356095,1327.325803044587,1.293258190546103,-0.2979998363887175,-0.2603150843471138,1.5535732748932167,794767.4871360636,408934.42094269744,-10.0,-1.0
134.6999999999966,61793.697179184564,60205.18240112218,24.414398585235332,1328.1692454446245,1.2627610000093479,-0.30497190536754926,-0.28965540316508975,1.5524164031744376,794287.8016839011,408454.7354905349,-10.0,-1.0
134.7999999999966,61796.30573100698,60338.079221863736,26.08551822415504,1328.968207415512,1.2314138359815292,-0.3134716402781863,-0.3197566120087272,1.5511704479902564,793808.1162317386,407975.0500383724,-10.0,-1.0
134.8999999999966,61799.093395449665,60471.05120089066,27.876644426836513,1329.7197902692337,1.1990666065070559,-0.3234722947447315,-0.3507684908907658,1.5498350973978219,793328.4307795761,407495.3645862099,-10.0,-1.0
134.9999999999966,61802.072258115855,60604.093272462225,29.788626661936263,1330.4207157156416,1.1655717732953554,-0.33494833211700636,-0.3828379130647641,1.5484096863601196,792848.7453274135,407015.67913404736,-10.0,-1.0
135.09999999999658,61805.25452554835,60737.2000023327,31.822674324953844,1331.0672987047394,1.1307844039640422,-0.347873693313132,-0.4161088388786096,1.5468932428426518,792369.059875251,406535.99368188484,-10.0,-1.0
135.19999999999658,61808.65255420356,60870.36554442607,33.98028655209,1331.6554209337457,1.0945624184231306,-0.36221985540911716,-0.4507221178150918,1.5452845362382224,791889.3744230885,406056.3082297223,-10.0,-1.0
135.29999999999657,61812.27887184674,61003.58359499961,36.26317643182413,1332.1805057353477,1.0567670523700345,-0.3779536605309615,-0.48681507671485,1.5435821290848846,791409.688970926,405576.6227775598,-10.0,-1.0
135.39999999999657,61816.14619067679,61136.8473445363,38.673188300450455,1332.637495366844,1.017263562680936,-0.3950348968909845,-0.5245208703711861,1.5417844330521222,790930.0035187635,405096.9373253973,-10.0,-1.0
135.49999999999656,61820.267411363195,61270.1494277435,41.212206864051,1333.0208320719635,0.9759222007582055,-0.41341361922730524,-0.5639675693940371,1.5398897701522427,790450.318066601,404617.25187323475,-10.0,-1.0
135.59999999999656,61824.65561706562,61403.48187220784,43.88205702425254,1333.3244446434226,0.9326194801597293,-0.43302720598476285,-0.605276959908833,1.5378964400685624,789970.6326144384,404137.56642107223,-10.0,-1.0
135.69999999999655,61829.32405641824,61536.83604647213,46.68439352620434,1333.5417426429335,0.8872397636214286,-0.45379716538300596,-0.6485630307412874,1.535802794362716,789490.9471622759,403657.8809689097,-10.0,-1.0
135.79999999999654,61834.28611440934,61670.20260855569,49.620579911022766,1333.665620835588,0.839677191243044,-0.4756257237838467,-0.6939301268757222,1.5336073181187662,789011.2617101134,403178.1955167472,-10.0,-1.0
135.89999999999654,61839.55527008753,61803.57145623553,52.69155678188585,1333.6884767983286,0.7898379654513907,-0.4983922579165322,-0.7414707538229552,1.531308719274346,788531.5762579509,402698.51006458467,-10.0,-1.0
135.99999999999653,61845.14504009884,61936.93168073738,55.8977001131025,1333.602245018585,0.7376429986419865,-0.521949668094042,-0.791263026814939,1.5289060254569256,788051.8908057883,402218.82461242215,-10.0,-1.0
136.09999999999653,61851.06890722428,62070.27152583964,59.238671254433754,1333.3984510226194,0.6830309153732664,-0.5461208326872005,-0.8433677722035767,1.5263986875768434,787572.2053536258,401739.1391602596,-10.0,-1.0
136.19999999999652,61857.340233367286,62203.578354752775,62.7132614300079,1333.0682891313213,0.625961382042137,-0.5706953333112952,-0.8978253066661718,1.5237866887083087,787092.5199014633,401259.4537080971,-10.0,-1.0
136.29999999999652,61863.972156856056,62336.83862747267,66.31923488772883,1332.6027271989387,0.5664187126830119,-0.5954266935912508,-0.954651943232538,1.5210706559155498,786612.8344493008,400779.7682559346,-10.0,-1.0
136.3999999999965,61870.977474491716,62470.03789158346,70.0531763566092,1331.9926411078557,0.5044156700692658,-0.620030426137461,-1.0138363016197496,1.5182519716890153,786133.1489971383,400300.08280377206,-10.0,-1.0
136.4999999999965,61878.36850949582,62603.16078965422,73.91035004100712,1331.2289807075872,0.4399973473410297,-0.6441832272823611,-1.0753355332382353,1.515332880579265,785653.4635449757,399820.39735160954,-10.0,-1.0
136.5999999999965,61886.15696738373,62736.19108638257,77.88457887909055,1330.3029672834732,0.3732449786555686,-0.6675236868546113,-1.139071606880911,1.5123165855364795,785173.7780928132,399340.711899447,-10.0,-1.0
136.6999999999965,61894.35378278251,62869.11171842579,81.96815398784433,1329.2063204322353,0.3042794906080094,-0.6896548804755912,-1.20492783691313,1.5092073275211393,784694.0926406507,398861.0264472845,-10.0,-1.0
136.7999999999965,61902.96896127101,63001.90486937276,86.15178488502578,1327.9315094697097,0.2332645733285203,-0.7101491727948911,-1.2727458679549006,1.5060104412834212,784214.4071884882,398381.340995122,-10.0,-1.0
136.89999999999648,61912.011421366755,63134.55207150812,90.4246009574454,1326.4720213536286,0.16040902625068226,-0.7285554707783801,-1.3423233537364925,1.5027323799871748,783734.7217363256,397901.65554295946,-10.0,-1.0
136.99999999999648,61921.48884270884,63267.03433488393,94.77421342080731,1324.8226337581023,0.08596812411903766,-0.7444090213164459,-1.413412577680215,1.4993807017992529,783255.0362841631,397421.97009079694,-10.0,-1.0
137.09999999999647,61931.40752716555,63399.33230277002,99.18684456713112,1322.9796788608958,0.010243759482959984,-0.7572436463607769,-1.485720253299878,1.495964012782838,782775.3508320006,396942.2846386344,-10.0,-1.0
137.19999999999646,61941.77227989859,63531.42643087178,103.64752733037588,1320.9412810176348,-0.06641684688268172,-0.7666060636564168,-1.558908709413486,1.492491862530804,782295.6653798381,396462.5991864719,-10.0,-1.0
137.29999999999646,61952.586317227615,63663.29718590245,108.1403732902009,1318.707550306651,-0.143624014456643,-0.7720716757396131,-1.6325986063535032,1.4889745918968602,781815.9799276756,395982.9137343094,-10.0,-1.0
137.39999999999645,61963.85120738163,63794.92525735142,112.64890154013317,1316.2807144897265,-0.22095011011293064,-0.7732609565628761,-1.7063732458775784,1.485423135764648,781336.294475513,395503.22828214685,-10.0,-1.0
137.49999999999645,61975.566848882525,63926.29177479907,117.15641500897124,1313.6651744765238,-0.29793564690993485,-0.7698553679700427,-1.7797844345843026,1.4818487876743678,780856.6090233505,395023.54282998433,-10.0,-1.0
137.59999999999644,61987.731489447375,64057.37852209488,121.64640564850316,1310.867472958032,-0.3740968107547741,-0.7616116384483915,-1.8523597475676095,1.4782629368128353,780376.923571188,394543.8573778218,-10.0,-1.0
137.69999999999644,62000.34178605642,64188.168139316935,126.102966090453,1307.8961722205759,-0.4489341373532922,-0.7483732659851806,-1.9236109282756666,1.4746767909223746,779897.2381190255,394064.1719256593,-10.0,-1.0
137.79999999999643,62013.39290443293,64318.64430378012,130.51118376503183,1304.7616446318805,-0.5219419651994559,-0.7300782784616382,-1.9930430656963352,1.4711011004968793,779417.552666863,393584.48647349677,-10.0,-1.0
137.89999999999642,62026.878653872176,64448.791882456535,134.85749439249525,1301.4757867641563,-0.5926182244472327,-0.7067625924777672,-2.0601641243453663,1.4675458998981334,778937.8672147004,393104.80102133425,-10.0,-1.0
137.99999999999642,62040.791651382424,64578.597049946766,139.1299751024751,1298.0516749023277,-0.6604740955065442,-0.6785587105931169,-2.1244943752337404,1.464020279727196,778458.1817625379,392625.1155691717,-10.0,-1.0
138.0999999999964,62055.12350769088,64708.04736841001,143.31856308454934,1294.503184632405,-0.7250430887854,-0.6456899327885574,-2.185575290615323,1.4605322018299227,777978.4963103754,392145.4301170092,-10.0,-1.0
138.1999999999964,62069.86502692651,64837.131828357626,147.41519235631176,1290.8445994761796,-0.7858891561980741,-0.60846067412674,-2.242977520656615,1.457088364458541,777498.8108582129,391665.7446648467,-10.0,-1.0
138.2999999999964,62085.006411776514,64965.840851703004,151.41384849998508,1287.0902334538125,-0.8426135360881801,-0.567243798901061,-2.29630765665833,1.4536941205701495,777019.1254060504,391186.05921268417,-10.0,-1.0
138.3999999999964,62100.53746654155,65094.16626066579,155.3105476503811,1283.254089627897,-0.8948601439631985,-0.5224660787501835,-2.3452135918955124,1.4503534479323141,776539.4399538878,390706.37376052164,-10.0,-1.0
138.4999999999964,62116.44779164823,65222.10121785994,159.10325106674978,1279.34957194151,-0.9423194372106175,-0.47459293247418893,-2.38938840323046,1.4470689660198424,776059.7545017253,390226.6883083591,-10.0,-1.0
138.59999999999638,62132.726964625544,65349.64014405621,162.79172977314278,1275.3892619627088,-0.9847307888219078,-0.4241135161129042,-2.428572780887742,1.443841992065834,775580.0690495628,389747.0028561966,-10.0,-1.0
138.69999999999638,62149.3647041139,65476.77862066759,166.37739488352153,1271.3847661137931,-1.02188349265744,-0.37152703835532347,-2.46255611989765,1.44067262724021,775100.3835974003,389267.3174040341,-10.0,-1.0
138.79999999999637,62166.351014960455,65603.51328399037,169.86310846560178,1267.346633227747,-1.0536165849753905,-0.3173309231795048,-2.4911764487585817,1.4375598637831912,774620.6981452378,388787.63195187156,-10.0,-1.0
138.89999999999637,62183.67631374609,65729.84171776712,173.25298785630505,1263.2843377675792,-1.0798177010208376,-0.2620111604544715,-2.5143194056556086,1.434501704634771,774141.0126930752,388307.94649970904,-10.0,-1.0
138.99999999999636,62201.3315350744,65855.76234982726,176.55221328315298,1259.2063206013493,-1.1004211940919277,-0.2060349307109015,-2.5319164827860567,1.431495288694129,773661.3272409127,387828.2610475465,-10.0,-1.0
139.09999999999636,62219.30821962868,65981.27435755258,179.76684554273714,1255.1200772531784,-1.1154057313316468,-0.1498453723971913,-2.543942747931211,1.4285370165995646,773181.6417887502,387348.575595384,-10.0,-1.0
139.19999999999635,62237.598585355314,66106.37758578217,182.90365726636662,1251.0322822959529,-1.1247915525169496,-0.09385821185302981,-2.5504142263877503,1.4256226738708004,772701.9563365877,386868.8901432215,-10.0,-1.0
139.29999999999634,62256.195583229266,66231.07247968335,185.96997873952245,1246.948939011788,-1.1286375401644757,-0.038459876475256706,-2.551385090107019,1.422747549942544,772222.2708844251,386389.20469105896,-10.0,-1.0
139.39999999999634,62275.09293893918,66355.36003402475,188.97355709912694,1242.8755434139514,-1.1270382089271396,0.015993312373359124,-2.5469447619264303,1.419906552999291,771742.5854322626,385909.51923889644,-10.0,-1.0
139.49999999999633,62294.285181590676,66479.24175935083,191.92242651491503,1238.8172532608298,-1.1201206824051613,0.06917526521978291,-2.5372150038335186,1.417094321428357,771262.8999801001,385429.8337867339,-10.0,-1.0
139.59999999999633,62313.767660212514,66602.71966469345,194.82478621837788,1234.7790534262344,-1.1080416912888222,0.12078991116339051,-2.522347024506708,1.4143053332178859,770783.2145279376,384950.1483345714,-10.0,-1.0
139.69999999999632,62333.53654854356,66725.79625573794,197.68888331045844,1230.7659104449165,-1.090984599271361,0.17057092017461287,-2.5025186139009716,1.4115340146296107,770303.5290757751,384470.4628824089,-10.0,-1.0
139.79999999999632,62353.58883830775,66848.47454675222,200.52289764184255,1226.782910142811,-1.0691564444258257,0.2182815484553516,-2.477931293661555,1.4087748492357288,769823.8436236125,383990.77743024635,-10.0,-1.0
139.8999999999963,62373.922321012236,66970.75808410226,203.33482704488839,1222.8353735004025,-1.0427849731388223,0.2637147128700336,-2.448807460848574,1.4060224877097514,769344.15817145,383511.09197808383,-10.0,-1.0
139.9999999999963,62394.53555822185,67092.65097879514,206.13237209613547,1218.9289469287298,-1.0121156415925225,0.306693315462999,-2.415387499697479,1.4032718581049566,768864.4727192875,383031.4065259213,-10.0,-1.0
140.0999999999963,62415.427840309836,67214.15794523877,208.9228208799064,1215.0696644363488,-0.9774085640446549,0.3470707754786757,-2.3779268394618103,1.4005182754171555,768384.787267125,382551.7210737588,-10.0,-1.0
140.1999999999963,62436.59913382985,67335.28434325519,211.71293520010346,1211.2639801642754,-0.9389353972142007,0.38473166830454253,-2.3366929457098418,1.3977575484956404,767905.1018149625,382072.03562159627,-10.0,-1.0
140.2999999999963,62458.05001790489,67456.03622037223,214.50884075042737,1207.5187711704716,-0.8969761631192807,0.4195923409492009,-2.2919622447343473,1.3949860816150665,767425.4163627999,381592.35016943375,-10.0,-1.0
140.39999999999628,62479.781610340215,67576.42035151111,217.31592435321033,1203.8413113888375,-0.8518160277575204,0.45160135361760223,-2.2440169953533693,1.3922009675958489,766945.7309106374,381112.6647172712,-10.0,-1.0
140.49999999999628,62501.79548451807,67696.44427341853,220.13874177855968,1200.2392190741734,-0.8037420674357578,0.4807396032176253,-2.1931421365936625,1.389400069157905,766466.0454584749,380632.9792651087,-10.0,-1.0
140.59999999999627,62524.0935784847,67816.11631151455,222.9809396662975,1196.720380960137,-0.753040067313428,0.5070200012232999,-2.13962215257964,1.3865820852662123,765986.3600063124,380153.2938129462,-10.0,-1.0
140.69999999999627,62546.67809795572,67935.44559726151,225.84519471016657,1193.2928574696582,-0.6999914060169983,0.5304866129642956,-2.0837380056859276,1.383746599668929,765506.6745541499,379673.60836078366,-10.0,-1.0
140.79999999999626,62569.55141521799,68054.4420746637,228.7331726226788,1189.9647740219107,-0.6448700852814033,0.5512132073559493,-2.025764194769179,1.3808941094877758,765026.9891019873,379193.92290862114,-10.0,-1.0
140.89999999999625,62592.71620569922,68173.11671924958,231.64790481223724,1186.7464458587938,-0.5879479376662421,0.5692214761516126,-1.96597238036739,1.378024442701148,764547.3036498248,378714.2374564586,-9.166882738632282,-0.9166882738632282
140.99999999999625,62616.17576500409,68291.48204768053,234.59559304871442,1183.6532843094878,-0.5295083995356218,0.5843953813062033,-1.904644181556337,1.3751357820207153,764067.6181976623,378234.5520042961,-6.549352499111706,-0.6549352499111706
141.09999999999624,62639.933635864174,68409.55205657252,237.57870860086678,1180.700088919829,-0.4698395032488332,0.5966889628678864,-1.8420689042799747,1.3722294010311415,763587.9327454998,377754.8665521336,-4.1777003364995124,-0.41777003364995124
141.19999999999624,62663.99326119429,68527.34211630386,240.59625330119195,1177.9005973133815,-0.40922758469933496,0.606119185494982,-1.7785369775464122,1.3693093928470774,763108.2472933372,377275.18109997106,-2.060713937298914,-0.2060713937298914
141.29999999999623,62688.357675366584,68644.86882060321,243.6441417228785,1175.2670429935702,-0.34795176702607417,0.612758176732608,-1.7143340527264523,1.3663822857003782,762628.5618411747,376795.49564780854,-0.20118345142403626,-0.020118345142403626
141.39999999999623,62713.02924346236,68762.14979766568,246.71568095782186,1172.8097706247102,-0.28627926252520913,0.6167250450086511,-1.6497358349694844,1.3634565724442753,762148.8763890122,376315.810195646,1.4034461492789845,0.14034461492789846
141.49999999999622,62738.009455107305,68879.20349215691,249.80211644940843,1170.5369449123064,-0.22446151270100442,0.6181774982420469,-1.5850037001345072,1.3605421874335029,761669.1909368497,375836.1247434835,2.7603701368802547,0.27603701368802547
141.59999999999621,62763.29877590584,68996.04892956118,252.89320798530514,1168.4543740427005,-0.1627311625570991,0.6173035014390529,-1.520381129523822,1.357649966966723,761189.5054846872,375356.439291321,3.8806873197670626,0.38806873197670627
141.6999999999962,62788.89655590005,69112.70547495212,255.97779994215242,1166.5654539094646,-0.10129984127800916,0.6143132127908992,-1.4560909693551989,1.3547911280771898,760709.8200325246,374876.75383915845,4.778654366322783,0.4778654366322783
141.7999999999962,62814.80099126984,69229.19259760066,259.0443536979282,1164.8712264854441,-0.04035669977525582,0.6094314150275335,-1.3923334952683604,1.3519767954931046,760230.1345803621,374397.06838699593,5.470954410317873,0.5470954410317873
141.8999999999962,62841.009132958075,69345.52965120932,262.0814168823886,1163.3705360866472,0.019932362477354866,0.6028906225261068,-1.329285236617059,1.349217599094414,759750.4491281996,373917.3829348334,5.976001301766296,0.5976001301766296
141.9999999999962,62867.51693420114,69461.73567732768,265.07801243065984,1162.060261183716,0.07942486192815028,0.5949249945079542,-1.2670984935892406,1.346523355517391,759270.7636760371,373437.6974826709,6.313297666406413,0.6313297666406413
142.0999999999962,62894.31932810074,69577.82923702401,268.0239389959758,1160.935596963198,0.13800137518286487,0.5857651325471457,-1.2059014637837855,1.34390283896665,758791.0782238746,372958.01203050837,6.502860330843369,0.6502860330843369
142.19999999999618,62921.41032630422,69693.82827346133,270.9099820347894,1159.9903643732207,0.19556475415278046,0.5756337896991556,-1.1457988846749612,1.3413636388277417,758311.392771712,372478.32657834585,6.56472182921091,0.656472182921091
142.29999999999617,62948.783130419106,69809.75000587048,273.7280411488764,1159.2173240914246,0.2520390014674947,0.5647424731471427,-1.0868730944439187,1.3389120959114134,757831.7073195495,371998.6411261833,6.518511907116583,0.6518511907116583
142.39999999999617,62976.43024878889,69925.61085366564,276.47118369784255,1158.6084779515822,0.307367890207632,0.5532888874013733,-1.0291854151758342,1.3365533053834662,757352.021867387,371518.9556740208,6.383118602029107,0.6383118602029108
142.49999999999616,63004.34361251653,70041.42638816228,279.13363727636454,1158.155344966294,0.36151340415042754,0.5414551394279554,-0.9727777683920389,1.3342911725424664,756872.3364152245,371039.2702218583,6.176425105132054,0.6176425105132054
142.59999999999616,63032.514685976574,70157.21130852321,281.7107346004183,1157.8492036093614,0.4144540653219759,0.5294066117154834,-0.9176744419966163,1.3321285073185922,756392.650963062,370559.58476969576,5.915116066909114,0.5915116066909114
142.69999999999615,63060.934568381126,70272.97943812668,284.1988240455007,1157.681296034701,0.4661832055734492,0.5172914025147327,-0.8638839386760488,1.330067144249498,755912.9655108994,370079.89931753324,5.6145454241579245,0.5614545424157924
142.79999999999615,63089.594084168006,70388.7437374452,286.5951578687943,1157.6429931851121,0.5167072288841189,0.5052402331066972,-0.8114008474781945,1.3281080763623134,755433.2800587369,369600.2138653707,5.288657044102315,0.5288657044102315
142.89999999999614,63118.48386101083,70504.51632966356,288.8977684281796,1157.725922183641,0.5660439016166259,0.49336672732506925,-0.7602076918259142,1.32625159344254,754953.5946065744,369120.5284132082,4.9499494008482685,0.49499494008482686
142.99999999999613,63147.59439508815,70620.30853556993,291.1053407732187,1157.9220590636808,0.6142206993668421,0.48176797750216166,-0.710276717950964,1.3244974173178061,754473.9091544119,368640.8429610457,4.6094758723109095,0.46094758723109097
143.09999999999613,63176.91610389231,70736.1309146579,293.2170880416479,1158.2237908797565,0.6612732315612851,0.47052532194443075,-0.6615715972630981,1.3228448288243833,753994.2237022494,368161.15750888316,4.276872969858218,0.42768729698582175
143.19999999999612,63206.439367324325,70851.99330982541,295.2326343201408,1158.6239516750366,0.7072437585901935,0.45970527028908376,-0.6140490243195731,1.3212927829097667,753514.5382500868,367681.47205672064,3.9604097398156384,0.39604097398156385
143.29999999999612,63236.154558133094,70967.90489350789,297.1519080876714,1159.1158368247136,0.7521798110253968,0.44936052435203344,-0.5676601987867552,1.319840009812152,753034.8527979243,367201.7866045581,3.6670525456156042,0.36670525456156045
143.3999999999961,63266.052062942574,71083.87421351174,298.9750480947652,1159.6932000384759,0.7961329162583777,0.439531052329809,-0.5223521851679996,1.3184851014263774,752555.1673457618,366722.1011523956,3.4025404273833857,0.3402540427383386
143.4999999999961,63296.12229519668,71199.90923720281,300.70232254103024,1160.3502369106889,0.8391574345974993,0.43024518339121387,-0.4780691482411751,1.3172265828386742,752075.4818935993,366242.4157002331,3.1714671415563487,0.3171467141556349
143.5999999999961,63326.355701363915,71316.01739304565,302.3340616723705,1161.0815584283987,0.8813095043458306,0.4215206974833135,-0.4347534652807934,1.316062969626624,751595.7964414367,365762.73024807055,2.977366800662388,0.29773668006623877
143.6999999999961,63356.742761703244,71432.20560878117,303.8706033933038,1161.8821573551375,0.9226460935221221,0.4133658917629154,-0.39234671840164176,1.314992811923764,751116.1109892742,365283.04479590803,2.8228007306899414,0.28228007306899416
143.7999999999961,63387.27398681685,71548.4803457737,305.3122511360888,1162.7473699253069,0.9632241545519934,0.40578061029871276,-0.3507905719336474,1.3140147264856408,750636.4255371117,364803.3593437455,2.7094437574529024,0.27094437574529023
143.89999999999608,63417.93991111848,71664.84762925928,306.65924301636517,1163.6728348558042,1.0030998773481647,0.3987572279617141,-0.310027540758029,1.3131274181061938,750156.7400849492,364323.673891583,2.638168606456631,0.2638168606456631
143.99999999999608,63448.7310842376,71781.31307438907,307.9117311912271,1164.6544512978205,1.0423280356147837,0.3922815826661898,-0.2700016561438463,1.31232969175863,749677.0546327867,363843.9884394205,2.609127490268989,0.26091274902689887
144.09999999999607,63479.63806126722,71897.88190809192,309.06977029617025,1165.6883370285952,1.080961420879116,0.3863338526433238,-0.23065903592165848,1.3116204568007745,749197.3691806241,363364.30298725795,2.6218302541172633,0.26218302541172633
144.19999999999607,63510.65138957999,72014.55898850612,310.133283127667,1166.7708041419482,1.1190504439378628,0.3808902305874666,-0.19194830862018744,1.3109987525580502,748717.6837284616,362884.6175350954,2.6752186829331634,0.26752186829331637
144.29999999999606,63541.76160266353,72131.34881702276,311.1021308353977,1167.8982851663845,1.1566426245056223,0.37592180567759725,-0.1538210546993497,1.3104636792049722,748237.9982762991,362404.9320829329,2.7678217344636664,0.27678217344636663
144.39999999999606,63572.959211913374,72248.25554829236,311.9760924984425,1169.0673126959991,1.1937822343855973,0.37139609879974744,-0.1162321780850575,1.3100144124706548,747758.3128241366,361925.2466307704,2.89763312413627,0.289763312413627
144.49999999999605,63604.23469906641,72365.28299733205,312.75487153035436,1170.2744903968398,1.2305100284894583,0.3672779410386109,-0.07914016627871878,1.3096501947681771,747278.627371974,361445.56117860787,3.062259197934509,0.3062259197934509
144.59999999999604,63635.578510512336,72482.4346435281,313.4381144592469,1171.5164619605594,1.266863034462371,0.3635300597291239,-0.04250728142894156,1.3093703158913124,746798.9419198115,360965.87572644535,3.258996422262822,0.3258996422262822
144.69999999999604,63666.981053930096,72599.71363124573,314.02543417757136,1172.7898771762343,1.3028743888436956,0.36011354381324806,-0.006299700682081744,1.3091740895257773,746319.256467649,360486.1902742828,3.484882991230979,0.34848829912309787
144.79999999999603,63698.43269853284,72717.12275565631,314.5164460274026,1174.0912441057415,1.3385731179161704,0.35698729072474744,0.029512322544750447,1.30906079537142,745839.5710154865,360006.5048221203,3.736740169242765,0.3736740169242765
144.89999999999603,63729.92368457797,72834.66399021388,314.90986045127516,1175.4123455758215,1.373983664994223,0.35410547078052546,0.06495423784709553,1.3090294271471274,745359.885563324,359526.8193699578,4.011113276293919,0.40111132762939194
144.99999999999602,63761.444147341834,72952.3388856001,315.20462763863316,1176.7489538620907,1.4091286254283486,0.35144960434125583,0.10004898456193612,1.3090796408664125,744880.2001111615,359047.13391779526,4.304017183656736,0.4304017183656736
145.09999999999602,63792.984196646634,73070.14867264665,315.4004930479705,1178.0978704656338,1.4440276339103169,0.3489900848196826,0.13481694710666403,1.3092106868036528,744400.5146589989,358567.44846563274,4.614130735398156,0.4614130735398156
145.199999999996,63824.533925876276,73188.09425979386,315.49729229643447,1179.4558714720283,1.4786973040098597,0.34669670099542726,0.16927555578574105,1.3094217482241186,743920.8292068364,358087.7630134702,4.938918384025378,0.4938918384025378
145.299999999996,63856.08342173689,73306.17622920776,315.494958606117,1180.8196941390015,1.513151216038015,0.34453912028155587,0.20343928105152556,1.3097119349864896,743441.1437546739,357608.0775613077,5.275768145501527,0.5275768145501527
145.399999999996,63887.622775667325,73424.394832955,315.3935393043492,1182.1860374724763,1.5473999360916484,0.342487200536332,0.23731966315903794,1.3100802729326104,742961.4583025114,357128.3921091452,5.622009302700384,0.5622009302700384
145.499999999996,63919.142096978576,73542.74998971743,315.1932131124843,1183.5515676241823,1.5814510614506496,0.3405112535900147,0.2709253677938881,1.3105256936567617,742481.7728503488,356648.70665698266,5.9749419145255125,0.5974941914525512
145.599999999996,63950.631527640355,73661.24128237774,314.89430661780506,1184.9129266030757,1.6153092894275611,0.3385822797691144,0.30426226385766597,1.3110470255698954,742002.0873981863,356169.02120482014,6.331862494817031,0.6331862494817031
145.69999999999598,63982.08125856423,73779.86795675199,314.4973092387218,1186.2667437424025,1.648976507336655,0.33667217909093505,0.3373335206941565,1.3116429866424983,741522.4019460238,355689.3357526576,6.690087359449166,0.6690087359449166
145.79999999999598,64013.481547188174,73898.62892170648,314.00288623943305,1187.609649544875,1.6824519014997552,0.3347539416310024,0.3701397224504035,1.3123121790493517,741042.7164938613,355209.6503004951,7.04697410623157,0.7046974106231569
145.89999999999597,64044.822736134265,74017.52275086178,313.411889460917,1188.9382915530489,1.7157320833519887,0.33280181852233137,0.4026789974962058,1.3130530858557827,740563.0310416988,354729.9648483326,7.3999414236666965,0.7399941423666696
145.99999999999596,64076.095272685336,74136.54768604966,312.72536551070743,1190.2493518787176,1.7488112308120407,0.33079147460051994,0.4349471609886025,1.313864069823438,740083.3455895362,354250.27939617005,7.746487333540529,0.7746487333540528
146.09999999999596,64107.28972880744,74255.70164264996,311.9445612209934,1191.539566003031,1.781681243156995,0.3287001234495466,0.46693786879789406,1.314743374359101,739603.6601373737,353770.59394400753,8.084205933268041,0.8084205933268042
146.19999999999595,64138.39682143234,74374.98221689399,311.0709262490234,1192.8057424402616,1.814331907701607,0.3265066454461176,0.49864278112121396,1.315689126580393,739123.9746852112,353290.908491845,8.410802680972878,0.8410802680972879
146.29999999999595,64169.407432708256,74494.38669517847,310.1061127591813,1194.0447828449312,1.8467510766284265,0.3241916892681947,0.5300517342036695,1.3166993424247568,738644.2892330487,352811.2230396825,8.724108252573537,0.8724108252573537
146.39999999999594,64200.31262992735,74613.91206539233,309.0519721909525,1195.2537021385574,1.878924852352059,0.3217377572363266,0.5611529186673827,1.3177719336846763,738164.6037808862,352331.53758751997,9.022090988375634,0.9022090988375634
146.49999999999594,64231.10368484541,74733.55503021614,307.91054918060706,1196.4296482380457,1.910837779830453,0.31912927478394,0.5919330630177616,1.3189047168126913,737684.9183287236,351851.85213535745,9.302867938128955,0.9302867938128955
146.59999999999593,64261.772092121966,74853.31202231439,306.68407276553023,1197.5699209824904,1.942473044261048,0.31635264430594734,0.6223776209560311,1.3200954233050168,737205.2328765611,351372.1666831949,9.564714507138618,0.9564714507138617
146.69999999999592,64292.3095866277,74973.17922130249,305.3749450573317,1198.6719898809552,1.9738126726204273,0.31339628359379645,0.6524709611769353,1.3213417114434922,736725.5474243986,350892.4812310324,9.806072702051608,0.9806072702051608
146.79999999999592,64322.70816838027,75093.15257767063,303.9858175256926,1199.7335636813543,2.0048379852739133,0.31025312653485876,0.6821968659512515,1.3226411193226617,736245.8619722361,350412.7957788699,10.0,1.0
146.8999999999959,64352.96017425617,75213.22787096392,302.52005875904115,1200.7529329329202,2.035531431043854,0.30693445769940664,0.7115406665332813,1.3239907645105728,735766.1765200736,349933.11032670736,10.0,1.0
146.9999999999959,64383.05827100721,75333.40072756691,300.9809675104232,1201.7285660298608,2.065876368863336,0.30344937819482143,0.7404884915901124,1.3253878772732237,735286.491067911,349453.42487454484,10.0,1.0
147.0999999999959,64412.99544837724,75453.66663753089,299.3717737002354,1202.6590996397074,2.0958568823580985,0.29980513494762495,0.7690270866350223,1.3268297957230761,734806.8056157485,348973.7394223823,10.0,1.0
147.1999999999959,64442.76501231134,75574.020970572,297.6956393410662,1203.5433304111943,2.125457623842905,0.296007414848064,0.797143662511914,1.3283139613309907,734327.120163586,348494.0539702198,10.0,1.0
147.2999999999959,64472.36057824218,75694.45899134876,295.95565930838376,1204.3802077675823,2.1546636845319758,0.29206060689070984,0.824825769706194,1.3298379148257817,733847.4347114235,348014.3685180573,10.0,1.0
147.39999999999588,64501.77606443277,75814.97587411023,294.154861905917,1205.1688276147347,2.183460488043218,0.2879680351124237,0.8520611955532977,1.3313992924899203,733367.749259261,347534.68306589476,10.0,1.0
147.49999999999588,64531.00568535204,75935.56671679084,292.2962091926548,1205.9084268061324,2.2118337045415286,0.28373216498310705,0.8788378816934851,1.3329958228480436,732888.0638070984,347054.99761373224,10.0,1.0
147.59999999999587,64560.043945057776,76056.22655461384,290.3825970573802,1206.5983782300202,2.239769183096307,0.27935478554778115,0.905143859361743,1.3346253237345638,732408.3783549359,346575.3121615697,10.0,1.0
147.69999999999587,64588.88563056149,76176.9503732533,288.41685503713654,1207.2381863946975,2.2672529000495563,0.27483716953249304,0.9309672003288146,1.3362856997207415,731928.6929027734,346095.6267094072,10.0,1.0
147.79999999999586,64617.52580515036,76297.73312159369,286.4017458887206,1207.8274834037627,2.294270921388696,0.27018021339139986,0.9562959815137206,1.3379749398749754,731449.0074506109,345615.9412572447,10.0,1.0
147.89999999999586,64645.95980164364,76418.56972411695,284.33996493277647,1208.3660252327475,2.3208093772867793,0.2653845589808303,0.9811182614609018,1.3396911158258775,730969.3219984483,345136.25580508215,10.0,1.0
147.99999999999585,64674.18321556287,76539.45509293884,282.23413919226135,1208.8536882187582,2.3468544471539596,0.2604506986718043,1.0054220670576188,1.3414323800963408,730489.6365462858,344656.57035291963,10.0,1.0
148.09999999999584,64702.191898198784,76660.38413950914,280.0868263590879,1209.290465703149,2.3723923536738942,0.2553790651993446,1.0291953890009633,1.343196964672931,730009.9510941233,344176.8849007571,10.0,1.0
148.19999999999584,64729.98194956078,76781.35178598545,277.90051361995114,1209.6764647629875,2.3974093644523506,0.2501701077845615,1.052426184675847,1.3449831797765033,729530.2656419608,343697.1994485946,10.0,1.0
148.29999999999583,64757.5497111988,76902.35297628425,275.6776163802314,1210.0119029879743,2.421891800021843,0.24482435569493022,1.0751023872241305,1.3467894127977125,729050.5801897983,343217.51399643207,10.0,1.0
148.39999999999583,64784.89175889121,77023.38268681063,273.42047692407493,1210.2971052637397,2.44582604706552,0.2393424704367702,1.097211919703074,1.3486141273624461,728570.8947376357,342737.82854426955,10.0,1.0
148.49999999999582,64812.004895196165,77144.43593686385,271.131363049589,1210.5325005322813,2.4691985758320296,0.2337252876650955,1.1187427133388013,1.3504558624932284,728091.2092854732,342258.143092107,10.0,1.0
148.59999999999582,64838.886141867944,77265.50779871483,268.8124667177853,1210.718618509657,2.491995960811247,0.22797384979217017,1.1396827289769138,1.352313231834333,727611.5238333107,341778.4576399445,10.0,1.0
148.6999999999958,64865.5327321433,77386.59340734924,266.46590275353685,1210.8560863441055,2.514204903838383,0.22208943027136538,1.1600199809295193,1.3541849229088638,727131.8383811482,341298.772187782,10.0,1.0
148.7999999999958,64891.94210817991,77507.68798056724,264.09376036609183,1210.9457321799323,2.5358125368759383,0.21607633037555327,1.1797428636745948,1.3560696732013435,726652.1529289857,340819.08673561946,9.971222669876646,0.9971222669876646
148.8999999999958,64918.11194661135,77628.78690179868,261.698384314432,1210.9892123144657,2.5568083359181895,0.20995799042251065,1.1988421826145788,1.3579661533036105,726172.4674768231,340339.40128345694,9.744137383346224,0.9744137383346224
148.9999999999958,64944.04014449313,77749.88572982022,259.2819788177494,1210.9882802154407,2.5771841219475036,0.20375786029313808,1.2173109732150798,1.3598731487324234,725692.7820246606,339859.7158312944,9.49730953233253,0.949730953233253
149.0999999999958,64969.72480510262,77870.9802064775,256.84660609493807,1210.9447665728371,2.5969340438862596,0.19749921938756249,1.2351444870198691,1.3617895568663905,725213.0965724981,339380.0303791319,9.23284070799135,0.923284070799135
149.19999999999578,64995.16422377576,77992.0662624819,254.39418673141526,1210.8605600439266,2.6160545444780516,0.1912050059179198,1.2523401616595082,1.3637143828185434,724733.4111203356,338900.3449269694,8.952853014627642,0.8952853014627642
149.29999999999578,65020.35687393941,78113.14002136969,251.9265016364779,1210.7375888779547,2.6345443101343906,0.18489765656338827,1.2688975756921577,1.365646734442233,724253.725668173,338420.65947480686,8.659472298606786,0.8659472298606786
149.39999999999577,65045.30139347438,78234.19780172696,249.44519534971232,1210.5778035726782,2.6524042058734643,0.17859895739073722,1.2848183892096725,1.3675858166637918,723774.0402160105,337940.97402264434,8.354812110079205,0.8354812110079205
149.49999999999577,65069.99657152053,78355.23611779505,246.95178046154007,1210.383160681009,2.6696371965522396,0.17232990678775512,1.3001062712289064,1.3695309253233332,723294.354763848,337461.2885704818,8.040958501177052,0.8040958501177051
149.59999999999576,65094.44133581264,78476.2516785798,244.44764292104895,1210.1556078475958,2.6862482556718974,0.16611059119657584,1.3147668149799814,1.371481440691916,722814.6693116855,336981.6031183193,7.719955750628575,0.7719955750628575
149.69999999999575,65118.63474061447,78597.2413855935,241.93404801833748,1209.897070136895,2.702244263080793,0.1599600740889577,1.3288074422613279,1.3734368208194652,722334.983859523,336501.9176661568,7.393793110296198,0.7393793110296197
149.79999999999575,65142.57595529912,78718.20232936127,239.4121468465273,1209.609437677703,2.717633892953088,0.1538962987229462,1.3422372981046025,1.3753965948484852,721855.2984073604,336022.23221399426,7.0643926359469145,0.7064392635946914
149.89999999999574,65166.2642536061,78839.13178482528,236.88298306983555,1209.2945546400967,2.7324274934325454,0.14793600479457716,1.3550671370210143,1.377360356411531,721375.6129551979,335542.54676183173,6.733598175936011,0.6733598175936011
149.99999999999574,65189.69900359021,78960.02720577817,234.3474998411,1208.9542095289216,2.7466369593607927,0.14209465928247297,1.367309202147472,1.3793277572133205,720895.9275030354,335062.8613096692,6.403165549652028,0.6403165549652028
150.09999999999573,65212.879658264195,79080.88621845547,231.80654673980416,1208.5901267729807,2.760275599496409,0.13638640135616348,1.3789770986191143,1.3812985008772947,720416.2420508729,334583.1758575067,6.074753967317092,0.6074753967317091
150.19999999999573,65235.805746925886,79201.70661441261,229.26088661689934,1208.203959571466,2.7733579996212527,0.13082400124843915,1.3900856624979523,1.3832723371233004,719936.5565987104,334103.4904053442,5.749918700142564,0.5749918700142563
150.29999999999572,65258.47686715181,79322.48634280756,226.71120225923679,1207.7972839494125,2.7858998829006465,0.12541883279393928,1.4006508265784308,1.3852490563222157,719456.8711465478,333623.80495318165,5.43010501377659,0.5430105013776589
150.3999999999957,65280.892677432,79443.22350220442,224.15810280186244,1207.3715939685326,2.797917968819858,0.12018085919211229,1.4106894843579139,1.3872284844619438,718977.1856943853,333144.11950101913,5.116643358007543,0.5116643358007543
150.4999999999957,65303.05289041583,79563.91633200757,221.60212983825127,1206.9282980315197,2.809429831964678,0.11511863144820514,1.420219353422502,1.3892104785421762,718497.5002422228,332664.4340488566,4.810745791408575,0.4810745791408575
150.5999999999957,65324.95726673484,79684.56320362877,219.0437631901408,1206.468716211943,2.820453761855863,0.11023929891184252,1.4292588394491175,1.391194922406745,718017.8147900603,332184.7485966941,4.513503608908021,0.4513503608908021
150.6999999999957,65346.605609366816,79805.16261148344,216.48342631972923,1205.9940785466758,2.8310086249561612,0.10554863100298449,1.4378269019485097,1.3931817230076509,717538.1293378978,331705.06314453157,4.225886136286357,0.42258861362863576
150.7999999999957,65367.9977585039,79925.7131639046,213.92149137087097,1205.505524211582,2.841113729908073,0.10105104951912271,1.4459429228174028,1.3951708070906705,717058.4438857352,331225.37769236905,3.9487406219246797,0.39487406219246796
150.89999999999569,65389.13358688826,80046.2135740566,211.3582838436077,1205.0041015200418,2.8507886969423515,0.09674967034278253,1.4536265786601243,1.3971621182822271,716578.7584335727,330745.6922402065,3.6827931858818115,0.36827931858818114
150.99999999999568,65410.01299557916,80166.66265092265,208.79408690904904,1204.4907686604217,2.8600533323303727,0.09264635388020986,1.4608977177776745,1.3991556145526978,716099.0729814102,330266.006788044,3.4286507273038414,0.34286507273038414
151.09999999999567,65430.63591011735,80287.05929043378,206.2291453818547,1203.9663951113803,2.8689275086294024,0.08874176299029801,1.4677762426020053,1.4011512660273966,715619.3875292477,329786.3213358815,3.1868037418734865,0.3186803741873486
151.19999999999567,65451.0022770542,80407.40246679964,203.66366936845267,1203.4317636585474,2.8774310513827666,0.08503542753364714,1.474281998268362,1.4031490531144046,715139.7020770852,329306.63588371896,2.957629941541839,0.2957629941541839
151.29999999999566,65471.1120608157,80527.69122409406,201.0978376150079,1202.8875729441236,2.8855836328322124,0.08152581449445241,1.4804346679165485,1.4051489649156634,714660.0166249226,328826.95043155644,2.7413986053357036,0.27413986053357037
151.39999999999566,65490.965240873535,80647.92466814267,198.53180057833328,1202.3344404861873,2.893404673089312,0.07821040257099637,1.4862536751994795,1.4071509978898322,714180.3311727601,328347.2649793939,2.538275569964629,0.25382755699646287
151.49999999999565,65510.56180919805,80768.10195875239,195.96568324518893,1201.7729060971412,2.900913249124705,0.07508576035393438,1.491758094391434,1.409155154733271,713700.6457205976,327867.5795272314,2.3483287620891904,0.23483287620891904
151.59999999999565,65529.90176797042,80888.2223023166,193.39958772372134,1201.203435642144,2.908128011829227,0.07214762704522559,1.496966568380155,1.4111614434490722,713220.9602684351,327387.8940750689,2.1715341947687925,0.21715341947687924
151.69999999999564,65548.98512753338,81008.2849448244,190.833595629658,1200.6264250778722,2.9150671113075033,0.06939099478275286,1.5018972347320139,1.4131698765754888,712741.2748162725,326908.20862290636,2.007782331995598,0.20077823319955979
151.79999999999563,65567.81190456219,81128.2891652956,188.2677702881233,1200.042204712017,2.921748130482562,0.06681019175058676,1.506567659935457,1.4151804705471045,712261.58936411,326428.52317074384,1.8568847351902686,0.18568847351902687
151.89999999999563,65586.39923559273,81248.23553172265,185.87331030552528,1199.4636642704113,2.9280719934671136,0.06323862984551504,1.511016504300945,1.417055489166168,711781.9039119475,325948.8377185813,1.7185809151738471,0.1718580915173847
151.99999999999562,65604.74686334842,81368.12345985817,183.4762775569085,1198.8792813552002,2.9340598371927524,0.059878437256398964,1.515125059832239,1.4189347773605139,711302.218459785,325469.1522664188,1.4769759047195254,0.14769759047195255
152.09999999999562,65622.85454458074,81487.95244830173,181.07681232318427,1198.2898844356355,2.9397328844117063,0.056730472189534795,1.5189145362366467,1.4208183481750594,710822.5330076225,324989.4668142563,1.2534829039305109,0.1253482903930511
152.1999999999956,65640.72204776398,81607.72206697373,178.67503183238574,1197.6961867199618,2.9451122868025568,0.053794023908504726,1.5224060725717192,1.4227062142308375,710342.84755546,324509.78136209375,1.0451596221307096,0.10451596221307095
152.2999999999956,65658.34915103187,81727.43194610579,176.27103267893273,1197.0987913206004,2.9502189809351913,0.051066941326346114,1.5256205936803051,1.424598387254886,709863.1621032974,324030.09590993123,0.8522724310305811,0.08522724310305811
152.3999999999956,65675.73564032598,81847.08176579377,173.86489294111152,1196.4981968797836,2.9550735572097486,0.04854576274557844,1.528578679345495,1.426494877864254,709383.4766511349,323550.4104577687,0.6749474992880327,0.06749474992880326
152.4999999999956,65692.88130773122,81966.67124615035,171.45667405243915,1195.8948035657004,2.9596961417738705,0.046225845641220155,1.5313004462293536,1.4283956955445172,708903.7911989724,323070.7250056062,0.5131810499957652,0.05131810499957652
152.5999999999956,65709.78594997886,82086.20013808586,169.04642247634894,1195.2889193550243,2.964106291319575,0.04410149545703658,1.5338054425500225,1.4303008487695523,708424.1057468099,322591.03955344367,0.36684982682071876,0.036684982682071876
152.69999999999558,65726.44936710154,82205.66821473821,166.6341712268118,1194.680766523484,2.9683229005661627,0.042166092465878297,1.536112555350002,1.4322103452161605,707944.4202946473,322111.35410128115,0.2357216693944899,0.02357216693944899
152.79999999999558,65742.87136122858,82325.0752635654,164.2199412704571,1194.0704882719058,2.972364122149149,0.04041221582985754,1.5382399301150176,1.4341241920341308,707464.7348424848,321631.6686491186,0.11946610472191921,0.01194661047219192
152.89999999999557,65759.05173551246,82444.4210791075,161.8037428387818,1193.4581554209042,2.976247298557541,0.038831764083928265,1.540204902418251,1.4360423961392903,706985.0493903223,321151.9831969561,0.017664868094836805,0.0017664868094836804
152.99999999999557,65774.9902931797,82563.70545641881,159.385576672382,1192.8437731130932,2.9799889056931237,0.03741607135582327,1.542023941189368,1.4379649645037558,706505.3639381598,320672.2977447936,-0.07017772589099636,-0.007017772589099636
153.09999999999556,65790.686836701,82682.92818516555,156.96543521299998,1192.2272874673345,2.9836045075656172,0.036156018724935186,1.5437126031417772,1.43989190442384,706025.6784859973,320192.61229263106,-0.144624634187263,-0.014462463418726302
153.19999999999555,65806.14116707638,82802.08904437906,154.54330375368752,1191.6085921350702,2.9871087215867544,0.03504214021137711,1.545285497835008,1.441823223751747,705545.9930338347,319712.92684046854,-0.2062962224158209,-0.02062962224158209
153.29999999999555,65821.35308323165,82921.18779785048,152.11916155263728,1190.98753471421,2.9905151938840566,0.03406472297301882,1.5467562628018325,1.4437589310822243,705066.3075816722,319233.241388306,-0.25586074503990375,-0.025586074503990374
153.39999999999554,65836.32238152287,83040.22419014861,149.69298291227483,1190.363922981287,2.993836584021238,0.03321390137181286,1.548137548131554,1.445699035889684,704586.6221295097,318753.5559361435,-0.2940252178043128,-0.02940252178043128
153.49999999999554,65851.04885534507,83159.19794323939,147.26473822204846,1189.7375309076685,2.997084558486279,0.03247974465041285,1.5494410098713578,1.4476435486149215,704106.9366773472,318273.870483981,-0.3215267242599733,-0.03215267242599733
153.59999999999553,65865.53229484116,83278.10875368243,144.83439496098214,1189.1081044304422,3.000269792289811,0.03185233803531966,1.5506773115863237,1.4495924807034872,703627.2512251846,317794.18503181846,-0.33912419103339353,-0.03391241910333935
153.69999999999553,65879.7724867066,83396.95629037776,142.40191865442728,1188.475366953212,3.0034019780051215,0.03132185715310639,1.5518561334051302,1.4515458445999914,703147.5657730221,317314.49957965594,-0.34759065963601365,-0.034759065963601364
153.79999999999552,65893.76921408444,83515.7401928334,139.9672737784973,1187.8390245563803,3.006489841576257,0.030878635711354362,1.5529861878720272,1.4535036537042294,702667.8803208596,316834.8141274934,-0.34770607612562365,-0.034770607612562364
153.89999999999552,65907.52225654498,83634.46006992346,137.53042460532018,1187.1987709005718,3.0095411642218157,0.03051322645559417,1.554075241925783,1.4554659222960333,702188.1948686971,316355.1286753309,-0.340250613809026,-0.034025061380902596
153.9999999999955,65921.03139014322,83753.11549910452,135.09133598241309,1186.554291810662,3.012562809768588,0.03021645546771818,1.5551301443323127,1.4574326654362755,701708.5094165346,315875.4432231684,-0.3259985385076831,-0.032599853850768315
154.0999999999955,65934.29638754723,83871.70602605765,132.6499740400782,1185.905269531398,3.0155607567605918,0.02997946992003622,1.556156857909063,1.4594038988515288,701228.823964372,315395.75777100585,-0.30571262065477356,-0.030571262065477355
154.1999999999955,65947.3170182294,83990.23116472254,130.20630682165284,1185.2513866488598,3.01854013470484,0.02979377944248269,1.557160495895224,1.4613796388096159,700749.1385122095,314916.07231884333,-0.2801390936896624,-0.02801390936896624
154.2999999999955,65960.09304871266,84108.69039769005,127.76030483262785,1184.592329675001,3.0215052638347,0.029651291298607108,1.5581453618419854,1.463359901992715,700269.453060047,314436.3868666808,-0.25000315384850325,-0.025000315384850324
154.3999999999955,65972.62424286325,84227.08317691958,125.31194150599549,1183.9277922952426,3.02445969779461,0.029544339599090766,1.559114992420685,1.4653447053739248,699789.7676078845,313956.7014145183,-0.2160049925333265,-0.02160049925333265
154.49999999999548,65984.91036222152,84345.40892474774,122.8611935826235,1183.2574782815852,3.027406268675595,0.02946570880985563,1.5600722025733218,1.4673340661022738,699310.082155722,313477.01596235577,-0.1788163489243466,-0.01788163489243466
154.59999999999548,65996.95116636221,84463.66703515533,120.40804140690871,1182.581104075961,3.030347133859157,0.029408651835615723,1.561019132458994,1.469328001400163,698830.3967035594,312997.33051019325,-0.13907756741499533,-0.013907756741499532
154.69999999999547,66008.74641327615,84581.85687526039,117.95246913938131,1181.8984010505803,3.0332838241570794,0.029366902979220257,1.561957295680875,1.471326528476204,698350.7112513969,312517.6450580307,-0.09739514174397534,-0.009739514174397534
154.79999999999546,66020.29585976507,84699.97778700577,115.49446488926141,1181.2091174538493,3.03621729276634,0.02933468609261261,1.562887628310939,1.4733296644554013,697871.0257992344,312037.9596058682,-0.0543397253759732,-0.00543397253759732
154.89999999999546,66031.59926184219,84818.02908901098,113.03402077117326,1180.5130200520591,3.039147964591034,0.029306718246938146,1.5638105382633578,1.475337426327676,697391.3403470719,311558.2741537057,-0.010444585717412025,-0.0010444585717412024
154.99999999999545,66042.65637513131,84936.01007855883,110.57113289126927,1179.8098954784748,3.0420757855167873,0.02927820925753151,1.5647259546019427,1.4773498309148445,696911.6548949094,311078.58870154317,0.03379552188404489,0.0033795521884044887
155.09999999999545,66053.46695525819,85053.9200336891,108.10580126888621,1179.0995513026994,3.0450002712572326,0.02924485740445196,1.5656333764018258,1.4793668948554068,696431.9694427468,310598.90324938064,0.07792508570232037,0.007792508570232037
155.19999999999544,66064.03075822824,85171.75821537252,105.63802970053707,1178.3818168342618,3.047920555426349,0.02920284169115752,1.5665319208205113,1.4813886346058371,695952.2839905843,310119.2177972181,0.121528201118009,0.0121528201118009
155.29999999999544,66074.34754078559,85289.52386974005,103.16782557352985,1177.6565436752771,3.050835436524654,0.029148810983054194,1.5674203700680989,1.4834150664565549,695472.5985384218,309639.5323450556,0.16422859310955396,0.016422859310955395
155.39999999999543,66084.41706074927,85407.21623034382,100.69519963680179,1176.9236060377686,3.05374342356108,0.029079870364258978,1.5682972170007203,1.4854462065603597,694992.9130862593,309159.8468928931,0.20568932528555806,0.020568932528555805
155.49999999999542,66094.23907732294,85524.834520428,98.22016573667248,1176.1829008418217,3.0566427800656,0.02899356504520447,1.5691607090947592,1.4874820709708407,694513.2276340968,308680.16144073056,0.2456122232090614,0.02456122232090614
155.59999999999542,66103.81335137546,85642.37795518912,95.74274052516425,1175.4343476111712,3.0595315662801914,0.02888786214591092,1.5700088905920606,1.489522675688131,694033.5421819342,308200.47598856804,0.2837370397465424,0.02837370397465424
155.6999999999954,66113.13964569029,85759.84574400743,93.26294314833046,1174.677888183105,3.0624076793471993,0.028761130670080803,1.5708396426378597,1.49156803670934,693553.8567297717,307720.7905364055,0.3198403899428168,0.031984038994281684
155.7999999999954,66122.21772518246,85877.2370926324,90.780794921691,1173.9134862497128,3.0652688913445845,0.028612119973845537,1.571650721263529,1.4936181700810556,693074.1712776092,307241.105084243,0.35373448250171435,0.035373448250171434
155.8999999999954,66131.04735708241,85994.55120530714,88.29631899941946,1173.141126747513,3.0681128850466073,0.028439937020225237,1.5724397930951537,1.4956730919514531,692594.4858254467,306761.4196320805,0.385265674361122,0.0385265674361122
155.9999999999954,66139.62831108675,86111.78728681838,85.80954004338159,1172.3608151123794,3.070937287316242,0.02824402269635785,1.573204468696477,1.4977328186197658,692114.8003732841,306281.73417991796,0.41431287408780015,0.041431287408780014
156.0999999999954,66147.9603594765,86228.94454446003,83.3204838975095,1171.572576416445,3.0737397000617936,0.028024127455512894,1.573942333480662,1.499797366581132,691635.1149211216,305802.04872775543,0.4407858189332394,0.04407858189332394
156.19999999999538,66156.04327720375,86346.02218990037,80.82917727233432,1170.776454403314,3.076517728714796,0.027780286530023495,1.57465097614965,1.5018667525651463,691155.4294689591,305322.3632755929,0.46462324936629784,0.04646232493662979
156.29999999999538,66163.87684194812,86463.01944094412,78.33564744380949,1169.9725104374627,3.0792690082092697,0.027512794944733975,1.5753280146425044,1.5039409935667656,690675.7440167966,304842.6778234304,0.4857910037905544,0.04857910037905544
156.39999999999537,66171.46083414511,86579.93552318243,75.8399219698588,1169.1608223831643,3.0819912264636247,0.027222182543549838,1.5759711195950603,1.5060201068685646,690196.0585646341,304362.9923712679,0.5042800549350126,0.05042800549350126
156.49999999999537,66178.79503698785,86696.7696715252,73.34202842739123,1168.3414834276455,3.084682145386061,0.02690918922436146,1.576578035332387,1.5081041100536738,689716.3731124715,303883.30691910535,0.5201045081275062,0.05201045081275062
156.59999999999536,66185.87923640503,86813.52113161144,70.8419941718568,1167.514600862487,3.0873396194420764,0.02657474056015322,1.5771465984330162,1.5101930210090602,689236.687660309,303403.62146694283,0.5332995803294747,0.05332995803294747
156.69999999999536,66192.71322101711,86930.1891610951,68.33984612078324,1166.6802948365143,3.0899616118387416,0.0262199239666547,1.5776747539196256,1.512286857919116,688757.0022081465,302923.9360147803,0.5439195774270988,0.054391957742709884
156.79999999999535,66199.29678207333,87046.77303080435,65.8356105621438,1165.8386970926185,3.0925462083947,0.02584596555957953,1.578160569144893,1.5143856392498065,688277.316755984,302444.2505626178,0.5520358858703389,0.05520358858703389
156.89999999999534,66205.62971337212,87163.27202577436,63.329312987870004,1164.9899497000904,3.0950916291774453,0.025454207827455225,1.5786022454535766,1.5164893837238687,687797.6313038215,301964.56511045527,0.5577349933344511,0.05577349933344511
156.99999999999534,66211.71181116736,87279.68544615369,60.82097795234354,1164.1342037931727,3.0975962380003845,0.025046088229390664,1.578998127712618,1.5185981102877666,687317.9458516589,301484.87965829275,0.5611165516498797,0.05611165516498797
157.09999999999533,66217.54287406288,87396.01260798625,58.310628955283676,1163.2716183256312,3.10005854988148,0.024623118810955507,1.5793467118101954,1.5207118380712847,686838.2603994964,301005.1942061302,0.5622914938566659,0.05622914938566659
157.19999999999533,66223.1227028977,87512.25284387128,55.798288348091276,1162.4023588502305,3.1024772365730553,0.024186866915751542,1.579646650232288,1.5228305863407674,686358.5749473339,300525.5087539677,0.5613802158219894,0.05613802158219894
157.29999999999532,66228.45110062395,87628.40550350439,53.28397726241735,1161.5265963310924,3.104851130278586,0.023738937055313873,1.5798967558314752,1.5249543744471115,685878.8894951714,300045.8233018052,0.5585108315288316,0.05585108315288316
157.39999999999532,66233.5278721799,87744.46995410399,50.76771555949217,1160.6445059959974,3.107179225677162,0.023280953985759127,1.5800960039074865,1.5270832217696764,685399.2040430089,299566.13784964266,0.5538175098009077,0.05538175098009077
157.4999999999953,66238.35282435975,87860.44558072746,48.249521798576275,1159.756266234807,3.1094606803797773,0.022814547026150187,1.5802435327224824,1.529217147657295,684919.5185908463,299086.45239748014,0.547438898971178,0.0547438898971178
157.5999999999953,66242.92576568203,87976.33178648239,45.729413222774795,1158.8620575493023,3.111694813943869,0.022341335640918947,1.580338642576306,1.5313561713675636,684439.8331386838,298606.7669453176,0.539516644766044,0.0539516644766044
157.6999999999953,66247.24650625806,88092.12799263828,43.20740576038493,1157.962061558894,3.113881105573561,0.021862916296910475,1.5803807935680185,1.5335003120055422,683960.1476865213,298127.0814931551,0.5301940055256473,0.05301940055256473
157.7999999999953,66251.31485766206,88207.83363864486,40.68351403992003,1157.0564600658442,3.1160191906330317,0.021380850594710548,1.5803696021700822,1.5356495884629495,683480.4622343588,297647.3960409926,0.5196145677665989,0.051961456776659885
157.8999999999953,66255.13063280376,88323.44818206315,38.15775141696529,1156.1454341828635,3.118108856099423,0.020896654663905806,1.5803048367405876,1.5378040193588347,683000.7767821962,297167.71058883006,0.5079210640656697,0.05079210640656697
157.99999999999528,66258.69364580487,88438.97109841567,35.63013001106516,1155.2291635252068,3.120150035079703,0.020411789802809416,1.5801864120970754,1.539963622982628,682521.0913300337,296688.02513666754,0.4952542942753606,0.04952542942753606
158.09999999999528,66262.00371187997,88554.40188096254,33.10066075091497,1154.3078254687043,3.122142800513199,0.01992765433496332,1.5800143832728515,1.542128417240348,682041.4058778712,296208.339684505,0.4817521501786324,0.04817521501786324
158.19999999999527,66265.06064722259,88669.74004040999,30.56935342622375,1153.381594474508,3.124087358177939,0.019445576647392406,1.5797889385733066,1.544298419604632,681561.7204257087,295728.6542323425,0.46754874287647397,0.046754874287647394
158.29999999999526,66267.86426889706,88784.98510455806,28.03621674472695,1152.4506414807374,3.1259840391148503,0.018966809369121443,1.579510392045718,1.5464736470691325,681082.0349735462,295248.96878018,0.4527736314405022,0.04527736314405022
158.39999999999526,66270.41439473635,88900.13661789412,25.501258392951062,1151.5151333606584,3.1278332915791363,0.01849252464285283,1.5791791754714417,1.5486541161076945,680602.3495213836,294769.28332801745,0.4375511506856977,0.04375511506856977
158.49999999999525,66272.7108432463,89015.19414113878,22.964485099463833,1150.5752324465134,3.129635672622928,0.018023810437915296,1.5787958299843123,1.5508398426386156,680122.6640692211,294289.59787585493,0.4219998353193368,0.04219998353193368
158.59999999999525,66274.75343351625,89130.15725075055,20.42590269947903,1149.631096117679,3.1313918394077884,0.017561667848602976,1.5783609974136263,1.553030841994162,679642.9786170586,293809.9124236924,0.4062319371696699,0.04062319371696699
158.69999999999524,66276.54198513622,89245.02553839568,17.88551619982058,1148.6828764514091,3.1331025403396686,0.01710700931879551,1.5778754114442506,1.5552271288954174,679163.2931648961,293330.2269715299,0.39035303174863323,0.039035303174863326
158.79999999999524,66278.07631812057,89359.79861038909,15.343329843384492,1147.7307199340692,3.1347686061127926,0.016660657731247953,1.577339888680367,1.5574287174324262,678683.6077127336,292850.54151936737,0.37446170998769013,0.03744617099876901
158.89999999999523,66279.35625283781,89474.47608711213,12.7993471723658,1146.7747672304465,3.1363909407426056,0.016223346298124053,1.5767553196930897,1.5596356210495157,678203.922260571,292370.85606720485,0.3586493506613877,0.03586493506613877
158.99999999999523,66280.38160994678,89589.05760241297,10.253571089640017,1145.8151530084601,3.1379705126614232,0.015795719188176932,1.5761226601258358,1.5618478525355874,677724.2368084085,291891.1706150423,0.3429999687374181,0.034299996873741814
159.09999999999522,66281.15221033857,89703.5428029946,7.706003917802805,1144.8520058163633,3.1395083459439648,0.015378332825414648,1.5754429219248554,1.5640654240191094,677244.551356246,291411.4851628798,0.32759013467624065,0.03275901346762407
159.1999999999952,66281.66787508411,89817.93134779554,5.156647455476731,1143.8854480093507,3.141005511723373,0.014971657794079506,1.5747171647558935,1.5662883469674795,676764.8659040835,290931.7997107173,0.31248895955418377,0.031248895955418375
159.2999999999952,66281.92842538717,89932.22290736777,2.605503030589425,1142.9155957223381,3.1424631198519006,0.014576081285275655,1.5739464876615166,1.5685166321903838,676285.180451921,290452.11425855476,0.29775814076963947,0.029775814076963947
159.3999999999952,66281.93368254222,90046.41716325634,0.05257155041292316,1141.9425588855745,3.143882310854055,0.014191910021552553,1.5731320210073108,1.5707502898467447,675805.4949997584,289972.42880639224,0.28345206305072246,0.028345206305072247
159.4999999999952,66281.68346789705,90160.51380738431,-2.5021464517706216,1140.966441279675,3.1452642482137705,0.013819373597148155,1.5722749187589493,1.5729893294548214,675325.8095475959,289492.7433542297,0.269617949465216,0.0269617949465216
159.5999999999952,66281.1776028197,90274.51254144698,-5.058650773446118,1139.9873406266279,3.146610111031107,0.013458628173370122,1.5713763511260848,1.5752337599050226,674846.1240954334,289013.0579020672,0.2562960571676527,0.02562960571676527
159.69999999999519,66280.4159086694,90388.4130763183,-7.616941503098729,1139.005348713313,3.1479210870781773,0.013109760470700607,1.5704374976031965,1.577483589474981,674366.4386432709,288533.3724499047,0.24351991270273743,0.024351991270273744
159.79999999999518,66279.39820677102,90502.21513147271,-10.177018983868994,1138.020551544097,3.149198366278338,0.012772792001607535,1.5694595404318952,1.5797388258464429,673886.7531911083,288053.68699774216,0.23131658178092174,0.023131658178092172
159.89999999999517,66278.12431839296,90615.91843442462,-12.7388837805568,1137.0330295191093,3.150443134627407,0.012447683490691643,1.5684436585038632,1.5819994761235439,673407.0677389458,287574.00154557964,0.21970696857991356,0.021970696857991356
159.99999999999517,66276.59406472798,90729.5227201881,-15.30253664986969,1136.0428576348727,3.151656568570572,0.012134339431650279,1.5673910217185196,1.5842655468520521,672927.3822867833,287094.3160934171,0.20870613980862807,0.020870613980862807
160.09999999999516,66274.8072668766,90843.0277307585,-17.8679785137863,1135.0501057040558,3.152839829843928,0.01183261273355993,1.566302785804735,1.5865370440391928,672447.6968346208,286614.6306412546,0.19832366894372377,0.01983236689437238
160.19999999999516,66272.76374583301,90956.43321461763,-20.435210435886958,1134.0548385912114,3.1539940607851404,0.0115423094121305,1.5651800876114572,1.588813973173684,671968.0113824583,286134.9451890921,0.1885639962700445,0.01885639962700445
