0,1
0.3506885226383684,-0.9537969444092692
0.34947876600079253,-0.9520852137902761
0.34827118431872833,-0.9503716814427481
0.3470657798695815,-0.9486563601293381
0.34586255491500995,-0.9469392627560556
0.34466151169834697,-0.9452204040490638
0.34346265244434604,-0.9434997988353806
0.34226597935741665,-0.9417774640164951
0.34107149462017267,-0.9400534164395979
0.3398792003925931,-0.9383276751872854
0.33868909880944936,-0.9366002598432605
0.3375011919802512,-0.9348711911147264
0.33631548198564754,-0.9331404925243909
0.33513197119877874,-0.9314077815851312
0.33395066297991344,-0.9296720437000197
0.3327715611399232,-0.9279333200228371
0.331594669438508,-0.9261916504651763
0.33041999158787044,-0.9244470707388809
0.32924753125630707,-0.9226996150497108
0.32807729207090025,-0.920949314327027
0.32690927762197,-0.9191961968826833
0.3257434914642478,-0.9174402900735944
0.3245799371207228,-0.9156816179813199
0.32341861808409106,-0.9139202038064865
0.32225953782018735,-0.9121560679647583
0.3211026997688179,-0.9103892305215553
0.31994810734691315,-0.9086197087390564
0.3187957639498635,-0.9068475190273946
0.31764567295384044,-0.9050726759452586
0.31649783771639267,-0.9032951941979205
0.31535226157877627,-0.9015150854822033
0.3142089478669485,-0.8997323620069095
0.3130678998935673,-0.8979470332346233
0.31192912095859626,-0.896159109494789
0.3107926143509831,-0.8943685985814149
0.3096583833491382,-0.8925755088720047
0.3085264312224999,-0.8907798468307093
0.30739676123209103,-0.8889816189773835
0.3062693766321425,-0.8871808302761325
0.3051442806699944,-0.8853774861075054
0.3040214765878286,-0.8835715900212405
0.3029009676225469,-0.8817631461983618
0.30178275700739615,-0.8799521571755132
0.30066684797151405,-0.8781386260307619
0.2995532437420571,-0.8763225541726928
0.2984419475431177,-0.8745039438511328
0.2973329625975216,-0.8726827959117818
0.29622629212698787,-0.8708591107987711
0.2951219393523928,-0.8690328896279094
0.29401990749493834,-0.8672041310237315
0.29292019977611816,-0.8653728357090424
0.29182281941805666,-0.863539002520778
0.2907277696434991,-0.8617026309751348
0.28963505367671605,-0.8598637198465875
0.2885446747434008,-0.8580222677085262
0.28745663607139366,-0.8561782731714495
0.2863709408908635,-0.8543317336659348
0.2852875924343159,-0.8524826479830947
0.28420659393733266,-0.8506310131975858
0.28312794863842766,-0.848776826929668
0.2820516597797007,-0.8469200864787307
0.2809777306065334,-0.8450607890563242
0.27990616436779936,-0.8431989321277363
0.2788369643164865,-0.8413345119523394
0.27777013370963766,-0.8394675255085959
0.27670567580877475,-0.8375979693596948
0.27564359387942217,-0.8357258400970732
0.2745838911917727,-0.8338511341290146
0.27352657102091077,-0.8319738474657624
0.2724716366462384,-0.8300939767793516
0.2714190913522991,-0.8282115179810642
0.27036893842856724,-0.8263264671109465
0.26932118116947373,-0.8244388202510661
0.2682758228748811,-0.8225485730533368
0.2672328668498962,-0.8206557213131376
0.2661923164048525,-0.818760261177572
0.2651541748553344,-0.816862188245789
0.2641184455221822,-0.8149614985167566
0.26308513173043807,-0.8130581830199856
0.26205423681373363,-0.81115225480898
0.2610257641126462,-0.8092436843137418
0.2599997169624379,-0.8073324796278468
0.25897609871552124,-0.8054186470858244
0.25795491273071425,-0.8035021609395206
0.25693616236209826,-0.8015830243016471
0.2559198509774395,-0.7996612456209325
0.2549059819529545,-0.7977368042460923
0.2538945586621012,-0.7958096951091151
0.2528855844878313,-0.7938799278660474
0.2518790628245487,-0.7919474891493107
0.25087499706656463,-0.790012366478498
0.24987339061317132,-0.788074566389718
0.2488742468753013,-0.7861340856993432
0.24787756926877638,-0.7841909085179581
0.24688336121101118,-0.7822450335777154
0.24589162612840187,-0.780296463910829
0.24490236745620095,-0.7783451895786955
0.24391558863222054,-0.7763911993695107
0.24293129310079645,-0.7744344974650136
0.24194948431369068,-0.7724750771196872
0.24097016572837096,-0.7705129309853596
0.23999334080731435,-0.7685480547641923
0.23901901301951484,-0.7665804457477513
0.23804718581137194,-0.7646101360156662
0.23707786261095184,-0.7626371271261357
0.23611104684597317,-0.7606614164131887
0.23514674194832308,-0.7586830026956103
0.2341849513455989,-0.7567018946851568
0.2332256784564717,-0.7547180947479244
0.23226892669892465,-0.7527316018435065
0.23131469949098918,-0.7507424168850865
0.2303630002507156,-0.7487505407655343
0.22941383239591792,-0.7467559738545952
0.2284671993426981,-0.7447587168346631
0.22752310450477684,-0.742758771584063
0.2265815512930826,-0.7407561408133813
0.2256425431150212,-0.7387508283037494
0.22470608337353198,-0.7367428375754895
0.22377217546578562,-0.7347321732455347
0.22284082278198883,-0.7327188407460137
0.2219120287042396,-0.7307028470816268
0.22098579660529988,-0.7286842002950968
0.2200621298469028,-0.726662909797825
0.21914103177825497,-0.724638985670958
0.21822250574567684,-0.7226124468677166
0.21730655507236207,-0.7205832511176925
0.21639318307438865,-0.7185514566776044
0.21548239305537376,-0.7165170878505153
0.21457418830040964,-0.7144801502612919
0.2136685720678445,-0.7124406467738146
0.2127655475850675,-0.7103985942357459
0.21186511804810554,-0.708354025157521
0.2109672866203969,-0.7063069790124481
0.2100720564298966,-0.7042574918990339
0.2091794305624815,-0.7022055959473601
0.20828941205488347,-0.7001513234218177
0.20740200388806693,-0.6980947138968687
0.20651720898210288,-0.6960358163331535
0.20563503019009358,-0.6939746893590882
0.20475547029138266,-0.6919113980663305
0.2038785319829318,-0.689846012531824
0.2030042178690312,-0.6877786084472074
0.20213253045044294,-0.6857092683076773
0.20126347211204443,-0.6836380846980258
0.2003970451093037,-0.6815651623188499
0.1995332515531864,-0.679490619575734
0.1986720933933309,-0.6774145897245756
0.1978135723989685,-0.6753372217129944
0.1969576901395807,-0.6732586798475135
0.19610444796087306,-0.6711791482082885
0.1952538469595539,-0.6690988302886498
0.19440588795529504,-0.6670179526496424
0.19356057145844116,-0.6649367684279338
0.19271789763574343,-0.6628555579668312
0.19187786627221998,-0.6607746337468324
0.19104047672868704,-0.6586943425615469
0.1902057278970019,-0.6566150656475693
0.1893736181472351,-0.6545372329271255
0.18854414527390875,-0.652461313509886
0.1877173064364583,-0.6503878263340933
0.186893098095015,-0.6483173410614234
0.18607151594256266,-0.6462504822860337
0.18525255483508526,-0.6441879297026228
0.18443620871645194,-0.6421304245914741
0.18362247054137898,-0.6400787689202712
0.18281133219255633,-0.63803383205437
0.18200278439632941,-0.6359965494443307
0.18119681664441992,-0.6339679154319675
0.18039342609672765,-0.6319376689464817
0.17959261839625804,-0.6299012784694984
0.1787944012137969,-0.6278589087510659
0.17799878201969127,-0.625810713546544
0.17720576809358335,-0.6237568407036084
0.17641536653488413,-0.6216974290756248
0.17562758427014416,-0.6196326127389434
0.17484242806256411,-0.6175625173168865
0.17405990451960568,-0.6154872635788623
0.17328002010042817,-0.6134069659921967
0.17250278112441356,-0.6113217319972383
0.1717281937728329,-0.6092316711002609
0.1709562640967445,-0.607136881812293
0.1701869980237177,-0.6050374605759751
0.16942040136173162,-0.6029335002072164
0.1686564798024078,-0.6008250917031632
0.16789523892655855,-0.5987123201610752
0.1671366842035901,-0.5965952751229805
0.1663808209936303,-0.5944740398590437
0.16562765455384312,-0.5923486943087058
0.1648771900430586,-0.5902193143227203
0.16412943252799456,-0.5880859706385108
0.16338438698593055,-0.5859487334612701
0.16264205830716782,-0.5838076703131901
0.16190245130028857,-0.5816628436284129
0.16116557069397516,-0.5795143167943857
0.16043142113896836,-0.5773621495791394
0.1597000072100714,-0.5752064021531774
0.1589713334095879,-0.5730471297321228
0.15824540416807145,-0.5708843894905439
0.15752222384702874,-0.5687182342217177
0.1568017967401044,-0.5665487176963492
0.15608412707438232,-0.5643758915258477
0.1553692190127196,-0.5621998057709587
0.15465707665212558,-0.5600205133189069
0.15394770402706934,-0.557838061164082
0.15324110511038214,-0.5556524988220433
0.15253728381392095,-0.5534638735122714
0.15183624398782386,-0.5512722345695591
0.1511379894227509,-0.549077627425356
0.15044252384863666,-0.5468801013094525
0.14974985093490634,-0.5446797029107918
0.14905997428932055,-0.5424764820339184
0.14837289745767948,-0.5402704870311913
0.14768862392151247,-0.5380617692634475
0.1470071571001785,-0.5358503765472754
0.14632850035263842,-0.5336363558410442
0.14565265698007102,-0.5314197522673394
0.14497963022544763,-0.5292006120762649
0.14430942327374946,-0.5269789804439564
0.1436420392530698,-0.5247549020436022
0.1429774812340984,-0.5225284223477589
0.1423157522305629,-0.520299585913858
0.14165685519819687,-0.5180684390245531
0.14100079303513763,-0.515835026437514
0.14034756858206052,-0.5135993938598905
0.13969718462220454,-0.511361586023637
0.1390496438815386,-0.5091216483612165
0.13840494902710837,-0.5068796278245423
0.13776310266886624,-0.5046355681358856
0.13712410735874458,-0.5023895161170439
0.1364879655908851,-0.5001415163502815
0.1358546798059469,-0.49789160945307986
0.13522425239303276,-0.4956398347866761
0.13459668569620306,-0.493386228615261
0.1339719820043294,-0.4911308378184203
0.13335014353910105,-0.4888737187600646
0.13273117244788327,-0.48661493105227355
0.1321150708027952,-0.4843545337545082
0.1315018405913447,-0.4820925980166897
0.13089148371246973,-0.47982919279952696
0.13028400197249798,-0.47756439334203654
0.12967939707908005,-0.47529827890769305
0.12907767063480127,-0.4730309353274194
0.12847882409697836,-0.4707624998359954
0.12788285875659672,-0.46849308526668265
0.12728977577907116,-0.46622279043546366
0.12669957619205602,-0.4639517292541504
0.12611226088218663,-0.46168000987145147
0.12552783059818431,-0.4594077411459696
0.12494628595321948,-0.45713502922098836
0.12436762742077227,-0.4548619864300955
0.1237918553314732,-0.452588725263483
0.12321896987052276,-0.45031536147234547
0.12264897107481197,-0.4480420124974121
0.12208185882924,-0.4457687991894281
0.12151763286486364,-0.44349584287840726
0.12095629275950502,-0.4412232635376196
0.12039783793821335,-0.43895118096105235
0.11984226768813246,-0.4366796948888995
0.11928958116905806,-0.43440891357793465
0.11873977737480296,-0.43213897976948396
0.11819285510181488,-0.4298700543208147
0.11764881293176518,-0.4276023130967401
0.11710764920739684,-0.4253359505344687
0.11656936201453867,-0.4230711738065293
0.11603394916055905,-0.4208082097119106
0.1155014081517557,-0.41854730242851085
0.11497173617366507,-0.41628870625534414
0.11444493008371533,-0.4140326825105462
0.11392098641463529,-0.41177948413552357
0.1133999013703176,-0.40952937374895165
0.11288167081244804,-0.4072826250821698
0.112366290254024,-0.4050395133868243
0.11185375484951487,-0.40280032516762654
0.11134405938627469,-0.40056535133788
0.11083719827343845,-0.39833489406899936
0.1103331655330734,-0.3961092592352619
0.10983195479467449,-0.39388875789431954
0.10933355928355447,-0.39167371261684164
0.10883797182663373,-0.38946443215700294
0.10834518484556864,-0.3872612411811828
0.10785519034674333,-0.38506446960461627
0.10736797992058701,-0.3828744428123446
0.1068835447306309,-0.38069150337058344
0.10640187551915806,-0.37851597667302606
0.10592296260315819,-0.37634820290399285
0.10544679587038497,-0.3741885191067843
0.10497336478502091,-0.37203725777921615
0.10450265838209497,-0.3698947598351424
0.10403466526107269,-0.3677613692364055
0.10356937357851617,-0.3656374379150017
0.10310677106195339,-0.36352329490481833
0.10264684500795491,-0.36141928596828177
0.10218958345029207,-0.35932427433822395
0.10173498627362085,-0.3572240068249809
0.10128305995459505,-0.35511873145704387
0.10083381065626955,-0.35300869333155127
0.1003872442617877,-0.35089409801861576
0.09994336637620986,-0.348775177374416
0.09950218232101402,-0.3466521481995118
0.0990636971150742,-0.3445252609780989
0.09862791546949996,-0.34239475303737005
0.09819484178929005,-0.3402608674100856
0.09776448017398996,-0.3381238431442262
0.09733683441927486,-0.33598391935311633
0.09691190802458086,-0.3338413253511529
0.09648970419770928,-0.33169628830882686
0.09607022590198232,-0.3295489800099283
0.0956534758577867,-0.32739961659352623
0.09523945645600697,-0.32524847818410935
0.09482816972160055,-0.3230958574474976
0.09441961725704917,-0.32094211202416284
0.09401380021193412,-0.3187875984824451
0.09361071920192925,-0.31663278161974184
0.09321037426455796,-0.31447808439277164
0.09281276497002262,-0.3123238540969244
0.09241789047364223,-0.3101704019276552
0.09202574957848257,-0.3080179839964834
0.09163634078941368,-0.3058668318950179
0.09124966229552237,-0.30371720335315866
0.09086571195342419,-0.3015693646098968
0.09048448727373146,-0.2994235880272841
0.0901059854089053,-0.29728016502926785
0.0897302031310487,-0.29513940602613237
0.08935713674178918,-0.2930017123891305
0.08898678208800755,-0.2908673938820788
0.08861913472112073,-0.2887366466737846
0.08825418999320407,-0.28660960930165547
0.08789194306980486,-0.28448643661839307
0.08753238901045426,-0.28236715063641166
0.08717552287743335,-0.2802517558826492
0.08682133982013986,-0.27814012859474235
0.0864698350518986,-0.27603229236939275
0.08612100378123394,-0.27392819884315
0.08577484122380877,-0.2718279177397619
0.08543134246571804,-0.26973153157240853
0.08509050236288515,-0.26763932257881107
0.08475231541175428,-0.2655515258389574
0.08441677591145028,-0.2634682501625536
0.0840838778625956,-0.26138987311096057
0.0837536147625478,-0.25931671842637943
0.08342597979642438,-0.25724900924862254
0.08310096591359512,-0.25518691783675446
0.0827785658654549,-0.2531305787203769
0.08245877228012989,-0.2510800719736576
0.08214157773306156,-0.2490354099283505
0.08182697480797253,-0.24699659385418493
0.08151495604062942,-0.2449636815898417
0.08120551383251694,-0.24293680991579894
0.08089864040451515,-0.24091611204431407
0.08059432781541052,-0.23890171768467938
0.08029256794420056,-0.23689377525874547
0.07999335250856275,-0.23489237368626628
0.07969667310242287,-0.23289769552263015
0.07940252096367706,-0.2309099945148567
0.07911088712561332,-0.22892939765745185
0.07882176246544088,-0.226956043238454
0.07853513765020313,-0.2249901040382062
0.07825100310524946,-0.22303178135168428
0.07796934901505835,-0.2210812564935967
0.07769016532030859,-0.2191387279885664
0.07741344174021597,-0.21720435609215907
0.07713916776177951,-0.21527833758617773
0.07686733262301516,-0.21336086769564902
0.07659792532144301,-0.21145213268016255
0.07633093463798624,-0.20955229346739
0.07606634912875014,-0.20766153688804181
0.07580415711184889,-0.2057800506706572
0.07554434667232941,-0.20390801635221348
0.07528690566896312,-0.20204560920269468
0.07503182174293768,-0.20019299869492432
0.07477908230943753,-0.19835036784266247
0.0745286745833849,-0.1965178592781533
0.07428058556263284,-0.19469566082014506
0.07403480203027388,-0.19288393053526426
0.0737913105879927,-0.19108280105556044
0.07355009763528213,-0.18929244971399112
0.07331114936946433,-0.18751302359156274
0.0730744518066655,-0.18574466298286949
0.07283999077639754,-0.183987518740897
0.07260775193928479,-0.18224171310670337
0.07237772078516132,-0.1805073879217752
0.07214988264241007,-0.17878466172631863
0.07192422267764212,-0.17707366729185203
0.07170072591434112,-0.17537450524754933
0.07147937721815961,-0.17368731391867798
0.07126016131529395,-0.17201218527384463
0.07104306281593538,-0.1703492121290665
0.07082806620096448,-0.16869850074655898
0.07061515582184374,-0.16706015042790967
0.07040431592755662,-0.1654342307271067
0.07019553065790331,-0.16382083750495624
0.0699887840595878,-0.16222003052557663
0.06978406009822309,-0.1606318762642009
0.06958134263874234,-0.1590564622274887
0.06938061547849356,-0.15749381948356783
0.06918186235177907,-0.15594400968758945
0.0689850669309469,-0.15440707391446581
0.06879021285292845,-0.15288303216446564
0.06859728369538085,-0.15137194718754254
0.06840626299687749,-0.14987383043498273
0.06821713429400567,-0.14838867771866282
0.06802988109441233,-0.14691652786305065
0.06784448689321429,-0.14545737339325515
0.0676609351901315,-0.1440112130578411
0.06747920948163816,-0.14257805160354825
0.06729929327284434,-0.14115787542236477
0.06712117007896937,-0.13975067980831848
0.06694482344127353,-0.13835643480336357
0.06677023694434821,-0.13697510380490882
0.06659739420379367,-0.1356066697361505
0.06642627887512331,-0.1342510924894499
0.06625687465665542,-0.13290834223413434
0.06608916532887436,-0.13157833326865956
0.06592313470504901,-0.13026107575035784
0.0657587666679162,-0.1289564752111802
0.06559604518416265,-0.12766448407191622
0.0654349542991007,-0.12638503126469428
0.06527547811914818,-0.1251180823586095
0.06511760084409042,-0.12386354023956707
0.06496130677288446,-0.12262133827532683
0.06480658028305021,-0.12139141743636181
0.06465340583425705,-0.12017370973707227
0.06450176800143488,-0.1189681105128167
0.06435161034837553,-0.1178263662947051
0.06420282260249409,-0.11678526348674187
0.06405528514089047,-0.11583450563131935
0.06390889099919898,-0.11496432043227775
0.06376354500114065,-0.11416571774798763
0.06361916274989002,-0.11343050922742925
0.06347566951092447,-0.11275143299781754
0.06333299910726631,-0.11212206337493837
0.0631910929460068,-0.11153669953792901
0.06304989912714375,-0.11099032864742746
0.06290937160478884,-0.1104785819977137
0.06276946948461394,-0.1099975895938428
0.0626301563960922,-0.10954397326921402
0.06249139995220427,-0.10911474052005674
0.062353171262864736,-0.10870728056967692
0.062215444514540676,-0.10831928323900072
0.0620781966028974,-0.10794872103581114
0.06194140681408296,-0.10759379829489674
0.06180505656437476,-0.1072529082058905
0.06166912916640963,-0.10692462543226741
0.06153360958989618,-0.10660771722096342
0.06139848429683524,-0.10630104284273999
0.06126374108212043,-0.10600360723125146
0.06112936891557448,-0.10571452693721037
0.060995357814125926,-0.10543301265766923
0.060861698743028006,-0.10515834301217766
0.06072838351580856,-0.10488988196538927
0.0605954047042396,-0.10462705573277836
0.06046275556465254,-0.10436934596829345
0.0603304299465867,-0.10411631623056175
0.06019842225658527,-0.10386752653129358
0.060066727376711794,-0.10362264170901109
0.05993534064909587,-0.1033812830735549
0.059804257821571685,-0.10314316670084507
0.059673474984955184,-0.1029080307701751
0.05954298856866683,-0.10267560567099508
0.0594127952870455,-0.10244569418608551
0.059282892106458776,-0.10221809707898795
0.059153276241207815,-0.10199262145250822
0.05902394513130794,-0.10176909868768003
0.05889489641621647,-0.10154737860316655
0.05876612788552905,-0.10132736211200659
0.05863763748788187,-0.10110890834585481
0.0585094233362416,-0.10089189468245906
0.05838148366599306,-0.10067624045661636
0.05825381683377779,-0.10046184129186812
0.05812642130286172,-0.10024862548427362
0.05799929562255951,-0.1000365275887906
0.057872438437112976,-0.09982546727003976
0.05774584846919006,-0.09961539391830528
0.05761952450795732,-0.09940625411537267
0.05749346540813655,-0.09919799728405804
0.05736767010496679,-0.09899055232109762
0.05724213756274615,-0.09878392528616904
0.05711686679465747,-0.0985780509366122
0.05699185686838963,-0.09837289974818342
0.05686710688452469,-0.09816844796765427
0.056742615983113545,-0.09796466014641873
0.056618383342072684,-0.09776150979147866
0.05649440817067711,-0.09755897333526972
0.05637068970581554,-0.09735703007780352
0.056247227194197065,-0.09715568014971217
0.05612401992225572,-0.09695487331326225
0.05600106719554698,-0.09675461566261076
0.05587836831901404,-0.09655490429962624
0.05575592262012538,-0.0963557126159123
0.055633729450414546,-0.09615702621227408
0.0555117881871243,-0.09595882137003413
0.05539009821163748,-0.09576110705996561
0.055268658905655244,-0.0955638775602467
0.055147469662879006,-0.09536712111558109
0.05502652989193587,-0.09517082599703061
0.05490583901633179,-0.09497498048113352
0.05478539646036476,-0.09477959067224268
0.05466520166172323,-0.09458463597030517
0.05454525406782984,-0.09439011645434771
0.054425553125927645,-0.094196032349417
0.054306098283087516,-0.09400238373321383
0.05418688899802872,-0.0938091558510596
0.05406792473862205,-0.09361634603775178
0.053949204978724526,-0.09342394837016789
0.053830729190082055,-0.09323196903379372
0.05371249684863656,-0.0930403990541866
0.053594507448518715,-0.09284922087142904
0.053476760456851034,-0.09265847906178033
0.05335925535474972,-0.09246812928665601
0.05324199164193036,-0.09227817464899403
0.053124968811861635,-0.09208862117967996
0.05300818636918417,-0.09189945121491554
0.05289164381959093,-0.09171067397832346
0.052775340650502114,-0.09152230700320212
0.052659276359569504,-0.09133432686164394
0.05254345046252172,-0.09114672480828606
0.05242786246971687,-0.09095951289688937
0.05231251188115717,-0.09077269693114381
0.05219739820788113,-0.0905862594913172
0.05208252096698519,-0.09040020343949871
0.05196787967633238,-0.09021452608790917
0.05185347385494251,-0.09002922757487916
0.05173930301941358,-0.08984431084816964
0.051625366689615246,-0.08965977006667565
0.051511664392699434,-0.08947559952942283
0.051398195653758874,-0.08929180524407068
0.05128495999261628,-0.08910839026324305
0.051171956934620295,-0.0889253457915704
0.05105918601154591,-0.08874266901332864
0.05094664674708398,-0.08856037178430824
0.05083433865924043,-0.08837845417472577
0.05072226127978241,-0.08819689879283153
0.0506104141325139,-0.08801572610611672
0.05049879676409092,-0.08783489504762544
0.05038740871020435,-0.08765444406704441
0.050276249506861714,-0.08747434967854885
0.050165318687136265,-0.08729462969509451
0.050054615789565104,-0.08711526655438057
0.04994414034229622,-0.08693628385783479
0.04983389188557251,-0.08675765222184356
0.049723869966595786,-0.0865793805063896
0.04961407412581781,-0.08640147188352316
0.04950450390444655,-0.08622392350947368
0.049395158845034974,-0.08604673540871557
0.049286038487646226,-0.0858699106912994
0.049177142368439127,-0.08569345238534656
0.049068470033908095,-0.08551734569613462
0.048960021032746256,-0.08534159671015923
0.04885179492001062,-0.08516619374684647
0.04874379125152622,-0.08499114286940537
0.04863600956622086,-0.08481646170657074
0.048528449413151806,-0.08464212692738146
0.04842111035025592,-0.08446814135619553
0.048313991940900435,-0.08429449644224608
0.04820709374086138,-0.08412120685732437
0.04810041530125259,-0.08394826973155356
0.04799395616970645,-0.08377569112309691
0.04788771589324774,-0.08360346818338467
0.047781694022548615,-0.08343159801708838
0.04767589012348968,-0.08326006317980807
0.047570303763322566,-0.08308887245941919
0.04746493449803022,-0.08291803476104512
0.047359781890990264,-0.08274753540515171
0.047254845510147865,-0.0825773774709758
0.04715012491244233,-0.08240757295394639
0.04704561965622426,-0.08223811290274143
0.04694132930171233,-0.08206900031793626
0.046837253416831204,-0.08190022368393185
0.04673339157966518,-0.08173177713446676
0.046629743359268006,-0.08156367552684726
0.04652630831771867,-0.08139591877286649
0.04642308601695643,-0.08122850708439702
0.04632007603285549,-0.08106142277850978
0.046217277942587884,-0.08089467484004323
0.04611469131891629,-0.08072826342927697
0.04601231572758797,-0.08056219728613581
0.045910150744083264,-0.0803964588963281
0.04580819594049157,-0.08023106304343687
0.04570645088643239,-0.0800660039508669
0.04560491516123095,-0.07990127290627201
0.045503588339073496,-0.07973688158375053
0.045402469997729865,-0.07957281844447188
0.0453015597156833,-0.07940908956570705
0.04520085707091493,-0.07924569186854075
0.04510036163580956,-0.07908263428298411
0.045000072997030786,-0.07891989345240386
0.04489999074073937,-0.07875748403992865
0.04480011444137778,-0.07859541200419821
0.04470044368915145,-0.0784336539186848
0.04460097807138766,-0.07827222743857201
0.044501717171472124,-0.07811112694437458
0.04440266057785949,-0.07795034946833762
0.044303807873303604,-0.07778990388884727
0.04420515864800089,-0.07762977558131376
0.04410671249204276,-0.07746997340252604
0.04400846898889028,-0.07731050041858138
0.04391042773676907,-0.07715133616237016
0.043812588327406775,-0.07699250112214732
0.04371495034254837,-0.07683399559527083
0.04361751338249471,-0.07667579599422575
0.04352027704245608,-0.0765179228889789
0.043423240919351284,-0.07636036180397113
0.043326404616938305,-0.07620311278174517
0.0432297677180686,-0.07604620216806465
0.043133329811539674,-0.0758896066466562
0.043037090497055716,-0.07573332643548844
0.04294104937902281,-0.07557735553943387
0.042845206064499104,-0.07542169417085426
0.042749560148942996,-0.0752663568457404
0.042654111227741445,-0.07511133491680753
0.042558858897983304,-0.0749566314505224
0.042463802762219977,-0.07480223770131561
0.042368942431746534,-0.07464814793832218
0.042274277520544676,-0.07449436217170025
0.04217980763336039,-0.07434089204230374
0.04208553237394499,-0.07418773183962224
0.04199145133234415,-0.0740349022616384
0.04189756411207457,-0.07388237386395986
0.04180387033047626,-0.07373014695806125
0.04171036959315735,-0.0735782361016489
0.041617061517416565,-0.07342661785285864
0.041523945708306365,-0.07327532168088545
0.04143102177309596,-0.07312432714685983
0.04133828932865577,-0.07297363438685313
0.04124574799194714,-0.07282324320899339
0.041153397368213225,-0.07267316850379486
0.04106123706948466,-0.07252339275147886
0.040969266716182826,-0.07237391595351401
0.04087748592861637,-0.07222473819859135
0.04078589432700231,-0.07207585957521503
0.04069449152218808,-0.07192729181979667
0.04060327712873249,-0.07177902322543617
0.04051225077361604,-0.07163104516009429
0.04042141207874616,-0.071483369209867
0.040330760671906385,-0.07133598099517004
0.04024029616682492,-0.07118890684394569
0.040150018183201935,-0.07104212349237979
0.040059926347068994,-0.07089563685704113
0.03997002027709976,-0.07074945268567319
0.03988029960770126,-0.07060354770272285
0.039790763968099246,-0.07045794242714243
0.03970141296601419,-0.07031265160119074
0.039612246218439506,-0.07016765472777087
0.039523263375213155,-0.07002292268777625
0.03943446406753189,-0.06987849646840105
0.03934584791634976,-0.06973436438897283
0.03925741455509571,-0.06959051772579594
0.03916916360965309,-0.0694469712137728
0.03908109471048148,-0.0693037102480434
0.038993207494928205,-0.06916073492240142
0.038905501591015794,-0.0690180569222663
0.03881797663512885,-0.06887565871540541
0.03873063225793865,-0.06873355800940147
0.03864346809094607,-0.06859174310593877
0.03855648377586665,-0.06845020820623088
0.038469678952480095,-0.0683089592031706
0.03838305325767585,-0.06816799618926472
0.03829660632365471,-0.06802732504388087
0.038210337784425355,-0.06788693994288672
0.03812424728585954,-0.0677468294410527
0.038038334474807284,-0.06760699914747628
0.037952598983704136,-0.06746746390020192
0.03786704045412239,-0.0673282032678984
0.03778165853505185,-0.06718922014234341
0.03769645286928512,-0.06705052060636227
0.03761142308761151,-0.06691211617530864
0.03752656883598049,-0.06677398080820167
0.037441889763574036,-0.06663612603686367
0.03735738552323553,-0.06649854033149791
0.037273055757030014,-0.06636124423335532
0.037188900111082626,-0.06622422026815179
0.03710491822595342,-0.06608748590852816
0.03702110974780003,-0.06595102369066017
0.03693747432631035,-0.06581483957512342
0.03685401162917468,-0.06567890732591297
0.03677072132035686,-0.06554324737446725
0.036687603040129586,-0.06540787735397642
0.03660465643192475,-0.06527278266157793
0.03652188115766711,-0.06513794876575026
0.0364392768676386,-0.06500339904530257
0.03635684320782733,-0.06486912488569721
0.036274579830688665,-0.06473512333804103
0.036192486401642014,-0.06460137980430475
0.036110562572141076,-0.06446792067485999
0.03602880800181838,-0.06433471974373899
0.03594722233733118,-0.06420180914603935
0.03586580524707714,-0.06406914219665732
0.03578455639148214,-0.06393675692615819
0.03570347542216814,-0.06380464163748467
0.03562256200082526,-0.063672790644962
0.03554181578950934,-0.06354120689528918
0.03546123646053862,-0.06340987569694856
0.035380823672247735,-0.06327882348781905
0.03530057708417432,-0.06314803289525586
0.03522049636420985,-0.06301750380431781
0.03514058118024293,-0.06288723630098489
0.035060831211618695,-0.06275721586550981
0.03498124611682294,-0.06262747756415879
0.03490182555835463,-0.062497995224619345
0.03482256920192382,-0.06236878052460124
0.034743476716927374,-0.06223982181920844
0.034664547771388915,-0.062111127836111106
0.034585782042998864,-0.06198268113827436
0.03450717918302622,-0.06185452551153157
0.03442873885405976,-0.06172662036568918
0.03435046073587623,-0.0615989684672793
0.034272344516083346,-0.06147155822511888
0.0341943898716037,-0.06134441010935134
0.034116596460190246,-0.061217535947263695
0.03403896395491686,-0.061090909375036945
0.03396149202977388,-0.060964545023027304
0.0338841803726132,-0.06083841667983202
0.03380702866286133,-0.060712550665346816
0.03373003657422583,-0.06058693840498511
0.03365320377538625,-0.060461591380447675
0.03357652994549029,-0.060336489492078385
0.03350001476188855,-0.06021164707995769
0.033423657899527365,-0.060087058595232404
0.03334745903369761,-0.05996272686158629
0.03327141784999898,-0.05983863728851269
0.03319553403847019,-0.059714792938916864
0.033119807269276824,-0.059591217103427775
0.03304423722909335,-0.05946787495645365
0.032968823611895244,-0.05934477819681918
0.032893566087665645,-0.059221950046770944
0.0328184643476926,-0.05909934973221528
0.03274351808161607,-0.05897700379436383
0.0326687269689479,-0.05885490905492111
0.03259409069757836,-0.0587330568632178
0.03251960895249222,-0.05861145609900146
0.03244528142826261,-0.058490089332737194
0.032371107816130174,-0.05836897120985545
0.032297087795842755,-0.05824810745572935
0.03222322105585078,-0.058127483636370006
0.032149507293833805,-0.058007096779137596
0.03207594620654744,-0.0578869499092707
0.03200253748686007,-0.05776704598743367
0.031929280817051486,-0.05764739665706826
0.031856175892208724,-0.057527978800972705
0.03178322239994082,-0.057408815669974494
0.03171042002606865,-0.05728989560975376
0.0316377684711506,-0.05717120699741444
0.0315652674320414,-0.05705276152955793
0.031492916616065895,-0.05693453894770896
0.03142071571022371,-0.0568165770218685
0.03134866440190286,-0.056698852610090916
0.03127676239880155,-0.056581354019978304
0.031205009407109265,-0.05646409014211876
0.03113340512194922,-0.05634706960453969
0.031061949245821886,-0.05623027793302106
0.030990641476484757,-0.056113729785988206
0.030919481516284073,-0.05599741058883962
0.03084846907443531,-0.05588132041351499
0.03077760383937024,-0.055765485434599145
0.03070688550305112,-0.055649885468247506
0.03063631378569276,-0.055534497047486774
0.030565888390840002,-0.05541935524789602
0.030495609014516943,-0.055304448502118644
0.03042547535597609,-0.05518977966986638
0.030355487126997083,-0.055075331280957394
0.030285644035973384,-0.05496111807735274
0.03021594579349907,-0.05484712842092507
0.030146392108679317,-0.05473337117203487
0.030076982684256147,-0.05461984905482323
0.030007717217014278,-0.054506567927888785
0.029938595416977975,-0.05439350759167647
0.029869617003715414,-0.054280668109432016
0.02980078168996064,-0.05416805812374752
0.02973208917724038,-0.054055686538996506
0.0296635391835982,-0.05394352715218171
0.029595131414215835,-0.0538316119872912
0.0295268655751739,-0.053719920625043806
0.029458741382178157,-0.05360845317640747
0.029390758548574255,-0.053497212617594915
0.0293229167884968,-0.053386196127113775
0.029255215833644474,-0.0532753832419745
0.029187655404612604,-0.05316480030282739
0.029120235214059594,-0.053054441435256644
0.029052954977393672,-0.05294430672690143
0.028985814400777788,-0.05283440779393305
0.028918813207808494,-0.05272471567357586
0.02885195111745404,-0.05261525355599117
0.028785227846832455,-0.05250600992503845
0.028718643120798137,-0.05239698187377939
0.028652196649412702,-0.052288189815272834
0.028585888151446744,-0.05217961053873989
0.028519717354402015,-0.05207124695224436
0.02845368398213621,-0.051963101921083034
0.028387787752409837,-0.051855181376857046
0.02832202838925262,-0.05174747386445251
0.02825640562228228,-0.051639979253358795
0.028190919167291717,-0.0515327150016884
0.028125568740902662,-0.05142566962509792
0.028060354076768493,-0.051318828534689415
0.027995274901665784,-0.05121220915114129
0.02793033094321801,-0.05110579992526299
0.027865521927542224,-0.05099960975072405
0.027800847578852907,-0.05089363561401355
0.027736307641217595,-0.05078785437513614
0.027671901839750657,-0.05068230376274491
0.027607629895432757,-0.05057696634460623
0.027543491530439144,-0.05047185109971804
0.027479486471975817,-0.05036694626788306
0.027415614464403493,-0.05026223734458582
0.027351875245084988,-0.050157741796953884
0.027288268524593973,-0.050053482900971814
0.02722479403465559,-0.049949420057786846
0.027161451528593863,-0.049845550431950096
0.02709824074033198,-0.04974190013118097
0.027035161386719048,-0.04963847503162527
0.02697221320248194,-0.04953524903665178
0.026909395923381974,-0.04943223656845599
0.02684670928500349,-0.049329429162718576
0.026784153022487076,-0.049226832458126875
0.026721726865842538,-0.049124449522473496
0.026659430557512076,-0.04902226287135159
0.02659726384587887,-0.04892027549221129
0.026535226466367363,-0.048818501950043294
0.026473318147354822,-0.04871694234287768
0.026411538635726147,-0.04861557335006175
0.026349887680161367,-0.04851440663463588
0.02628836501683225,-0.04841345098762848
0.02622697038463832,-0.04831269770536461
0.02616570352891956,-0.048212143918431684
0.026104564187083946,-0.0481118012883543
0.026043552095543987,-0.04801166410865381
0.025982666988885992,-0.047911738086451
0.025921908621974108,-0.04781199426718954
0.025861276735837598,-0.047712467446698846
0.0258007710801334,-0.047613125857595674
0.025740391396648393,-0.04751399850917201
0.025680137420183293,-0.047415076768246286
0.025620008896605533,-0.04731635189803075
0.025560005587437,-0.047217809382008286
0.025500127240316476,-0.04711947548241188
0.025440373599595376,-0.04702133851153561
0.025380744422012966,-0.04692338990082388
0.025321239447766285,-0.04682565566130426
0.02526185842295672,-0.04672811272918158
0.025202601106925737,-0.046630758232782565
0.02514346724901383,-0.04653360652611956
0.02508445659379034,-0.04643665502633734
0.02502556889638586,-0.0463398919419301
0.024966803905948114,-0.04624333187430734
0.02490816136699824,-0.04614697193337146
0.02484964102766299,-0.04605080929585068
0.024791242653473808,-0.045954823709513225
0.024732965998916837,-0.04585904125597104
0.024674810810618713,-0.045763456201589996
0.02461677684942932,-0.04566805402631871
0.024558863873927663,-0.04557284635230753
0.024501071632502588,-0.04547783901322068
0.024443399879958163,-0.04538302043822248
0.02438584837879599,-0.04528838785695509
0.0243284168860002,-0.045193949898848326
0.024271105156727254,-0.04509970365551184
0.02421391294746211,-0.04500564927345663
0.024156840009946893,-0.04491179257085195
0.024099886102421857,-0.04481812188169365
0.024043050990872818,-0.0447246344745873
0.023986334438049536,-0.04463133604772235
0.02392973620851119,-0.044538220901436845
0.023873256062627562,-0.04444529773068366
0.023816893756605124,-0.04435256656390732
0.023760649044375838,-0.044260030259675634
0.02370452168530068,-0.04416768026120843
0.023648511445051836,-0.044075513736313285
0.023592618093042833,-0.04398352768415023
0.023536841404546777,-0.04389171652634455
0.023481181139236296,-0.04380010323632493
0.023425637048045067,-0.04370868508238795
0.023370208908486373,-0.04361743016245805
0.023314896485716288,-0.043526373259292706
0.023259699525826946,-0.04343551748021776
0.023204617798823022,-0.04334483080361249
0.023149651087649898,-0.043254316195536026
0.02309479915540336,-0.04316399684206187
0.023040061770225675,-0.04307385250287023
0.022985438705233712,-0.0429838890414364
0.022930929733035867,-0.042894103560823585
0.02287653461148121,-0.042804516436303806
0.022822253109420456,-0.04271510154839487
0.022768085008146435,-0.04262585890701434
0.022714030075060388,-0.04253680600684646
0.022660088073879342,-0.042447936987086064
0.022606258775722535,-0.04235924605123259
0.022552541963492025,-0.042270721815546065
0.022498937404922988,-0.042182390223938764
0.022445444869139092,-0.042094233957534415
0.022392064128907464,-0.042006258851558745
0.022338794949550277,-0.0419184707241427
0.02228563711202977,-0.04183084643209401
0.022232590389841406,-0.04174340922073823
0.02217965455471146,-0.04165614742687226
0.022126829399851538,-0.04156904094654981
0.022074114698213583,-0.041482127350587164
0.02202151022322512,-0.041395383535971525
0.02196901575239394,-0.041308818206252124
0.02191663107053035,-0.04122241693137438
0.021864355953271037,-0.04113619993099138
0.021812190175723684,-0.04105015575206428
0.02176013350698182,-0.040964298836819416
0.021708185734465958,-0.04087859741893861
0.021656346644642378,-0.0407930717593648
0.021604616014323688,-0.040707721869110605
0.021552993634100487,-0.04062253039363495
0.021501479277533063,-0.040537529203427916
0.02145007271904723,-0.04045269810117393
0.02139877374039825,-0.04036803991393174
0.021347582119544094,-0.04028355775896894
0.021296497646914804,-0.040199234087237266
0.021245520098178258,-0.04011509797036433
0.021194649267317615,-0.04003110892536264
0.021143884942264813,-0.039947298857481287
0.021093226904936088,-0.03986365618639937
0.021042674942866577,-0.03978018079529165
0.020992228838939333,-0.03969687863094525
0.020941888373184035,-0.039613749701136305
0.020891653323382435,-0.03953079684349503
0.02084152349335571,-0.0394479855225344
0.02079149866894145,-0.03936535915398726
0.02074157863826885,-0.03928288878155412
0.020691763189600046,-0.03920059161464481
0.02064205211425329,-0.03911845344094578
0.020592445198855974,-0.0390364887678021
0.0205429422208704,-0.038954700390543405
0.020493542974758323,-0.03887306523873317
0.020444247254517846,-0.03879159773179603
0.020395054842628157,-0.038710303717588226
0.020345965539413355,-0.03862915721402198
0.02029697914373,-0.03854817565767732
0.0202480954484128,-0.03846735615866796
0.0201993142499687,-0.03838669584776535
0.020150635332566523,-0.038306211994632695
0.0201020584834622,-0.038225890316482596
0.020053583494492804,-0.038145733630902096
0.02000521016076636,-0.038065736149301206
0.019956938284555102,-0.03798589226928868
0.019908767664044178,-0.037906210546631784
0.01986069809560352,-0.03782668810544598
0.019812729358532972,-0.03774734819197157
0.019764861250886258,-0.03766815321369966
0.01971709358175101,-0.037589111850062674
0.019669426146777115,-0.03751023581146239
0.01962185874757619,-0.03743151054321914
0.019574391174355874,-0.03735295917459011
0.019527023222248835,-0.03727456160955512
0.01947975469829795,-0.03719631490903218
0.019432585383431396,-0.037118253720859536
0.019385515087909585,-0.03704032031395135
0.01933854360580238,-0.036962569706577776
0.019291670739478666,-0.03688495847229367
0.019244896295802227,-0.036807506944471616
0.019198220069735004,-0.036730217977060234
0.01915164185483705,-0.03665309159003017
0.019105161460681756,-0.03657610762140452
0.019058778692601197,-0.03649928347155864
0.019012493359210892,-0.03642260459471763
0.01896630527134825,-0.0363460769200515
0.018920214216342986,-0.03626972649305351
0.018874220001353595,-0.03619351270134539
0.018828322432088106,-0.036117461739681056
0.01878252130180303,-0.03604157362768761
0.018736816424315808,-0.03596582236607919
0.01869120761444648,-0.03589022235217456
0.018645694668620087,-0.03581478809718237
0.018600277394667106,-0.035739496549517955
0.018554955597622352,-0.035664365021746414
0.018509729092580158,-0.03558937046748535
0.018464597682695833,-0.03551454180092274
0.01841956117797951,-0.03543985296901263
0.018374619384723536,-0.03536532432546944
0.018329772108697618,-0.03529094432906391
0.018285019165854163,-0.035216707035142514
0.018240360361003648,-0.035142630061305836
0.018195795492993806,-0.0350687103977911
0.018151324378027616,-0.03499492791725024
0.018106946828178733,-0.03492129993109251
0.01806266264730255,-0.03484782640191109
0.018018471655179846,-0.03477448725454711
0.017974373667469363,-0.03470129978927637
0.017930368489201334,-0.034628266973531274
0.017886455935532408,-0.03455537429022057
0.01784263581693866,-0.034482636344484896
0.01779890795313314,-0.03441003271217499
0.0177552721572997,-0.0343375839266689
0.017711728232932045,-0.03426528980325292
0.01766827601110545,-0.03419311574009681
0.01762491530491208,-0.0341211051878584
0.01758164591828346,-0.03404924355634223
0.01753846767800253,-0.033977510844405076
0.01749538039984115,-0.033905932915736306
0.017452383891735267,-0.03383450413838678
0.017409477962046983,-0.033763227340436706
0.017366662433809823,-0.03369208235132323
0.01732393713048025,-0.03362108072790132
0.017281301863067255,-0.03355023119093628
0.01723875644535789,-0.0334795250750179
0.01719630069523804,-0.033408962380837355
0.017153934437421418,-0.033338534503939816
0.01711165749147398,-0.03326825309484535
0.017069469669232326,-0.03319812088732345
0.01702737079717369,-0.03312811783084848
0.016985360695248735,-0.03305826414792617
0.01694343919670579,-0.03298853093598799
0.016901606121075045,-0.03291895285612449
0.016859861278160755,-0.032849521368899265
0.01681820448645909,-0.032780230635996825
0.016776635576329968,-0.03271106916664349
0.016735154363058724,-0.03264206291678192
0.01669376067003457,-0.0325731860683935
0.016652454328427994,-0.03250444433424361
0.016611235148376147,-0.032435860761466755
0.01657010295875088,-0.03236739790592715
0.016529057585609238,-0.032299081804978286
0.016488098844963415,-0.03223090949628223
0.01644722656556424,-0.0321628666951597
0.016406440585266427,-0.03209495049684298
0.016365740731887065,-0.03202717530324301
0.016325126817196296,-0.03195955268816331
0.01628459867252565,-0.031892051036092224
0.01624415612144704,-0.031824699137610414
0.016203798987579305,-0.031757479641265705
0.016163527118665203,-0.031690372525530544
0.01612334033320377,-0.03162342671623575
0.016083238444570002,-0.03155661927986755
0.01604322130004891,-0.0314899212326625
0.016003288723959088,-0.03142337893877538
0.015963440536928393,-0.031356969190805856
0.015923676566006115,-0.03129069785850561
0.015883996639984636,-0.031224559202988174
0.01584440059496456,-0.031158547453857245
0.015804888258281892,-0.03109267714840033
0.015765459454949483,-0.031026942445482365
0.01572611402205629,-0.03096133168246896
0.015686851788242907,-0.03089586246461769
0.015647672592201685,-0.03083051159000332
0.015608576265332911,-0.030765302141550512
0.015569562641768784,-0.0307002168492267
0.015530631554598238,-0.030635267366736024
0.015491782838309263,-0.030570444972417347
0.015453016322291836,-0.03050576130452342
0.015414331841926818,-0.0304412018095418
0.015375729230231214,-0.03037677822986464
0.015337208326124792,-0.03031247607544122
0.015298768968507768,-0.03024830405158395
0.015260410983033608,-0.030184273641915362
0.015222134210364745,-0.03012035904654846
0.015183938476086532,-0.030056594727554037
0.015145823619005133,-0.029992943343813017
0.01510778948431836,-0.029929419274628808
0.01506983590795129,-0.02986602555085748
0.015031962724483941,-0.02980276205862796
0.014994169768474463,-0.029739628908808036
0.014956456874522708,-0.029676625962337094
0.014918823888629909,-0.02961373892527414
0.014881270649868243,-0.029550985132164417
0.014843796995911,-0.02948835593817202
0.01480640276389565,-0.029425857206376863
0.01476908779729106,-0.029363477404756363
0.014731851935981956,-0.02930122803040374
0.014694695016647927,-0.029239106187697088
0.014657616874914793,-0.029177114942226696
0.014620617361101639,-0.029115233948687983
0.0145836963122342,-0.02905349216242993
0.014546853565287886,-0.02899187226066504
0.014510088963215931,-0.02893037712720569
0.014473402352074524,-0.028869001096202402
0.014436793571431638,-0.028807755773728475
0.014400262462312432,-0.028746632338100066
0.014363808867470943,-0.028685633914308173
0.01432743263062288,-0.028624757394819525
0.014291133587667227,-0.028564014519836367
0.014254911587244222,-0.02850338218839667
0.014218766486647213,-0.028442863329596002
0.014182698125718037,-0.0283824782126038
0.014146706348506245,-0.02832220935645025
0.014110791004977169,-0.028262059806922733
0.014074951929912427,-0.02820204681932828
0.014039188972676706,-0.02814214174714047
0.014003501977964307,-0.028082367590983388
0.013967890800233463,-0.028022698274101168
0.01393235528339026,-0.027963162777959565
0.013896895266619295,-0.02790374958482349
0.013861510596862307,-0.027844455892213456
0.01382620112007937,-0.02778528459898269
0.013790966692327686,-0.027726221241759608
0.013755807158303645,-0.0276672888163671
0.013720722363019347,-0.02760847311470401
0.01368571215826408,-0.027549774137930135
0.013650776395946675,-0.027491191734555186
0.013615914916372974,-0.02743274059156734
0.013581127559867982,-0.027374411916559375
0.013546414191436982,-0.027316179855008393
0.013511774663322824,-0.0272580759899152
0.013477208819405301,-0.027200091947310722
0.013442716521429372,-0.02714221020442389
0.013408297625724094,-0.02708444814721079
0.01337395197564486,-0.027026811630174907
0.013339679418682212,-0.026969291969431732
0.013305479801742058,-0.026911895097427547
0.01327135298273177,-0.026854603620965416
0.013237298816347404,-0.026797431984059896
0.013203317164198924,-0.026740362801289125
0.013169407884658112,-0.02668341064744682
0.013135570824547197,-0.026626581254210448
0.013101805825636728,-0.026569877593544435
0.013068112739732688,-0.026513285215522212
0.013034491430136607,-0.026456798346170457
0.013000941767284698,-0.026400411383391442
0.012967463606205133,-0.026344147196775438
0.012934056795433036,-0.026288000167896133
0.012900721188471785,-0.026231967468729814
0.012867456635617525,-0.02617605479226879
0.012834262991214169,-0.026120253631611027
0.012801140120633553,-0.026064555190082536
0.012768087877331382,-0.026008979778041015
0.0127351061187918,-0.025953510145962373
0.012702194694707491,-0.02589816641790433
0.012669353456650987,-0.02584293419413126
0.012636582267424909,-0.025787807933848585
0.012603880992662013,-0.025732787395670212
0.01257124948878456,-0.025677884356477828
0.012538687615904017,-0.02562308706931385
0.012506195237322834,-0.02556839860854904
0.012473772212599432,-0.025513821796268134
0.012441418406749033,-0.025459348062603356
0.012409133670591474,-0.025405000494907497
0.0123769178576962,-0.025350761712022562
0.012344770832158639,-0.025296628941602735
0.012312692450269183,-0.025242613606064654
0.012280682569634499,-0.025188707258431187
0.012248741060910803,-0.025134898472293936
0.012216867788988471,-0.02508120143704847
0.01218506261180103,-0.0250276163222367
0.012153325396427307,-0.024974131563202148
0.01212165600855926,-0.024920755827246528
0.012090054307440177,-0.024867492023939654
0.012058520153239109,-0.024814337271422064
0.012027053412090788,-0.024761285761012622
0.011995653945937207,-0.024708346277380524
0.011964321628474788,-0.024655498715914256
0.01193305631567353,-0.024602777479385093
0.011901857862976664,-0.02455016261694417
0.01187072613994269,-0.024497648283177936
0.011839661016616945,-0.02444523738790674
0.011808662357038622,-0.02439293574841013
0.011777730024759916,-0.024340740471982668
0.011746863884788142,-0.024288651491788757
0.011716063811141373,-0.024236657498253357
0.011685329664915797,-0.02418478150008562
0.011654661312380164,-0.02413300323308214
0.011624058622412337,-0.02408133153407423
0.011593521466708155,-0.024029757579809484
0.01156304970497196,-0.023978301755602914
0.011532643221614118,-0.02392692070515025
0.011502301873539721,-0.02387567510245601
0.011472025527665132,-0.023824515905350264
0.011441814049132148,-0.02377347481169866
0.011411667299344768,-0.023722537494003895
0.011381585144196855,-0.02367170687701308
0.01135156747574002,-0.02362094829463881
0.01132161416120865,-0.023570313746184117
0.011291725063768824,-0.023519777214964396
0.011261900058915876,-0.023469338756540784
0.011232139010676604,-0.023419012774037913
0.011202441783064085,-0.023368790672310694
0.011172808255529337,-0.02331865815533777
0.01114323828698881,-0.02326864963228488
0.01111373175650435,-0.023218719109144213
0.011084288535196083,-0.02316890418993595
0.011054908494639505,-0.023119181713593746
0.011025591512840742,-0.02306955750685651
0.010996337462713193,-0.023020034475085212
0.010967146213527667,-0.02297061544938134
0.010938017628636415,-0.022921306220100537
0.010908951589070235,-0.022872081019325148
0.010879947972202592,-0.02282295991937219
0.010851006652720187,-0.022773934260355923
0.010822127516256273,-0.022724995424143503
0.010793310431880795,-0.022676169501450637
0.010764555265416174,-0.02262744489619365
0.010735861901956275,-0.02257880428248964
0.01070723020966991,-0.02253027938580301
0.010678660066621787,-0.02248183871269742
0.010650151343130815,-0.022433510913139984
0.010621703911838717,-0.02238527586693307
0.01059331764344763,-0.022337148092542575
0.010564992417808106,-0.022289107348969658
0.010536728115224612,-0.02224116519019032
0.010508524615077251,-0.022193315889039174
0.010480381792635957,-0.022145568041016517
0.010452299518949248,-0.022097921807478507
0.010424277676528388,-0.022050362646871352
0.010396316147903997,-0.02200289926134365
0.01036841480675143,-0.021955537571924515
0.010340573535439082,-0.021908263102153925
0.010312792216346445,-0.021861084509880363
0.010285070720851478,-0.021814010462966823
0.010257408911614179,-0.02176704674039997
0.010229806673612663,-0.021720161744882137
0.0102022638910243,-0.021673375478644938
0.010174780442954648,-0.021626682298016106
0.010147356220320267,-0.021580070721929162
0.010119991105712664,-0.021533558131055272
0.010092684975724098,-0.021487141623616767
0.010065437706239683,-0.021440823894879456
0.010038249171556247,-0.02139460526084544
0.010011119250572974,-0.021348479779352704
0.00998404783403838,-0.02130243605306253
0.009957034809035589,-0.02125648557198862
0.009930080054877796,-0.02121063121637571
0.009903183458552912,-0.02116486158127608
0.009876344903385202,-0.021119188143350825
0.009849564267167132,-0.02107361095474237
0.009822841436928987,-0.02102811839037325
0.00979617630051697,-0.02098271634592344
0.009769568729301167,-0.020937422092861868
0.009743018604693994,-0.020892212580123748
0.00971652581669187,-0.020847090844810564
0.0096900902471276,-0.02080206531487636
0.00966371178273713,-0.020757124817021976
0.009637390315756797,-0.020712269077884024
0.009611125729343778,-0.020667509686761395
0.009584917896472225,-0.02062285258928696
0.00955876669638779,-0.020578286209177964
0.009532672011722388,-0.020533813331550424
0.009506633737418361,-0.02048941673000133
0.009480651755973665,-0.020445122413462857
0.0094547259557982,-0.02040090735541744
0.009428856222533187,-0.020356788831631032
0.009403042438087832,-0.02031276117233327
0.009377284489424386,-0.020268821444090663
0.009351582258012485,-0.020224978318231848
0.009325935648614812,-0.020181197222569777
0.00930034455040614,-0.020137518568354433
0.009274808853966358,-0.020093916296774404
0.009249328443891883,-0.020050413633567746
0.009223903198305013,-0.020007004793770676
0.009198532995782958,-0.01996369262820454
0.00917321772942358,-0.01992045717548401
0.009147957299692094,-0.019877301114856857
0.00912275158740973,-0.019834247576864167
0.009097600478384526,-0.019791276428285685
0.00907250387934466,-0.019748373388862005
0.009047461687883666,-0.019705558475779855
0.009022473787466645,-0.019662837559800205
0.008997540063340715,-0.019620204835161116
0.008972660401215816,-0.01957766323452636
0.008947834698944937,-0.019535195627091915
0.00892306284444265,-0.01949282490188205
0.008898344728347085,-0.019450533790124326
0.008873680240348947,-0.019408333976182527
0.00884906926224191,-0.019366228266925578
0.0088245116905309,-0.019324196535106926
0.00880000743361551,-0.01928223583846149
0.008775556369130664,-0.01924038671592055
0.008751158387519805,-0.01919860868313774
0.008726813386999939,-0.019156916255292793
0.008702521261209833,-0.019115306469670378
0.008678281898258373,-0.019073788115199056
0.00865409519808927,-0.019032340940156527
0.008629961049677757,-0.018990990999456125
0.008605879341058624,-0.018949723783871567
0.00858184997165445,-0.01890853366090618
0.008557872832184293,-0.018867434994342874
0.008533947822507658,-0.0188264076087686
0.008510074831448585,-0.018785477571194434
0.008486253751458834,-0.01874462464579908
0.0084624844822678,-0.01870385177343397
0.00843876692003731,-0.018663161711564576
0.008415100961736385,-0.018622551804234642
0.008391486501066846,-0.018582027746448973
0.008367923440434816,-0.018541575135885734
0.008344411670851792,-0.018501217022459434
0.008320951092817672,-0.01846092756886674
0.008297541598686023,-0.018420732561905264
0.008274183084298675,-0.01838061210956792
0.008250875446008232,-0.018340577553710168
0.008227618567767414,-0.018300637681527707
0.008204412356782495,-0.018260757922265572
0.008181256713882128,-0.018220967037481148
0.008158151528449084,-0.018181262233360435
0.00813509670731357,-0.018141623200209185
0.008112092150736064,-0.018102070346004043
0.008089137756280238,-0.018062594870253107
0.008066233421003282,-0.018023202703201322
0.008043379041456189,-0.017983890854233988
0.008020574520160795,-0.017944653674340973
0.00799781975997958,-0.01790549409212377
0.007975114660224065,-0.017866414824831294
0.00795245910955353,-0.017827427665163997
0.007929853018596495,-0.01778849783567871
0.007907296284730454,-0.01774966295321908
0.007884788792053574,-0.017710917129080576
0.007862330452525434,-0.01767222880381618
0.007839921167873336,-0.017633629794612877
0.007817560843146568,-0.01759509683219952
0.007795249366935176,-0.017556664664759875
0.007772986638708997,-0.017518298664908265
0.0077507725699028415,-0.01748000458908808
0.007728607066713439,-0.017441785535110638
0.007706490024785079,-0.017403652952307575
0.007684421352728937,-0.017365583661962974
0.007662400967774111,-0.017327580703280512
0.007640428755944326,-0.01728968151102438
0.007618504619761092,-0.017251842922215772
0.0075966284640819415,-0.017214087879537748
0.007574800182585446,-0.01717641663722651
0.00755301967595082,-0.017138820301811974
0.007531286846570306,-0.017101301981544106
0.007509601606874045,-0.017063847210485452
0.007487963857864535,-0.017026479048709225
0.007466373498719096,-0.01698918597380447
0.007444830443187893,-0.0169519565041748
0.007423334592203132,-0.016914813720357712
0.00740188584936808,-0.016877740383952036
0.007380484121979723,-0.016840742201486264
0.0073591293214122,-0.01680381057274622
0.007337821347167052,-0.01676696568493903
0.0073165600936330386,-0.016730201812244803
0.007295345471629671,-0.016693501685642757
0.007274177391064571,-0.016656876866308585
0.0072530557539669666,-0.01662033028460022
0.00723198046327138,-0.01658385907367717
0.0072109514233864224,-0.01654746310182246
0.007189968554711371,-0.01651112227583119
0.007169031752878,-0.016474879880765708
0.007148140920304749,-0.016438701366918985
0.007127295966674293,-0.016402598346495677
0.007106496791662981,-0.016366576444038803
0.007085743310440725,-0.016330612743765786
0.007065035442260132,-0.016294715901779448
0.00704437308852494,-0.01625890314500119
0.007023756158382011,-0.016223154448549545
0.007003184549997036,-0.016187495613084874
0.00698265817430653,-0.016151895100331385
0.00696217695039138,-0.016116361551896587
0.006941740795621944,-0.016080891942811967
0.006921349612640455,-0.016045506631635495
0.006901003303548683,-0.016010194109257962
0.006880701782842004,-0.015974945659242307
0.006860444950765041,-0.01593978446499129
0.006840232721711449,-0.01590467878404991
0.006820065013808083,-0.01586964294468398
0.006799941731450908,-0.015834685700334708
0.0067798627747371635,-0.015799807165909653
0.00675982805520866,-0.015764992856071428
0.00673983748673107,-0.015730248551597756
0.006719890982672015,-0.015695571410995077
0.006699988450966693,-0.015660969979661283
0.006680129795283157,-0.01562644450663888
0.0066603149192680025,-0.01559199485857792
0.0066405437471652885,-0.015557595176100164
0.006620816197284983,-0.015523268466451759
0.006601132174644211,-0.015489017629908694
0.0065814915874190805,-0.015454837005372432
0.006561894346452667,-0.015420726563703299
0.006542340380884528,-0.01538666330446605
0.0065228295988502515,-0.015352687520436186
0.006503361909757251,-0.015318773363076773
0.006483937230858857,-0.015284926523110443
0.006464555465164205,-0.015251161496877347
0.0064452165179681355,-0.015217466721093443
0.006425920309084732,-0.015183830838651815
0.006406666756909469,-0.015150262425303844
0.006387455771257912,-0.015116767184979181
0.0063682872683786555,-0.015083333588144785
0.0063491611606307525,-0.015049973405782692
0.006330077366376723,-0.015016672052671487
0.0063110357971061844,-0.014983446936935306
0.006292036367506224,-0.01495028357700118
0.006273078996877163,-0.014917184850068464
0.00625416359848021,-0.014884156634157757
0.00623529008050875,-0.01485120178800136
0.006216458354284179,-0.01481831467080162
0.006197668352205174,-0.014785472101714481
0.0061789199971032565,-0.014752700047838897
0.006160213197032801,-0.01472000150884088
0.0061415478632674035,-0.014687370699488398
0.0061229239121139,-0.014654804666325552
0.006104341256701991,-0.014622309273558932
0.006085799814210827,-0.014589875832997213
0.006067299501293916,-0.014557510237423448
0.006048840224918676,-0.014525221172945834
0.006030421904098825,-0.014492988246861788
0.006012044462791162,-0.01446081743492975
0.0059937078244592466,-0.014428705800180748
0.005975411893308612,-0.014396679378568193
0.00595715658392011,-0.014364709443600273
0.0059389418247419775,-0.014332795787061278
0.0059207675442413295,-0.014300938504592638
0.005902633657025447,-0.014269154976551814
0.005884540060252981,-0.014237456793796557
0.005866486670786181,-0.014205812171124021
0.005848473420554538,-0.01417422117413964
0.0058305002277990415,-0.014142701035110746
0.005812567020785556,-0.014111228763362937
0.00579467372272366,-0.014079824533040283
0.00577682024030116,-0.014048497040623938
0.005759006496723292,-0.014017220286151771
0.005741232415939408,-0.013986008918164507
0.005723497919626093,-0.013954856993291884
0.0057058029208688806,-0.013923778954111279
0.005688147337200559,-0.013892760479361499
0.005670531086110595,-0.01386181021796477
0.005652954087972843,-0.01383091938927435
0.005635416264884098,-0.013800091035970748
0.005617917544388767,-0.01376931650619698
0.005600457837463372,-0.013738621853303979
0.005583037065645716,-0.013707978167002862
0.005565655150494944,-0.013677402725304858
0.005548312016649344,-0.01364688127930236
0.00553100759114814,-0.013616419404469261
0.005513741791286386,-0.013586025967199877
0.005496514546284097,-0.013555680691845831
0.005479325790393777,-0.013525389320867326
0.005462175436784159,-0.013495175043586162
0.005445063396739401,-0.013465026296399675
0.005427989602953554,-0.013434923055903188
0.005410953967989363,-0.013404902634252104
0.00539395641641974,-0.013374927619755572
0.005376996876809345,-0.013345015341385878
0.005360075262555514,-0.013315174565862805
0.00534319149440123,-0.013285390744912206
0.005326345497783067,-0.013255666711243107
0.005309537201143955,-0.01322599697647469
0.005292766519598701,-0.013196401612869916
0.005276033370197811,-0.013166866141145116
0.005259337676835683,-0.01313739064575731
0.005242679374795531,-0.013107960696491384
0.005226058387873755,-0.013078599458905285
0.005209474642607473,-0.013049289549420915
0.005192928057644503,-0.013020051352957855
0.005176418555717073,-0.012990867492159002
0.005159946056443368,-0.012961752330720803
0.005143510488589084,-0.012932685690826218
0.005127111783577903,-0.01290367634875673
0.005110749871046974,-0.012874721289065081
0.005094424679640908,-0.012845823577702913
0.005078136129687906,-0.01281699185184147
0.0050618841397454695,-0.012788223156761694
0.005045668645711395,-0.012759497400289041
0.005029489579313044,-0.012730831931798066
0.0050133468617890534,-0.012702229503725737
0.004997240422155546,-0.012673678714068659
0.004981170181061729,-0.012645196920752472
0.004965136076253573,-0.012616752187967364
0.004949138032903783,-0.01258837949960577
0.004933175968863427,-0.012560067096197282
0.004917249814354518,-0.012531806425854452
0.004901359501408532,-0.012503600379851345
0.004885504953812855,-0.012475457609051882
0.004869686093559089,-0.0124473751314462
0.004853902853164476,-0.012419341526218321
0.0048381551635526335,-0.012391365644065552
0.004822442944691434,-0.012363455979431464
0.004806766128576994,-0.012335592254810457
0.004791124638386442,-0.012307797763446681
0.004775518404550245,-0.012280049411909286
0.00475994735712769,-0.01225236150684089
0.004744411419165643,-0.012224734288041689
0.00472891052523509,-0.012197153089527481
0.004713444607567558,-0.01216962968881099
0.004698013599774914,-0.01214215528430758
0.004682617430365266,-0.012114741521627715
0.004667256024622299,-0.01208738556011718
0.004651929302159829,-0.01206009617585501
0.004636637190085287,-0.012032858710062664
0.004621379622383027,-0.012005673268253997
0.0046061565376505015,-0.011978533999405216
0.00459096786791702,-0.011951452666128676
0.004575813541944624,-0.011924426335275799
0.004560693485309045,-0.011897460765279665
0.004545607627734722,-0.011870547314944323
0.004530555907560614,-0.011843680280414088
0.004515538252107341,-0.011816876969349256
0.004500554587305609,-0.011790128763719212
0.004485604861529874,-0.01176341254157148
0.004470688997467945,-0.011736774539051902
0.00445580692100413,-0.011710183012485807
0.004440958570824241,-0.011683640861432238
0.004426143858952223,-0.01165717992799632
0.004411362721288155,-0.011630751037314906
0.004396615105739441,-0.011604368555994114
0.00438190093021145,-0.011578061675094032
0.00436722013331013,-0.01155178680803127
0.004352572653567818,-0.011525570164579668
0.004337958426367578,-0.0114994000214595
0.004323377383291862,-0.011473288174820554
0.0043088294574095114,-0.011447225698201148
0.004294314574437435,-0.011421227201598034
0.0042798326736576365,-0.011395266826235073
0.004265383693054785,-0.01136936171654901
0.00425096755775648,-0.011343517794289555
0.0042365841946131405,-0.011317729314797855
0.004222233535530213,-0.01129199339248642
0.004207915518420269,-0.0112663041720867
0.004193630081549506,-0.011240664721780506
0.004179377166374171,-0.01121506915186881
0.004165156703434679,-0.01118953478944945
0.004150968614932237,-0.011164061747812518
0.004136812839086109,-0.011138629745339539
0.004122689303037108,-0.011113264936564898
0.004108597951424296,-0.011087929555514868
0.004094538728387893,-0.01106264690315926
0.004080511550992468,-0.011037437147048672
0.004066516358665413,-0.011012259946783447
0.004052553091774601,-0.010987138368871685
0.0040386216842960634,-0.010962066596871146
0.004024722075156531,-0.010937041914171828
0.004010854183993687,-0.010912090240892637
0.003997017957085746,-0.0108871624253294
0.003983213336528048,-0.010862293280846128
0.0039694402617339326,-0.010837465275209525
0.003955698666507396,-0.010812696009766174
0.003941988483217419,-0.010787976689938404
0.003928309655307997,-0.010763298683198023
0.003914662114108609,-0.010738682418872074
0.003901045788362482,-0.010714118896150078
0.0038874606108214,-0.010689608465145628
0.0038739065302952486,-0.010665130680207484
0.0038603834891741146,-0.01064070588651828
0.003846891415604671,-0.010616339852215584
0.003833430239529752,-0.010592026837980072
0.0038199999004945966,-0.010567758193367301
0.0038066003375223046,-0.01054353975607002
0.0037932314891825493,-0.010519368594217274
0.00377989329764258,-0.010495241945278512
0.0037665857088176303,-0.010471156741209799
0.0037533086653132558,-0.010447118967936517
0.003740062097890329,-0.010423140019741312
0.003726845940828022,-0.010399208553201414
0.0037136601270590574,-0.010375333129985764
0.003700504596868579,-0.010351499312430916
0.003687379297452831,-0.01032770708168973
0.003674284162125978,-0.010303973902155412
0.0036612191273389955,-0.01028028538365688
0.003648184136447744,-0.010256641452103697
0.0036351791190481196,-0.010233059474195113
0.0036222040148727423,-0.010209516254218167
0.003609258763152785,-0.010186026361417678
0.003596343314563734,-0.01016256662244432
0.003583457616925788,-0.010139154541979759
0.0035706016074737723,-0.010115792954378387
0.0035577752198409393,-0.010092484697213277
0.0035449783862224822,-0.01006922986242898
0.0035322110364458897,-0.010046031421907416
0.0035194731127597134,-0.010022871896422697
0.0035067645679530985,-0.00999974851303152
0.003494085344651467,-0.009976675746489326
0.003481435380907416,-0.009953650672758623
0.003468814613787535,-0.009930676277511121
0.0034562229859520705,-0.009907743720182997
0.00344366043951105,-0.009884858999449407
0.0034311269160796918,-0.00986201915636605
0.003418622349504931,-0.00983923575291577
0.0034061466864142185,-0.009816485719177459
0.003393699868402923,-0.009793789266955417
0.003381281836529987,-0.009771134928378562
0.003368892537393216,-0.009748522625998764
0.003356531908311666,-0.009725964066917935
0.0033441998834336435,-0.009703456247330265
0.0033318964142792095,-0.009680979075991176
0.0033196214413444133,-0.009658558484327593
0.0033073749043012065,-0.00963617996068144
0.0032951567540969607,-0.009613837999183344
0.0032829669238211,-0.009591558442521323
0.0032708053571205457,-0.009569312414154124
0.0032586720068914733,-0.009547105640235084
0.0032465668209321285,-0.009524941099841585
0.0032344897431951726,-0.009502821833708725
0.0032224407001141303,-0.009480768102467833
0.003210419636183678,-0.009458744967376375
0.0031984264801919755,-0.009436793240573525
0.003186461178404587,-0.009414866353641591
0.003174523687672631,-0.009392978939739645
0.003162613948662781,-0.009371142612104727
0.0031507319149170036,-0.009349334167999745
0.0031388775233706506,-0.009327588458412299
0.0031270507220032104,-0.009305870660388767
0.0031152514638671104,-0.009284195255577504
0.003103479685812865,-0.00926257400814048
0.0030917353215383888,-0.009241003807623594
0.0030800183176004714,-0.009219470319508984
0.0030683286296061393,-0.009197970738558093
0.0030566662054132363,-0.009176516498692937
0.003045030975812993,-0.009155122282765457
0.0030334228808149514,-0.009133767654222405
0.00302184186313596,-0.009112461424681183
0.0030102878774338343,-0.009091183296890272
0.0029987608650718037,-0.009069962204595827
0.0029872607649694028,-0.0090487838432129
0.0029757875460021325,-0.009027619077519726
0.002964341153989601,-0.009006514431048739
0.00295292152407873,-0.00898545539839375
0.0029415285915581854,-0.008964450564504855
0.002930162299014793,-0.008943485542540817
0.0029188225981499,-0.008922557489389074
0.0029075094327715286,-0.00890167807560788
0.002896222759626288,-0.00888082397542709
0.002884962525811532,-0.008860021337557936
0.0028737286774028325,-0.008839255766263902
0.0028625211651008347,-0.008818530104690366
0.0028513399267265866,-0.008797858809146256
0.0028401849138808308,-0.0087772159045227
0.0028290560767173963,-0.008756618775639846
0.0028179533616857814,-0.00873606164587642
0.0028068767202610386,-0.008715541663639833
0.002795826091576982,-0.008695076089032501
0.0027848014225374277,-0.00867464476092022
0.0027738026581770117,-0.008654262174958093
0.0027628297526066945,-0.00863390815336273
0.002751882662690889,-0.00861359133825449
0.002740961334279758,-0.008593320425898398
0.0027300656952522527,-0.008573112861627517
0.0027191956951449874,-0.00855293088447596
0.00270835129675832,-0.00853278041146016
0.0026975324394891355,-0.008512687401228614
0.002686739068602233,-0.008492628893067278
0.0026759711265485387,-0.008472622185275861
0.002665228570618212,-0.008452638235759133
0.0026545113533755476,-0.008432700378042097
0.002643819416339074,-0.008412808564164384
0.0026331527102027076,-0.008392951245779153
0.0026225111934452877,-0.00837312556673318
0.0026118948075804227,-0.008353354584180602
0.002601303494522698,-0.008333623991500222
0.00259073720067848,-0.008313936669518643
0.0025801958826450473,-0.00829427810072066
0.0025696794900055314,-0.00827466579163598
0.0025591879756466348,-0.008255085100077626
0.0025487212855750596,-0.008235553470958095
0.002538279366655296,-0.008216059372230841
0.0025278621756936906,-0.008196597151709372
0.002517469670084931,-0.00817716952524948
0.0025071017943293686,-0.008157791049437368
0.002496758502099122,-0.008138441457631778
0.002486439740594666,-0.008119141076237998
0.0024761454587358704,-0.00809987552854645
0.002465875614714447,-0.008080641767245099
0.002455630149645047,-0.008061463128765512
0.0024454090096500325,-0.008042319292223269
0.0024352121413513876,-0.00802322186746894
0.00242503949039851,-0.008004165059323604
0.00241489100753098,-0.00798514595498512
0.002404766663346494,-0.007966141275340715
0.002394666407117014,-0.00794719186104383
0.002384590180265488,-0.007928283094020426
0.00237453793801957,-0.007909406347823819
0.0023645096328307196,-0.00789057031558206
0.0023545052129324362,-0.007871775092721129
0.0023445246311547263,-0.007853014805836977
0.0023345678407975592,-0.007834292411276528
0.0023246347822952094,-0.007815622335619818
0.0023147254144250417,-0.007796972812288514
0.0023048397065539026,-0.007778349536600711
0.0022949776045555212,-0.007759778743289121
0.0022851390394727413,-0.007741263332850674
0.0022753239709614884,-0.00772276555281154
0.0022655323605256174,-0.007704305670445883
0.0022557641576166484,-0.007685886755660681
0.0022460193172339667,-0.007667499969084268
0.0022362977961244046,-0.007649148392329223
0.002226599540436001,-0.007630843571047953
0.0022169244977069714,-0.007612576767821244
0.0022072726287801223,-0.007594336523247768
0.0021976438931557104,-0.007576131358140227
0.0021880382368274507,-0.007557973206238863
0.0021784556095513735,-0.007539850155905983
0.0021688959666535546,-0.007521762357391675
0.0021593592540766838,-0.007503721484968095
0.0021498454168598705,-0.007485721725401551
0.0021403544097451815,-0.00746775433114881
0.0021308862031760092,-0.007449804747726212
0.002121440749105602,-0.007431905033775224
0.002112017998016152,-0.007414037801258194
0.002102617906319642,-0.007396205964460865
0.0020932404176568008,-0.007378423943269845
0.0020838854893980726,-0.007360665731578967
0.002074553079739791,-0.007342945913270855
0.0020652431468759654,-0.007325255748331425
0.0020559556439800493,-0.007307606793352395
0.002046690520968674,-0.007289996208106837
0.00203744773609119,-0.007272415199602359
0.0020282272400519255,-0.007254878588612355
0.0020190289928225602,-0.007237365766630173
0.002009852950223945,-0.007219894331720734
0.0020006990690115047,-0.0072024525574258345
0.0019915673021875975,-0.007185052204316392
0.001982457606345419,-0.007167681689739356
0.0019733699344908454,-0.0071503525092852785
0.0019643042409945746,-0.007133056002344202
0.0019552604819799663,-0.00711579518758242
0.0019462386167404865,-0.007098564249734901
0.0019372386027596243,-0.007081368956382448
0.0019282603901489904,-0.007064215142019816
0.0019193039261656342,-0.007047102902462063
0.0019103691742859198,-0.007030011735436505
0.0019014560960913596,-0.007012956332407001
0.0018925646415273265,-0.006995942549164764
0.0018836947739171899,-0.006978950001223869
0.0018748464432787654,-0.006962007700635754
0.001866019604161981,-0.006945092501549798
0.0018572142060387436,-0.006928224726452709
0.0018484302140077322,-0.0069113724693729665
0.001839667585275858,-0.006894564831362985
0.0018309262678720332,-0.006877795905061622
0.0018222062286985888,-0.006861045458342916
0.001813507435174668,-0.006844324975436024
0.0018048298236898203,-0.006827666669387033
0.0017961733476310278,-0.006811029786457919
0.001787537979822885,-0.006794414283154817
0.0017789236700067642,-0.006777849295090313
0.0017703303701984217,-0.006761314459527917
0.0017617580559726625,-0.006744792308005348
0.0017532066811886458,-0.00672832068912243
0.0017446762070353623,-0.0067118676647324104
0.0017361665914567997,-0.006695456447912295
0.001727677783586658,-0.006679084259122501
0.0017192097408975982,-0.006662742242879008
0.001710762418032207,-0.006646439270635718
0.001702335779359561,-0.006630157770849772
0.0016939297836369772,-0.006613915357023881
0.0016855443951011252,-0.006597694554280085
0.0016771795748263415,-0.006581509816233131
0.0016688352652787738,-0.006565375963857677
0.0016605114205618461,-0.006549269416906305
0.0016522080057592065,-0.006533190443728819
0.0016439249766713462,-0.006517150666843019
0.0016356622998021785,-0.006501129544214413
0.001627419937465615,-0.006485144729158712
0.001619197848175222,-0.006469190404484995
0.0016109959794127296,-0.006453283953692383
0.0016028142887183161,-0.006437402297403935
0.0015946527423551181,-0.006421548256196848
0.0015865112890632968,-0.006405742237926128
0.0015783898863996066,-0.006389960912903739
0.0015702884913904702,-0.0063742188849803295
0.0015622070680278532,-0.006358498677277163
0.0015541455815965323,-0.00634280909354598
0.0015461039931757737,-0.006327150202127563
0.0015380822522355465,-0.006311536560820762
0.0015300803337310275,-0.006295927321288154
0.0015220981996571857,-0.0062803633258549565
0.0015141358042511605,-0.006264829871271874
0.0015061931086337533,-0.006249327066884472
0.0014982700760996608,-0.006233852107718282
0.0014903666643601191,-0.0062184137407257
0.0014824828340426561,-0.006203003041861332
0.0014746185452216428,-0.006187626048319015
0.0014667737528335323,-0.006172285596311192
0.0014589484197283968,-0.006156970054645509
0.0014511425073317277,-0.00614168816129106
0.001443355975220852,-0.006126437013645959
0.0014355887818528921,-0.006111219743974493
0.0014278408798119964,-0.0060960419223655095
0.0014201122465769887,-0.0060808688166486555
0.0014124028346146598,-0.006065752757998294
0.0014047126037634498,-0.006050653064667398
0.0013970415101445524,-0.006035598852982346
0.001389389519115465,-0.0060205610169757695
0.001381756584470618,-0.006005571566993134
0.0013741426772081059,-0.005990589620326266
0.0013665477645392276,-0.005975644498642474
0.0013589718019821784,-0.005960733343914626
0.0013514147556676008,-0.005945844473551301
0.00134387659042075,-0.0059309865466633605
0.0013363572599867453,-0.005916168344956452
0.0013288567253246049,-0.00590137550794914
0.0013213749543229038,-0.005886607902746542
0.0013139119103609048,-0.00587187131945224
0.0013064675516281043,-0.005857168795251952
0.0012990418417112531,-0.005842491725205437
0.001291634743686499,-0.005827845917878913
0.0012842462131123038,-0.0058132373422372634
0.001276876218965564,-0.0057986454977063525
0.001269524723714334,-0.005784090934627455
0.0012621916962802428,-0.005769553147675102
0.0012548770944336408,-0.005755058522123572
0.0012475808633482949,-0.005740607066131643
0.0012403029760505245,-0.005726163680153309
0.0012330434062188108,-0.005711748638884887
0.0012258021085634306,-0.005697373653666798
0.0012185790437896345,-0.0056830241367011305
0.0012113741588276436,-0.0056687262407312386
0.0012041874275171072,-0.005654430301145737
0.0011970188242986502,-0.005640165413008918
0.001189868302714058,-0.005625940436777454
0.0011827358260451885,-0.005611737786888964
0.001175621370486816,-0.005597551740827073
0.0011685248963610876,-0.005583405736873361
0.0011614463664571836,-0.005569282586129565
0.00115438574718398,-0.005555188050035212
0.0011473429950550134,-0.005541131150821171
0.0011403180691151238,-0.0055271032774294165
0.0011333109441010799,-0.00551308982023511
0.0011263215853111502,-0.005499111419885516
0.0011193499274098065,-0.005485194311908805
0.0011123959458629814,-0.00547127131427333
0.0011054596135470658,-0.005457386046914004
0.0010985408872810772,-0.005443532534931772
0.0010916397292771308,-0.005429707600552957
0.001084756103283752,-0.005415911191306956
0.0010778899801340042,-0.0054021344188502
0.0010710413187139149,-0.0053883976705768185
0.0010642100962119487,-0.005374665677527677
0.001057396276323172,-0.005360976553979561
0.001050599827780735,-0.0053473011359159205
0.0010438207145543781,-0.005333662925920835
0.0010370589007110368,-0.005320047642430054
0.0010303143547548308,-0.005306458254577892
0.0010235870389890514,-0.005292900968404588
0.0010168769167456645,-0.00527937057396699
0.0010101839624280327,-0.005265856325183026
0.001003508131786337,-0.005252388118151613
0.0009968493798481965,-0.005238948966695855
0.0009902076647543801,-0.005225545032927059
0.0009835829488032337,-0.005212167517924037
0.0009769752004236542,-0.005198813923949392
0.0009703843823712367,-0.005185492868467429
0.0009638104555717925,-0.005172201552291345
0.0009572533846095676,-0.005158936989339541
0.0009507131285972842,-0.005145707898518449
0.0009441896496235059,-0.005132505298155643
0.0009376829095544067,-0.005119334840314324
0.0009311928700245476,-0.005106193435022052
0.0009247194944284981,-0.005093080719348859
0.0009182627557270189,-0.005079984838041217
0.0009118226282015177,-0.005066911273379292
0.0009053990744436513,-0.005053871466764674
0.0008989920704675796,-0.00504084161946315
0.0008926015876510407,-0.005027841856535422
0.0008862275904087495,-0.005014868903960176
0.0008798700612283803,-0.005001901895862042
0.0008735289534242756,-0.004988990177125756
0.0008672042248998692,-0.004976098330812088
0.0008608958505797169,-0.004963226149899966
0.0008546037941999874,-0.004950387854999234
0.000848328026885056,-0.00493756562758603
0.0008420685238335297,-0.0049247650082650555
0.0008358252624633131,-0.0049119798916389635
0.0008295982093456953,-0.004899227613625022
0.0008233873392004211,-0.004886487458744034
0.0008171926226746243,-0.004873777035352029
0.0008110140268877817,-0.0048610902159382085
0.000804851526448179,-0.004848421228530542
0.0007987050918302071,-0.004835778746716712
0.0007925746823140024,-0.004823171697462717
0.0007864602574924557,-0.004810594301445185
0.0007803617912082112,-0.004798032061046574
0.0007742792592253733,-0.00478549129981573
0.0007682126364889546,-0.004772969227038418
0.0007621618804054559,-0.004760489631616696
0.0007561269530393656,-0.004748032333321762
0.0007501078208608283,-0.004735603938638483
0.0007441044513968629,-0.004723199107173214
0.0007381168141101785,-0.004710818655523917
0.000732144875262365,-0.00469846606769812
0.0007261886033746327,-0.004686136456464723
0.000720247963854541,-0.004673836653363563
0.000714322924952067,-0.004661558986669458
0.0007084134601201237,-0.004649301500969983
0.000702519521722364,-0.004637091939257262
0.0006966410687617628,-0.004624905299091448
0.000690778059491902,-0.00461275751033916
0.0006849304456622941,-0.004600647254112815
0.0006790981828527141,-0.00458857042562531
0.0006732812249752643,-0.004576531666216364
0.0006674795292334206,-0.004564523973334303
0.0006616930475674387,-0.004552558220078486
0.0006559217343984808,-0.004540624768073008
0.0006501655399009225,-0.004528734727772359
0.000644424420508003,-0.004516872160099654
0.0006386983410694111,-0.004505039928971248
0.0006329872506397299,-0.004493252853585105
0.0006272910878525346,-0.0044815154953695285
0.0006216097981726293,-0.004469817009011958
0.0006159433433682351,-0.004458143362293176
0.0006102916707305755,-0.004446521200828005
0.0006046547308850162,-0.0044349303528909935
0.0005990324701569312,-0.004423388323940548
0.0005934248543119653,-0.004411860121724081
0.0005878318310540338,-0.004400389516012551
0.0005822533553585334,-0.004388941055639087
0.0005766893902031389,-0.00437752595098204
0.0005711398982071947,-0.004366137914153689
0.0005656048384444072,-0.004354785200074486
0.0005600841783961851,-0.004343452257547226
0.0005545778842309553,-0.00433215006783325
0.0005490859291050907,-0.004320863219900586
0.0005436082852827506,-0.004309602141366132
0.0005381449160523817,-0.0042983718379770415
0.0005326958018950207,-0.004287147634855114
0.0005272609150161984,-0.004275954810183245
0.0005218402259504766,-0.004264780275011917
0.0005164337219141826,-0.0042536108537309
0.0005110413833911133,-0.004242462966563637
0.0005056631842434666,-0.004231335072340765
0.0005002990909961172,-0.004220237358650878
0.0004949490780978335,-0.004209153746345726
0.0004896131289482237,-0.004198082577107759
0.00048429124517478567,-0.004187001886468897
0.00047898341468542585,-0.004175942157715653
0.00047368961901619275,-0.004164893088972965
0.000468409843587349,-0.00415385601651682
0.00046314406994344125,-0.0041428349812666606
0.0004578922858353567,-0.004131819769901191
0.00045265448984186036,-0.0041208028384980494
0.0004474306601062632,-0.004109814495462332
0.00044222076843219283,-0.004098844541699486
0.00043702480904193826,-0.004087870821784003
0.00043184277405909665,-0.004076909286400915
0.00042667466325325466,-0.0040659407254301045
0.00042152047047721425,-0.004054984149523696
0.0004163801911400899,-0.004044026150730962
0.0004112538282117925,-0.004033065264246857
0.0004061413702484819,-0.004022120571822119
0.0004010428047657919,-0.004011181875861974
0.0003959581276721588,-0.0040002447139725434
0.0003908873195563106,-0.003989331160039493
0.0003858303675919036,-0.003978419553501092
0.000380787270377008,-0.003967508564972736
0.0003757580164010398,-0.0039566117473594795
0.00037074259332075025,-0.003945721968648298
0.0003657409813002928,-0.003934852960930446
0.00036075317576014993,-0.00392397727773912
0.00035577917413476913,-0.0039131088432679505
0.00035081896102418767,-0.0039022554751234157
0.0003458725202565665,-0.003891413464636314
0.0003409398517933959,-0.003880564668640729
0.0003360209414474506,-0.0038697378603717225
0.00033111576875348854,-0.003858923654958587
0.00032622432037917687,-0.003848118693156568
0.00032134657769514186,-0.003837331660055378
0.0003164825320340134,-0.0038265448356275124
0.000311632171725437,-0.0038157725935298514
0.0003067954734031016,-0.0038050210469765173
0.0003019724152896342,-0.003794284538396633
0.0002971629735869081,-0.0037835690359391805
0.0002923671373589916,-0.003772854707910642
0.00028758488389320805,-0.003762168290371898
0.0002828161864689408,-0.0037514988413289963
0.00027806102292333784,-0.003740847148654033
0.0002733193699143116,-0.003730214239009473
0.00026859120050530414,-0.003719604013343568
0.0002638764800810434,-0.003709023807450609
0.00025917518813719327,-0.003698451453646813
0.00025448728787881114,-0.00368792077800032
0.000249812741290014,-0.0036774129969039094
0.00024515151085248806,-0.003666938798575287
0.000240503561586621,-0.0036564885277532017
0.0002358688612650427,-0.003646064553266794
0.00023124735142497166,-0.0036356984690614604
0.00022663898215181824,-0.0036253605758125827
0.0002220437224336124,-0.0036150448769580517
0.00021746153235074707,-0.00360476616723259
0.0002128923602515853,-0.0035945303785914415
0.0002083361489571967,-0.003584340913495998
0.00020379284627468914,-0.0035741894440010106
0.00019926239868940914,-0.0035640826240431497
0.00019474475322089023,-0.003554015803958426
0.00019023986072306295,-0.0035439869425055665
0.00018574766715599125,-0.0035340034221710394
0.00018126810905829535,-0.0035240726885768106
0.00017680111562794648,-0.0035141995240543355
0.0001723466262041966,-0.0035043682990201067
0.0001679045718084293,-0.0034945988161120796
0.00016347486274832115,-0.003484905352830483
0.00015905741213463788,-0.003475275789388336
0.0001546521412738938,-0.0034657070713370558
0.00015025897273305758,-0.0034561994303871765
0.00014587782885347976,-0.0034467530511713166
0.00014150862886450042,-0.0034373717052964326
0.00013715128266238318,-0.0034280649002532684
0.00013280571111823109,-0.0034188131106600342
0.0001284718293709756,-0.003409635263938509
0.00012414953771992156,-0.003400538695115721
0.00011983872476414959,-0.0033915337953989468
0.00011553927719201888,-0.0033826166810897273
0.00011125110052891044,-0.0033737659521575823
0.00010697410147766974,-0.00336499298637181
0.00010270816318995678,-0.003356320643213308
9.845318123404389e-05,-0.0033477195419603085
9.420903713418924e-05,-0.0033392250007151006
8.997561175420386e-05,-0.0033308166642454116
8.575278581349894e-05,-0.0033225069356149586
8.154043607368666e-05,-0.003314293345910313
7.733844186406447e-05,-0.0033061741539059633
7.314668483046436e-05,-0.0032981474916034684
6.89650372969548e-05,-0.0032902262194933886
6.479336173946452e-05,-0.0032824150199017533
6.0631519395204095e-05,-0.003274712637073567
5.6479377645463904e-05,-0.003267112118017739
5.233679619067475e-05,-0.003259627277118434
4.820362859190859e-05,-0.0032522575705152186
4.407972435013789e-05,-0.003245008456599879
3.996492588311043e-05,-0.003237885571985962
3.585909823080284e-05,-0.003230853440481318
3.176212879275193e-05,-0.0032239170224267373
2.767385749109963e-05,-0.003217119687137223
2.3594108677731797e-05,-0.0032104602105115614
1.9522722126603337e-05,-0.0032039198910615023
1.5459533834152826e-05,-0.0031975147238266946
