time[s],x[m],y[m],vx[m/s],vy[m/s],theta[rad],theta_dot[rad/s],alpha[rad],gamma[rad],mass[kg],masspropellant[kg],u1_vref
294.0749999999897,4940.08715935283,29926.246134829926,-215.68132974415943,-1021.3936293709912,1.3611789233594311,-0.11647204958191588,-3.1431035083519463,4.504282431711378,1554957.21442312,1210675.8453727907,0.9567416846799868
294.1749999999897,4918.577087589819,29824.301227970274,-215.1007176301101,-1019.4490685965162,1.3579418593919512,-0.032370639674799265,-3.146500207993769,4.50444206738572,1553678.0532173533,1209396.684167024,0.9544377070131784
294.27499999998975,4897.121777953656,29722.551743815107,-214.55309636162775,-1017.494841551675,1.3725986751845538,0.14656815792602584,-3.1319706876924602,4.504569362877014,1552398.8920115866,1208117.5229612573,0.9521084952386849
294.37499999998977,4875.735031468867,29620.994981502932,-213.86746484789046,-1015.5676231217358,1.3653550758914905,-0.07243599293063241,-3.13947756569082,4.50483264158231,1551119.7308058199,1206838.3617554905,0.9497542412005266
294.4749999999898,4854.414712116945,29519.631674783857,-213.20319351922225,-1013.6330671907419,1.345716907544885,-0.19638168346605483,-3.1593584051195247,4.50507531266441,1549840.5696000531,1205559.2005497238,0.9473750510885597
294.5749999999898,4833.1525146214035,29418.463826540123,-212.62197495542028,-1011.678482437354,1.3447334219413671,-0.00983485603517828,-3.1605029088856966,4.5052363308270635,1548561.4083942864,1204280.039343957,0.944971109599563
294.67499999998984,4811.948663088737,29317.49164758228,-212.03851532666698,-1009.7217895784329,1.3626550043647443,0.1792158242337714,-3.142744684797666,4.50539968916241,1547282.2471885197,1203000.8781381904,0.9425426326061319
294.77499999998986,4790.803456086961,29216.71537791125,-211.4520700177621,-1007.7626967103216,1.3874298102945837,0.24774805929839294,-3.1181362419495553,4.505566052244139,1546003.085982753,1201721.7169324236,0.9400897941735575
294.8749999999899,4769.723374743379,29116.13381040465,-210.8008134358205,-1005.815675065982,1.3889457042948046,0.015158940002208465,-3.1168515054240586,4.505797209718863,1544723.9247769862,1200442.555726657,0.9376127690044262
294.9749999999899,4748.70815497668,29015.74725783662,-210.15219766698993,-1003.8655256802983,1.3669277407520342,-0.22017963542770452,-3.1390984005848193,4.506026141336854,1543444.7635712195,1199163.3945208902,0.9351116955576466
295.0749999999899,4727.760850080033,28915.555444122663,-209.4730489664635,-1001.918137139578,1.3290020068163624,-0.379257339356717,-3.177283729478426,4.506285736294789,1542165.6023654528,1197884.2333151235,0.9325867490301312
295.17499999998995,4706.876134402917,28815.559602672613,-208.84715677116387,-999.9584145004986,1.311305016492414,-0.17696990323948303,-3.1951878531467854,4.5064928696391995,1540886.441159686,1196605.0721093568,0.9300380895886224
295.27499999999,4686.059063129788,28715.758702484974,-208.1707127312877,-998.0090018763763,1.3141446701620072,0.02839653669593084,-3.192606770062846,4.506751440224853,1539607.2799539194,1195325.91090359,0.9274659158038907
295.37499999999,4665.308753299574,28616.153239380943,-207.5030983021396,-996.054631040322,1.3377829049430703,0.23638234781063167,-3.169218656316879,4.507001561259949,1538328.1187481526,1194046.7496978233,0.9248703681118935
295.47499999999,4644.616413709492,28516.73734255202,-206.92339590082005,-994.1589682892173,1.3824295857132096,0.4464668077013943,-3.124750125001622,4.507179710714832,1537083.529350059,1192802.1602997298,0.9222516258093392
295.57499999999004,4623.987789503246,28417.495606132423,-206.28624206245954,-992.4173641959668,1.401881298395451,0.19451712682241268,-3.105563691588734,4.507444989984185,1535899.5606511089,1191618.1916007795,0.9196096983386577
295.67499999999006,4603.415984561763,28318.418769874064,-205.7180494148269,-990.7683625835699,1.395786599108745,-0.06094699286705946,-3.111876504875293,4.507663103984038,1534760.7164306329,1190479.3473803035,0.9169443307481242
295.7749999999901,4582.901435376593,28219.499089341618,-205.1454918516965,-989.196805324446,1.3638539173790127,-0.31932681729732193,-3.144047846577167,4.50790176395618,1533655.016358403,1189373.6473080737,0.9142554180543605
295.8749999999901,4562.431402671944,28120.733780514638,-204.7003270464935,-987.6530882698119,1.3492673963701916,-0.14586521008821263,-3.1587557334785656,4.508023129848757,1532573.5222131617,1188292.1531628324,0.911542886362537
295.97499999999013,4542.006339413849,28022.118723883075,-204.25063258094826,-986.1505663156345,1.3570884437512807,0.07821047381089169,-3.151069139170866,4.508157582922147,1531509.5323658888,1187228.1633155595,0.9088067909503694
296.07499999999015,4521.623626281785,27923.65175540552,-203.82713132064302,-984.6696847755452,1.387592164274116,0.3050372052283535,-3.1206791434094,4.508271307683516,1530457.751022368,1186176.3819720387,0.9060471461979556
296.1749999999902,4501.298370012493,27825.327864314444,-203.25256269291359,-983.2389109107503,1.390991061815785,0.033988975416689715,-3.117551770646961,4.508542832462746,1529414.2076493849,1185132.8385990555,0.9032640172066801
296.2749999999902,4481.029732673695,27727.14617645436,-202.6863733879749,-981.8168786008375,1.3669402781288393,-0.2405078368694577,-3.1418684782864394,4.508808756415279,1528375.7523714118,1184094.3833210825,0.9004573848041821
296.3749999999902,4460.810015757745,27629.10790259723,-202.19716915950426,-980.3827385713284,1.3446089745847072,-0.22331303544132114,-3.1643887414403506,4.508997716025058,1527340.0754016268,1183058.7063512974,0.8976273438418274
296.47499999999025,4440.6343139434575,27531.21393213364,-201.75701814286853,-978.9397046358905,1.3462520521490045,0.016430775642973655,-3.1628853288950043,4.509137381044009,1526305.5474628943,1182024.178412565,0.8947740489905187
296.57499999999027,4420.50213437208,27433.464614338875,-201.32179571377668,-977.4931779476532,1.372186039645555,0.2593398749655061,-3.1370858839997786,4.509271923645334,1525270.8065119374,1180989.437461608,0.8918976466105293
296.6749999999903,4400.431783611352,27335.856650705482,-200.70350760727788,-976.0796363339416,1.3693569465061344,-0.02829093139420691,-3.140236535848036,4.509593482354171,1524234.869256652,1179953.5002063226,0.8889982677809001
296.7749999999903,4380.415640778763,27238.392289438973,-200.1614283258882,-974.6436126650932,1.3560695916676697,-0.13287354838464618,-3.1537668527188907,4.50983644438656,1523196.9739698872,1178915.604919558,0.8860759340713913
296.87499999999034,4360.440609997974,27141.075044717476,-199.7503078078892,-973.1724472149668,1.3680269954687039,0.11957403801034203,-3.1419169124551627,4.509943907923867,1522156.5766429813,1177875.207592652,0.8831308315873778
296.97499999999036,4340.514562074515,27043.904175006308,-199.26047923458754,-971.7086971116896,1.3822739149286234,0.14246919459919424,-3.127857018763514,4.510130933692137,1521113.294004138,1176831.9249538088,0.8801631875362326
297.0749999999904,4320.64923198003,26946.878187622857,-198.65330094485492,-970.2598738345201,1.3662893351870207,-0.1598457974160262,-3.144148305675407,4.510437640862428,1520066.7987804867,1175785.4297301574,0.8771731012954096
297.1749999999904,4300.824796503003,26850.002267208016,-198.24435477026768,-968.7592041484221,1.37186758883907,0.05578253652049164,-3.138670805669962,4.510538394509032,1519016.803371556,1174735.4343212268,0.8741606478127102
297.2749999999904,4281.061720862306,26753.27322309165,-197.6307564069724,-967.2904411636277,1.3522472506432806,-0.19620338195789438,-3.158601776249612,4.510849026892893,1517963.2494609754,1173681.880410646,0.8711261102870815
297.37499999999045,4261.340915181879,26656.696093314917,-197.2080568042771,-965.7712977673343,1.359608454889885,0.07361204246604364,-3.151352212744309,4.510960667634194,1516905.9508421547,1172624.5817918254,0.8680695116403316
297.4749999999905,4241.660634169596,26560.272372568677,-196.80281012282427,-964.2372074623967,1.394276606946357,0.3466815205647197,-3.1167756448540747,4.5110522518004315,1515844.8771812983,1171563.508130969,0.8649911345122032
297.5749999999905,4222.040000238957,26463.999141337023,-196.2063393063877,-962.7323123165396,1.396805757631773,0.02529150685416026,-3.114535011137619,4.511340768769392,1514780.012510624,1170498.6434602947,0.8618911524876662
297.6749999999905,4202.478770012132,26367.877600573047,-195.61230226824324,-961.2154076397683,1.3668047267032728,-0.30001030928500105,-3.144820623794687,4.51162535049796,1513711.1836926588,1169429.8146423295,0.8587695968625697
297.77499999999054,4182.956448310033,26271.913254703504,-195.22321702099228,-959.6434586954372,1.3651675762165913,-0.016371504866814823,-3.1465270032443717,4.511694579460963,1512638.3911333575,1168357.0220830282,0.8556266308298088
297.87499999999056,4163.473488068715,26176.10712948432,-194.8296024131822,-958.0612521918408,1.3922709965447388,0.2710342032814748,-3.1194954900654537,4.511766486610193,1511561.8383740424,1167280.469323713,0.8524625611806624
297.9749999999906,4144.052232511802,26080.45566943578,-194.21255556912976,-956.5146004853796,1.3856945477275204,-0.06576448817218478,-3.1263756735349473,4.5120702212624675,1510481.5252605202,1166200.1562101908,0.8492775510152126
298.0749999999906,4124.694748145205,25984.959648757194,-193.57484366596572,-954.9602067858739,1.3450702719985888,-0.406242757289316,-3.1673239123311454,4.512394184329734,1509397.3177502265,1165115.9486998972,0.8460716101672421
298.17499999999063,4105.381845734577,25889.624120528046,-193.12902410628652,-953.3552822914887,1.3344071883723867,-0.10663083626202069,-3.1781084000247297,4.512515588397116,1508309.2912272848,1164027.9221769555,0.8428448912739608
298.27499999999065,4086.1162864164617,25794.44956392045,-192.65559318115086,-951.7455660759385,1.3541330638790947,0.19725875506708085,-3.1585312340672207,4.512664297946316,1507217.5105176491,1162936.1414673198,0.8395976939314969
298.3749999999907,4066.893115856131,25699.43826308057,-192.23170560330814,-950.1130083988161,1.404556475821418,0.5042341194232325,-3.1082022784311976,4.512758754252616,1506121.9273120535,1161840.5582617242,0.8363301653563673
298.4749999999907,4047.7304512065652,25604.587457534606,-191.6266464956572,-948.5080554596296,1.4192493117493301,0.14692835927912257,-3.093793391479311,4.513042703228641,1505022.7483526028,1160741.3793022735,0.8330425157647801
298.5749999999907,4028.6248573867533,25509.89882428919,-191.05593819812077,-946.886332454158,1.3977507793113986,-0.21498532437931478,-3.115538576348426,4.513289355659825,1503919.8021103975,1159638.4330600682,0.8297347810167874
298.67499999999075,4009.582328170889,25415.3725325016,-190.42529215864474,-945.2629178759025,1.3397248946353097,-0.5802588467608873,-3.1738725727629915,4.513597467398301,1502813.0028400251,1158531.6337896958,0.8264071503117467
298.77499999999077,3990.586080211791,25321.013085370556,-189.96247959098267,-943.594471310443,1.31405568883759,-0.2566920579771962,-3.1996708193348233,4.513726508172414,1501702.6682475016,1157421.2991971723,0.8230597608352173
298.8749999999908,3971.642796934391,25226.819890211587,-189.43283277400016,-941.9319515896996,1.321248830494489,0.07193141656898833,-3.192676594244344,4.513925424738833,1500588.876759531,1156307.5077092017,0.8196929049558519
298.9749999999908,3952.7506929818655,25132.7945513353,-188.92103952525346,-940.2533887628651,1.3616925826554522,0.40443752160963226,-3.1524109318615405,4.514103514516993,1499471.3450998014,1155189.976049472,0.8163066957700027
299.07499999999084,3933.899237183194,25038.940616242257,-188.51455798671574,-938.5393509304417,1.4356277062007756,0.7393512354532342,-3.0785393952450244,4.5141671014458,1498350.2936072713,1154068.924556942,0.8129013253654682
299.17499999999086,3915.1027090734024,24945.255589492634,-187.96528109791865,-936.8502674962156,1.4707906752829811,0.35162969082205553,-3.0435919067246835,4.514382582007665,1497226.1454533038,1152944.7764029745,0.8094770584660236
299.2749999999909,3896.3520174714936,24851.741664121982,-187.50691601908636,-935.1392537065036,1.466671285184615,-0.04119390098366066,-3.0478295945073928,4.514500879692008,1496098.2632833114,1151816.894232982,0.8060339404435537
299.3749999999909,3877.6486254315428,24758.399956985926,-187.0339203995068,-933.4170713605702,1.42283851151279,-0.43832773671825087,-3.091793869158609,4.514632380671399,1494966.0171347265,1150684.6480843972,0.8025721879460239
299.4749999999909,3859.0047612217986,24665.230093833434,-186.43864209744115,-931.6986315249228,1.3389666159005964,-0.8387189561219361,-3.1759247229164487,4.514891338817045,1493829.8327241407,1149548.4636738114,0.7990919794412581
299.57499999999095,3840.4077053927426,24572.23582925786,-185.97055829055827,-929.9426457557441,1.290829449036801,-0.48137166863795355,-3.2241825530072417,4.515012002044043,1492690.8078534123,1148409.438803083,0.7955934381431227
299.674999999991,3821.8702449243337,24479.414693899154,-185.37460468408653,-928.2113535870644,1.2790426824498204,-0.11786766586980668,-3.236228029944958,4.515270712394779,1491549.1858886143,1147267.816838285,0.7920768432953817
299.774999999991,3803.395576436858,24386.766845269514,-184.74668487475807,-926.4784862963941,1.3040821047279791,0.2503942227815872,-3.2114811688999536,4.515563273627933,1490404.0872187107,1146122.7181683814,0.7885422400299815
299.874999999991,3784.9771249921064,24294.295307982426,-184.18451444751653,-924.7153728708871,1.366324883869902,0.6224277914192284,-3.1494574276991436,4.515782311569046,1489255.347084981,1144973.9780346516,0.7849897716804892
299.97499999999104,3766.5980837703246,24202.005065246776,-183.79041221781614,-922.9024273564845,1.4659400731051289,0.996151892352269,-3.049876631358642,4.515816704463771,1488103.7361946432,1143822.3671443139,0.7814196925589241
300.07499999999106,3748.2688421693674,24109.89354496835,-183.29241600957062,-921.1152027842587,1.5227067942305326,0.5676672112540369,-2.9932582799089085,4.515965074139441,1486949.9690966443,1142668.600046315,0.7778323362890189
300.1749999999911,3729.973910816377,24017.963022677894,-182.94931352990412,-919.3052229045549,1.5361214990968581,0.13414704866325677,-2.979825719389478,4.515947218486336,1485792.61737051,1141511.2483201807,0.7742277448052193
300.2749999999911,3711.709828422351,23926.215129872187,-182.64082394025976,-917.478928057072,1.5057308355092358,-0.3039066358762224,-3.0101587643608037,4.5158895998700395,1484629.9602655321,1140348.5912152028,0.7706061486743947
300.37499999999113,3693.48547289501,23834.65091091344,-182.2435552734101,-915.6421895874801,1.4310545320404826,-0.7467630346875319,-3.084868298058793,4.515922830099275,1483462.044762646,1139180.6757123168,0.7669677549442824
300.47499999999116,3675.322236466905,23743.269207749392,-181.6323642810509,-913.8170316404763,1.3117694243621894,-1.192851076782933,-3.204414386368892,4.516183810731081,1482290.8034872932,1138009.4344369639,0.7633127485708318
300.5749999999912,3657.2134420914454,23652.071887608225,-181.08794375459826,-911.9732014116643,1.2329042650425994,-0.7886515931959001,-3.2834672491354833,4.516371514178083,1481118.4602851346,1136837.0912348053,0.7596412265371977
300.6749999999912,3639.1804762086754,23561.052973160782,-180.3296588277016,-910.189144474439,1.195121905325463,-0.3778235971713644,-3.3216767031069896,4.5167986084324525,1479944.680116996,1135663.3110666666,0.75595340706398
300.7749999999912,3621.2336322630745,23470.209903177365,-179.46843945600924,-908.4306998341626,1.1989047948152167,0.03782889489753738,-3.3184370734168267,4.517341868232044,1478766.8379387336,1134485.4688884043,0.7522491897546502
300.87499999999125,3603.3722275090745,23379.544596225624,-178.61404754000165,-906.6530695174299,1.244745213034124,0.45840418218907436,-3.2731308776742813,4.5178760907084055,1477583.5114693597,1133302.1424190304,0.7485286080902109
300.97499999999127,3585.584056307079,23289.06290597598,-177.88171201995283,-904.8169024964062,1.3331265243389268,0.8838131130480268,-3.1851438842698014,4.518270408608728,1476395.5996681452,1132114.2306178159,0.7447918778460687
301.0749999999913,3567.844512541708,23198.772704264782,-177.3954376537119,-902.9020171119864,1.4642730570963405,1.3114653275741377,-3.0541144572909387,4.518387514387279,1475205.7008727968,1130924.3318224675,0.7410393802161186
301.1749999999913,3550.1591142558295,23108.672145790555,-176.85398285878324,-901.0055847422636,1.5473708770661854,0.8309781996984495,-2.971197088812344,4.518567965878529,1474016.0353797297,1129734.6663294004,0.7372715866218884
301.27499999999134,3532.5040943399886,23018.763342760405,-176.55019915841163,-899.0880303015053,1.581892093997009,0.34521216930823634,-2.9365981162774926,4.518490210274502,1472825.0218619485,1128543.6528116192,0.7334885670389304
301.37499999999136,3514.869667894866,22929.04772197923,-176.34426445122642,-897.1562078117536,1.5674245989153655,-0.14467495081643572,-2.9508795068024236,4.518304105717789,1471629.2926942622,1127347.923643933,0.7296905569232188
301.4749999999914,3497.260323207373,22839.526980094433,-176.0934468749274,-895.2074188479565,1.503428874557844,-0.6399572435752143,-3.0147330157815966,4.5181618903394405,1470427.5581931116,1126146.1891427822,0.7258777643656611
301.5749999999914,3479.6951781306607,22750.201693500167,-175.65145076712378,-893.2528659426521,1.3893438451082538,-1.1408502944959018,-3.128880043330713,4.518223888438967,1469221.625971824,1124940.2569214946,0.7220504101690717
301.6749999999914,3462.207920825257,22661.068059241643,-174.8725730540363,-891.3363425852432,1.2250739331985456,-1.642699119097081,-3.293584218500126,4.518658151698672,1468015.0796521085,1123733.7106017792,0.7182086682208149
301.77499999999145,3444.7993258278475,22572.12254590876,-174.08594997409418,-889.4551333288392,1.1074369485871143,-1.176369846114313,-3.411673283734986,4.519110232322101,1466809.9725889943,1122528.603538665,0.7143525226515954
301.8749999999915,3427.501431909295,22483.352392266977,-172.9789391855228,-887.7015364178133,1.0366703185714081,-0.7076663001570618,-3.4832687206798054,4.519939039251214,1465602.1216482276,1121320.7525978982,0.7104819652643706
301.9749999999915,3410.3337432071335,22394.74999096472,-171.6768870216161,-886.0240130225819,1.0128067567525882,-0.238635618188198,-3.508192849157642,4.52099960591023,1464384.1736554666,1120102.8046051373,0.7065965788313513
302.0749999999915,3393.3041285471895,22306.314998688234,-170.296146599441,-884.3499227648514,1.0361473332643907,0.23340576511802524,-3.4860038183014748,4.522151151565866,1463151.4167190627,1118870.0476687334,0.702696160478842
302.17499999999154,3376.4082198439273,22218.05443858059,-168.95908703262415,-882.6056010764219,1.1074395252032818,0.7129219193889116,-3.415805622577688,4.52324514778097,1461904.1260452224,1117622.756994893,0.698780821928435
302.27499999999156,3359.627686440522,22129.981085814223,-167.80533403405045,-880.7335276637053,1.2277417744895078,1.2030224928622606,-3.2963746793992454,4.5241164538887535,1460647.6225238934,1116366.253473564,0.694851003234843
302.3749999999916,3342.928233472857,22042.110000853467,-166.99452967665187,-878.7108496075659,1.3979294406966543,1.7018766620714652,-3.1266542424216017,4.524583683118256,1459390.3921357072,1115109.0230853779,0.6909074095352643
302.4749999999916,3326.3085297677467,21954.4435585093,-166.1970370511012,-876.6644234416602,1.5138439283368301,1.1591448764017593,-3.0111896089102306,4.525033537247061,1458140.2677400839,1113858.8986897545,0.6869508616808029
302.57499999999163,3309.733307986837,21866.98400584276,-165.75221780909493,-874.5955266654003,1.5745480268832008,0.6070409854637068,-2.9505435667424713,4.525091593625672,1456898.6838612636,1112617.3148109342,0.6829816193156097
302.67499999999166,3293.184276612001,21779.731242721144,-165.49031374836088,-872.5276312161866,1.5795922914149547,0.050442645317538504,-2.9453554786742964,4.524947770089251,1455660.502461289,1111379.1334109597,0.6789999382682139
302.7749999999917,3276.6601690804337,21692.685705409534,-165.24107531567597,-870.4553731160806,1.5284690691877953,-0.5112322222715948,-2.996319239158246,4.524788308346041,1454421.4787006937,1110140.1096503644,0.6750059685088288
302.8749999999917,3260.176925040016,21605.84768951351,-164.83244040417642,-868.3801589602407,1.4205679674712677,-1.0790110171652771,-3.1042366701505175,4.524804637621785,1453181.1592554194,1108899.79020509,0.6709998842957936
302.9749999999917,3243.7677119316127,21519.213915901968,-164.09213108403375,-866.3377361154271,1.2556749966766956,-1.6489297079457215,-3.2695225441885345,4.52519754086523,1451942.2429358347,1107660.8738855054,0.6669818534278928
303.07499999999175,3227.4283139343647,21432.7823678506,-163.39397997247858,-864.3154805136693,1.1445561329935177,-1.11118863683178,-3.380993391027031,4.5255495240205486,1450707.116271469,1106425.7472211397,0.6629518769004694
303.17499999999177,3211.190160564647,21346.54099669397,-162.3815336971743,-862.4137115662896,1.0876327917621378,-0.5692334123137984,-3.4386478031070986,4.526280594869236,1449472.2998510166,1105190.9308006873,0.6589100113033499
303.2749999999918,3195.069462297003,21260.483893061944,-161.20698267644084,-860.5710363202516,1.0851398737821203,-0.024929179800174617,-3.4420696423269233,4.5272095161090435,1448230.9646214123,1103949.595571083,0.6548558380601603
303.3749999999918,3179.0678850456775,21174.61322424939,-160.01577251325773,-858.7066881255289,1.1376367541312518,0.5249688034913143,-3.3905201987681717,4.528156952899423,1446979.5084102233,1102698.139359894,0.650789217301379
303.47499999999184,3163.1714929008403,21088.938415583933,-158.9639214483718,-856.748086654581,1.246048785274775,1.0841203114352331,-3.282883097942415,4.52893188321719,1445719.6928002485,1101438.3237499192,0.6467103876955793
303.57499999999186,3147.348742741339,21003.472860900096,-158.22750159501382,-854.6555468383832,1.4111957739366032,1.6514698866182815,-3.1181299527195856,4.529325726656189,1444457.6983762218,1100176.3293258925,0.6426199371486447
303.6749999999919,3131.6064582608983,20918.21731470586,-157.4228448044065,-852.5554619423588,1.5145473866256305,1.0335161268902722,-3.0152499918577265,4.529797378483357,1443200.4992842106,1098919.1302338813,0.6385186533681313
303.7749999999919,3115.9127401630303,20833.17397557191,-156.93718097867838,-850.4333913395005,1.5551489261917384,0.40601539566107936,-2.974755145538687,4.529904071730425,1441949.5394976703,1097668.170447341,0.6344067256043249
303.8749999999919,3100.255245146355,20748.343065749228,-156.57495016675543,-848.3090982268324,1.5324692294869855,-0.22679696704752905,-2.9974008914401216,4.529870120927107,1440700.5379902741,1096419.1689399448,0.6302844136373167
303.97499999999195,3084.6413449186566,20663.72480896895,-156.13900227697988,-846.1825678028058,1.4459325319428047,-0.8653669754418081,-3.083987243524165,4.529919775466969,1439450.8787243934,1095169.5096740641,0.6261518824797785
304.074999999992,3069.0982313593895,20579.317161043724,-155.43113559266968,-844.0764792522623,1.2952050690707944,-1.5072746287201038,-3.2350804986840043,4.530285567754799,1438201.6178470044,1093920.2487966751,0.6220092970465554
304.174999999992,3053.611568902149,20495.12169471935,-154.86662457240467,-841.9546632437509,1.204710789550364,-0.9049427952043044,-3.32577443135792,4.530485220908284,1436955.2062855468,1092673.8372352174,0.6178567102352173
304.274999999992,3038.2077558894803,20411.129580754805,-154.0381301266865,-839.9211396454466,1.1751689151415656,-0.2954187440879835,-3.3558397170192507,4.531008632160816,1435710.0395659637,1091428.6705156344,0.6136943518401055
304.37499999999204,3022.8954278095234,20327.338496792556,-153.12328079956734,-837.9108396224739,1.2071259736420197,0.3195705850045395,-3.324513343024168,4.531639316666188,1434461.566441541,1090180.1973912118,0.6095219348051908
304.47499999999206,3007.665491088825,20243.753557776017,-152.29936720698245,-835.8493901653818,1.3012896584103708,0.9416368476835112,-3.230867437013831,4.532157095424202,1433208.477382923,1088927.1083325937,0.6053394888328716
304.5749999999921,2992.489730637621,20160.38471554011,-151.75760451204033,-833.688422359065,1.4581640765060606,1.5687441809568972,-3.0741648612593964,4.532328937765457,1431953.7042385652,1087672.3351882359,0.6011474149528169
304.6749999999921,2977.383058671882,20077.22923639548,-151.0667196573905,-831.5547914462996,1.5474572399537867,0.8929316344772603,-2.9852238255968744,4.532681065550661,1430701.5968434382,1086420.227793109,0.5969463630176917
304.77499999999213,2962.317801410312,19994.288752245335,-150.6525726156981,-829.4048415014588,1.5684332093052265,0.20975969351439738,-2.9642753668873603,4.5327085761925865,1429451.6495604645,1085170.2805101352,0.5927363481955976
304.87499999999216,2947.2876775717064,19911.564040666213,-150.30123838605414,-827.2471157912097,1.5205840880655932,-0.47849121239633263,-3.0120769849782967,4.53266107304389,1428199.9710904707,1083918.6020401414,0.5885176052434178
304.9749999999922,2932.3082650280476,19829.055569299177,-149.79412543658944,-825.0847136703603,1.4029466845962029,-1.1763740346939042,-3.129848413324676,4.532795097920879,1426945.7386426562,1082664.369592327,0.5842903263095831
305.0749999999922,2917.4167609093934,19746.759484363152,-148.91504118654234,-822.9608493602518,1.215563764978081,-1.8738291961812177,-3.317811919701943,4.533375684680024,1425691.824514321,1081410.4554639917,0.5800546879312118
305.1749999999922,2902.6033746063868,19664.672465412732,-148.13386303006388,-820.8701895042071,1.0948012786706163,-1.207624863074647,-3.4390496736485887,4.533850952319205,1424440.6829096703,1080159.313859341,0.5758106433221304
305.27499999999225,2887.9030249567236,19582.780118104627,-147.00349649663303,-818.9234730810325,1.0406450090334323,-0.5415626963718398,-3.4941274185007645,4.534772427534197,1423186.7110321738,1078905.3419818445,0.5715581693854261
305.37499999999227,2873.331970645657,19501.077005462143,-145.71054311066794,-817.0311264248462,1.053111269578289,0.12466260544856744,-3.4827917028784485,4.5359029724567375,1421921.2295637361,1077639.8605134068,0.567296661988894
305.4749999999923,2858.8882570680594,19419.56843334115,-144.43713577597575,-815.085721209945,1.1329907215196036,0.7987945194131463,-3.4040140719248493,4.537004793444453,1420642.0683579694,1076360.69930764,0.5630259724852154
305.5749999999923,2844.548738527956,19338.266593878838,-143.39518540103347,-813.0183946231023,1.2817172707623878,1.4872654924278437,-3.2560933275603903,4.537810598322778,1419362.9071522027,1075081.5381018734,0.5587465121356039
305.67499999999234,2830.2682371394244,19257.188920932364,-142.8050138853165,-810.7767294647458,1.5002699139933837,2.1855264323099592,-3.03777370924632,4.5380436232397035,1418083.745946436,1073802.3768961066,0.5544590607545594
305.77499999999236,2816.0478829038507,19176.335683520974,-142.2035423557386,-808.5323741139044,1.6447008165458403,1.4443090255245656,-2.8935901319241824,4.5382909484700225,1416804.5847406692,1072523.21569034,0.5501646873341586
305.8749999999924,2801.841208327615,19095.707087414754,-142.06674576235923,-806.2859610621883,1.7148459950287196,0.7014517848287929,-2.8231342257391514,4.537980220767871,1415525.4235349025,1071244.0544845732,0.545863561469472
305.9749999999924,2787.6258756570733,19015.300921272807,-142.15332670541588,-804.0616614194882,1.7109085661542227,-0.03937428874496951,-2.8264945287968617,4.537403094951085,1414246.2623291358,1069964.8932788065,0.5415558491869203
306.07499999999243,2773.4034212899464,18935.117617516156,-142.22454367127054,-801.8330375665192,1.632295614099078,-0.7861295205514464,-2.904544920947612,4.53684053504669,1412967.101123369,1068685.7320730397,0.5372415863021978
306.17499999999245,2759.199534530345,18855.159999290314,-142.03886759601573,-799.576182258437,1.47766552198374,-1.5463009211533811,-3.058914780624793,4.536580302608533,1411687.9399176023,1067406.570867273,0.5329209489400377
306.2749999999925,2745.06475479762,18775.427538433632,-141.3477973272492,-797.3246085668173,1.24627473989415,-2.3139078208958983,-3.290659505565137,4.536934245459287,1410408.7787118356,1066127.4096615063,0.5285942428365831
306.3749999999925,2730.9981579696646,18695.91847626617,-140.66596827955402,-795.0906216746208,1.0893881035387665,-1.5688663635538345,-3.447894658491948,4.537282762030714,1409129.617506069,1064848.2484557396,0.5242615933775718
306.4749999999925,2717.0464690501594,18616.61315154836,-139.5168891950507,-793.0532471781145,1.0068189216645957,-0.8256918187417067,-3.5314282469593157,4.538247168623911,1407850.4563003022,1063569.0872499729,0.5199230577509435
306.57499999999254,2703.2327815644,18537.49845476287,-138.13687485759584,-791.1469678549214,0.998025229672128,-0.08793691992467723,-3.5415030179635374,4.5395282476356655,1406571.2950945355,1062289.9260442061,0.5155777081737667
306.67499999999256,2689.559286816859,18458.57315186747,-136.73494747540857,-789.25302895401,1.0634963061087623,0.6547107643663428,-3.4773493719425446,4.540845678051307,1405292.1338887687,1061010.7648384394,0.5112249599275231
306.7749999999926,2676.0074093298667,18379.848549707567,-135.51877486992598,-787.2460215990245,1.204952074286417,1.4145576817765475,-3.336964826665897,4.541916900952314,1404012.972683002,1059731.6036326727,0.5068648735296688
306.8749999999926,2662.5350196888653,18301.344519702125,-134.72389641001618,-785.0403000544244,1.424275183365426,2.1932310907900883,-3.11815540573435,4.542430589099776,1402733.8114772353,1058452.442426906,0.5024982050999351
306.97499999999263,2649.151453828485,18223.06574177973,-133.83565860380196,-782.7877792239369,1.563455465660835,1.3918028229540906,-2.97959773593263,4.543053201593465,1401454.6502714686,1057173.2812211392,0.4981261984959027
307.07499999999266,2635.811624168755,18145.016023605494,-133.398296597304,-780.4971817423678,1.6214056904350116,0.5795022477417648,-2.9217044402892745,4.543110130724286,1400175.4890657018,1055894.1200153725,0.49374926383059137
307.1749999999927,2622.496838884011,18067.195240287103,-133.14785284743726,-778.2078331839015,1.5978236182400372,-0.2358207219497448,-2.9451106755974426,4.5429342938374795,1398896.3278599351,1054614.9588096058,0.4893677658985762
307.2749999999927,2609.21512201538,17989.60396853782,-132.81716868631156,-775.9127174928344,1.4920570289002941,-1.0576658933974308,-3.0507996329482707,4.542856661848565,1397617.1666541684,1053335.797603839,0.4849818503646077
307.3749999999927,2596.0014842360065,17912.241591792783,-132.13637779373676,-773.6237674503824,1.3035878833601826,-1.8846914554011156,-3.2396317069046123,4.543219590264795,1396338.0054484017,1052056.6363980724,0.4805917021095254
307.47499999999275,2582.834955008432,17835.11211706863,-131.66529227574446,-771.2947472415206,1.1969952544959737,-1.065926288642089,-3.3463166588557103,4.543311913351684,1395058.844242635,1050777.4751923056,0.47619743816374593
307.57499999999277,2569.748518898317,17758.20488705442,-130.86436110115278,-769.0723001421023,1.172982206193747,-0.24013048302226703,-3.3708623555650856,4.543844561758832,1393779.6830368682,1049498.313986539,0.4717994387150235
307.6749999999928,2556.749232410722,17681.517288066858,-129.992864875948,-766.8759898756396,1.2321058162319478,0.5912361003820096,-3.3123696424889326,4.54447545872088,1392500.5218311015,1048219.1527807722,0.4673972460172773
307.7749999999928,2543.8186469815014,17605.05669158014,-129.30585429220613,-764.6059648671722,1.3752810727941474,1.4317525656219945,-3.1695786326358246,4.544859705429972,1391221.3606253348,1046939.9915750055,0.46299085561037945
307.87499999999284,2530.9109597551396,17528.835931805505,-129.07687226361804,-762.2075977463481,1.6025378856624901,2.2725681286834276,-2.9420965543097317,4.544634439972222,1389942.199419568,1045660.8303692387,0.4585808373370448
307.97499999999286,2518.034270540117,17452.847141460832,-128.76689215022603,-759.8879034467117,1.7489804051829583,1.4644251952046807,-2.7955480457123003,4.544528450895259,1388663.0382138013,1044381.669163472,0.4541680838832489
308.0749999999929,2505.1407613281694,17377.085540766668,-128.9350921194781,-757.6160069416552,1.8155318465648378,0.6655144138187961,-2.7282869065756454,4.543818753140483,1387383.8770080346,1043102.5079577053,0.44975229337725
308.1749999999929,2492.2091558508864,17301.546766591073,-129.31605477282992,-755.3877417559468,1.8029191123007637,-0.12612734264074055,-2.7399217854071978,4.542840897707961,1386104.715802268,1041823.3467519386,0.44533333708630196
308.27499999999293,2479.243746561519,17226.23204637709,-129.65409289367548,-753.1472021398297,1.7103914497607207,-0.9252766254004307,-2.8315187635592363,4.541910213319957,1384825.5545965012,1040544.1855461719,0.4409111061424802
308.37499999999295,2466.27489356831,17151.147288331456,-129.68852993208904,-750.8475804563367,1.5359247895526242,-1.7446666020809636,-3.005428865241837,4.541353654794461,1383546.3933907344,1039265.0243404051,0.43648581658088115
308.474999999993,2453.3605625826453,17076.295782775614,-129.14330985664603,-748.5150555584347,1.2780410308750103,-2.578837586776139,-3.2634972838187126,4.541538314693723,1382267.2321849677,1037985.8631346384,0.43205796159393595
308.574999999993,2440.498221038295,17001.679284205176,-128.6234154435035,-746.1649857043658,1.1097854203829713,-1.6825561049203897,-3.431901823257239,4.541687243640211,1380988.070979201,1036706.7019288717,0.4276278837643672
308.674999999993,2427.7394977254626,16927.277632153917,-127.58723312832399,-744.0165205126124,1.031031579878172,-0.7875384050479945,-3.511524883797663,4.542556463675835,1379708.9097734343,1035427.540723105,0.4231958366319266
308.77499999999304,2415.107099696409,16853.078608066684,-126.32398029053658,-741.9902408723447,1.0411939589736525,0.10162379095480589,-3.5025617106659324,4.543755669639585,1378429.7485676676,1034148.3795173382,0.4187607660899675
308.87499999999307,2402.5978577141323,16779.08425563284,-125.09241982276644,-739.9435243384544,1.1411446208058698,0.9995066183221726,-3.40377113707477,4.54491575788064,1377150.5873619008,1032869.2183115715,0.4143220764629916
308.9749999999931,2390.181981657818,16705.310256714318,-124.15876056313908,-737.7399891851989,1.3330311463162907,1.9188652551042098,-3.212624185392553,4.5456553317088435,1375871.426156134,1031590.0571058048,0.4098800190837062
309.0749999999931,2377.798836707746,16631.777889069002,-123.83144950071947,-735.3236764531534,1.6178059794134778,2.8477483309718714,-2.9277444214393906,4.545550400852869,1374592.2649503674,1030310.8959000381,0.40543566968557965
309.17499999999313,2365.444946162404,16558.480856872113,-123.53890545342189,-732.9703219688853,1.8159742995216694,1.9816832010819156,-2.7294384338627253,4.545412733384395,1373313.1037446007,1029031.7346942713,0.40099045565468905
309.27499999999316,2353.0551878853166,16485.409831000186,-123.89758277087286,-730.7102587192658,1.9297740833789025,1.1379978385723315,-2.6146546053321793,4.544428688711082,1372033.942538834,1027752.5734885046,0.3965441461947612
309.3749999999932,2340.5934836180113,16412.553742557513,-124.61704267305095,-728.5608844267431,1.9618161808071592,0.3204209742825672,-2.5811667086600982,4.5429828894672575,1370754.7813330672,1026473.4122827379,0.3920963198198495
309.4749999999932,2328.050071160072,16339.908876662015,-125.43412457939313,-726.4486589549786,1.9127081932277368,-0.49107987579422585,-2.628699135507748,4.541407328735485,1369475.6201273005,1025194.2510769712,0.38764644038961804
309.5749999999932,2315.440516623057,16267.481328261998,-126.09554537014759,-724.2754840001692,1.780372407833532,-1.3233578539420479,-2.759645389894068,4.5400177977276,1368196.4589215338,1023915.0898712045,0.38319441362022455
309.67499999999325,2302.8076903296283,16195.283382483602,-126.32826293429018,-721.9794577839624,1.560958467199566,-2.194139406339659,-2.978209228532528,4.539167695732094,1366917.297715767,1022635.9286654377,0.3787407459999148
309.77499999999327,2290.224925246648,16123.322616842417,-125.82765082980319,-719.6076564118513,1.2517336436087805,-3.0922482359078542,-3.287549483157145,4.539283126765925,1365638.1365100003,1021356.767459671,0.3742863312020739
309.8749999999933,2277.698603147123,16051.599590311294,-125.26322099525103,-717.2302653112359,1.0414897924236435,-2.1024385118513704,-3.497994555089435,4.539484347513079,1364358.9753042336,1020077.6062539043,0.3698317806724225
309.9749999999933,2265.292719024634,15980.08566321597,-124.05884122488855,-715.1392709532363,0.9288155751362027,-1.1267421728744074,-3.611807729343469,4.540623304479672,1363079.814098467,1018798.4450481376,0.3653772749791633
310.07499999999334,2253.0385804832945,15908.760220375376,-122.54138541339759,-713.2544284059422,0.9114436415753631,-0.1737193356083967,-3.6308004411433634,4.542244082718726,1361800.6528927002,1017519.2838423708,0.36092117229721943
310.17499999999336,2240.940582775459,15837.620006232994,-120.97997707835445,-711.4021414238202,0.9894520337590191,0.7800839218365604,-3.554489938639947,4.543941972398966,1360521.4916869334,1016240.1226366041,0.35646230952503055
310.2749999999934,2228.977080244672,15766.680580379307,-119.63502530787021,-709.3942585368634,1.165837865709965,1.7638583195094597,-3.3794792467149124,4.545317112424877,1359242.3304811667,1014960.9614308374,0.3520005969922375
310.3749999999934,2217.0954695502164,15695.970378524398,-118.8161069445559,-707.102018549088,1.4444126803616222,2.785748146516571,-3.10149901660629,4.545911696967912,1357963.1692754,1013681.8002250707,0.3475371278334325
310.47499999999343,2205.3051446550317,15625.497101538951,-117.90324895184688,-704.732769854468,1.630610108035179,1.861974276735567,-2.916012031532463,4.546622139567642,1356684.0080696333,1012402.639019304,0.3430738214790163
310.57499999999345,2193.5435994518225,15555.263179051733,-117.61545203208928,-702.339224872167,1.7236016031171657,0.9299149508198675,-2.822864517721362,4.546466120838527,1355404.8468638666,1011123.4778135372,0.3386113047927377
310.6749999999935,2181.780301933309,15485.265491605931,-117.63297518513222,-699.9768744580248,1.7230678199054856,-0.005337832116800945,-2.822824253553065,4.545892073458551,1354125.6856580998,1009844.3166077705,0.33414987498108095
310.7749999999935,2170.015655829159,15415.504341090436,-117.64646104149978,-697.6115051549413,1.6285779272830139,-0.9448989262247174,-2.916741240474292,4.545319167757306,1352846.524452333,1008565.1554020038,0.32968947655573966
310.8749999999935,2158.281711177951,15345.983357414498,-117.33944651208284,-695.2098367593826,1.4386787241036312,-1.8989920317938271,-3.106503370359215,4.545182094462846,1351567.3632465664,1007285.9941962371,0.32523027009635586
310.97499999999354,2146.6429634079136,15276.700451932018,-116.38747770037322,-692.8290548248053,1.1534683156905496,-2.852104084130816,-3.392485925252437,4.5459542409429865,1350288.2020407997,1006006.8329904703,0.3207726296648339
311.07499999999357,2135.0880877846052,15207.64782190789,-115.54875623308253,-690.5263002412745,0.9750162862665153,-1.784520294240343,-3.571574468130356,4.546590754396871,1349009.040835033,1004727.6717847036,0.31631656334535063
311.1749999999936,2123.6697554128104,15138.796453114703,-114.1833237179497,-688.5136879318815,0.9003257479089443,-0.7469053835757105,-3.647718684962425,4.548044432871369,1347729.8796292662,1003448.5105789369,0.3118617078869492
311.2749999999936,2112.4081777965725,15070.131619033673,-112.6157761623795,-686.6483408102987,0.9274841907494156,0.2715844284047131,-3.6223440967018274,4.549828287451243,1346450.7184234995,1002169.3493731702,0.3074063187591083
311.37499999999363,2101.2957772574246,15001.659232357963,-111.12400539147761,-684.7238667571102,1.0581087130195028,1.3062452227008718,-3.4933927264184943,4.551501439437997,1345171.5572177328,1000890.1881674035,0.3029495570525147
311.47499999999366,2090.2950539050676,14933.403863125563,-110.00723352356799,-682.5536923239961,1.296616997840295,2.3850828482079223,-3.2559760549670314,4.552593052807326,1343892.396011966,999611.0269616367,0.29849191767882477
311.5749999999937,2079.3308191414812,14865.396934969407,-109.64234763586268,-680.0692815615548,1.6458620444287422,3.4924504658844704,-2.9066800914509394,4.552542135879682,1342613.2348061993,998331.86575587,0.29403511991303377
311.6749999999937,2068.3933711219706,14797.632638045263,-109.37448019510715,-677.6429692414337,1.8964471594827546,2.5058511505401233,-2.65591762501699,4.552364784499744,1341334.0736004326,997052.7045501033,0.2895813512622627
311.7749999999937,2057.3992697438043,14730.094288571943,-109.94101378166147,-675.3834947332015,2.0529668359425832,1.565196764598285,-2.4980544430297584,4.551021278972342,1340054.9123946659,995773.5433443366,0.28513037388290385
311.87499999999375,2046.2995483880923,14662.761106351876,-110.99721355712077,-673.3318222006759,2.121192048321518,0.6822521237893486,-2.4278185640113694,4.5490106123328875,1338775.7511888992,994494.3821385698,0.28068122756100866
311.97499999999377,2035.0740930256618,14595.621741526775,-112.25455362430405,-671.3936482510136,2.10414091122705,-0.17051137094468016,-2.442584088445724,4.546724999672774,1337496.5899831324,993215.2209328031,0.27623266775640043
312.0749999999938,2023.72809427959,14528.679350989043,-113.45998746071663,-669.4239053773218,2.000546688494129,-1.0359422273292074,-2.54394882475862,4.544495513252749,1336217.4287773657,991936.0597270364,0.27178405935694583
312.1749999999938,2012.293196036418,14461.950524079462,-114.34898243172134,-667.288269095808,1.8051015219751583,-1.9544516651897104,-2.73757221085062,4.5426737328257785,1334938.267571599,990656.8985212697,0.26733572359709634
312.27499999999384,2000.8328702312715,14395.457270722009,-114.60325805146621,-664.9325335745467,1.5107695640905683,-2.9433195788459,-3.030943037456973,4.541712601547541,1333659.1063658323,989377.737315503,0.2628888802119831
312.37499999999386,1989.4476244893094,14329.208593394087,-113.85245741962031,-662.4867732792134,1.1142745250059325,-3.964950390846358,-3.427920793627368,4.542195318633301,1332379.9451600655,988098.5761097362,0.2584451239463832
312.4749999999939,1978.1545657231952,14263.19041695486,-112.93058766114108,-660.1817643922664,0.8338946204770499,-2.8037990452888266,-3.7090743115300944,4.5429689320071445,1331100.7839542988,986819.4149039695,0.2540051927931086
312.5749999999939,1967.0329684449407,14197.34906587212,-111.21597278254556,-658.4135108274002,0.6611947558009857,-1.7269986467606409,-3.8838586997439735,4.545053455544959,1329821.622748532,985540.2536982028,0.24956827788232916
312.67499999999393,1956.1229548282304,14131.641222297992,-109.10013616710401,-657.0784357412821,0.5868057151545213,-0.7438904064646443,-3.9610461082806454,4.547851823435167,1328542.4615427654,984261.0924924361,0.24513088670174388
312.77499999999395,1945.4392218024097,14066.04625453923,-106.83733025820693,-655.9496775876407,0.6059598583150392,0.19154143160517845,-3.9449725899932817,4.550932448308321,1327263.3003369987,982981.9312866693,0.24069018712536416
312.874999999994,1934.9777616690228,14000.569768364647,-104.61460133386859,-654.7648617458308,0.720520891320829,1.1456103300578981,-3.8334328951415086,4.553953786462338,1325984.139131232,981702.7700809026,0.23624485396524353
312.974999999994,1924.713940283823,13935.243058162072,-102.63821385199815,-653.2671020257499,0.9387739275301115,2.182530362092825,-3.6177738086515827,4.556547736181694,1324704.9779254652,980423.6088751359,0.23179533193677138
313.074999999994,1914.5919542086776,13870.1171267768,-101.2198607514522,-651.2593138527071,1.2724507126884186,3.33676785158307,-3.285750140976776,4.558200853665195,1323425.8167196985,979144.4476693692,0.22734382269011855
313.17499999999404,1904.5088806856638,13805.243775191297,-100.83073523013714,-648.7335158550301,1.7286989579929823,4.562482453045637,-2.8294967204872297,4.558195678480212,1322146.6555139318,977865.2864636024,0.22289389945906768
313.27499999999407,1894.4284779954974,13740.615106283978,-100.80402690166518,-646.2866890731882,2.079774098216004,3.5107514022302153,-2.477887412469724,4.557661510685728,1320867.494308165,976586.1252578357,0.21844922777216502
313.3749999999941,1884.2365551902615,13676.191800571503,-101.91922805235866,-644.2330571247556,2.337307737408079,2.5753363919207533,-2.218179182211523,4.555486919619602,1319588.3331023983,975306.964052069,0.21400940436041682
313.4749999999941,1873.8617113917462,13611.920986278672,-103.74843798515361,-642.7081429283174,2.5172403623648316,1.799326249567526,-2.0351053328192803,4.552345695184112,1318309.1718966316,974027.8028463023,0.20957185232986308
313.57499999999413,1863.2632926522444,13547.75558737538,-105.98418739501753,-641.6539890329082,2.633905998943964,1.1666563657913231,-1.9147875381354642,4.548693537079428,1317030.0106908649,972748.6416405356,0.20513302830463576
313.67499999999416,1852.4198413925042,13483.661383612309,-108.43451259740209,-640.9420376307121,2.697816425755142,0.6391042681117782,-1.8469795659631103,4.544795991718252,1315750.8494850982,971469.4804347688,0.20068975182216087
313.7749999999942,1841.3214999672311,13419.618542773647,-110.98341425273003,-640.4284083866237,2.715103851228028,0.17287425472886503,-1.825693710461183,4.540797561689211,1314471.6882793314,970190.3192290021,0.19623970163456184
313.8749999999942,1829.9660869380934,13355.621500230502,-113.55413029137745,-639.9704254314547,2.687449813252159,-0.2765403797586928,-1.8493303561741046,4.5367801694262635,1313192.5270735647,968911.1580232354,0.19178153434827538
313.9749999999942,1818.3580792421956,13291.678851468183,-116.0800769589785,-639.4264876231913,2.6119914737692174,-0.7545833948294136,-1.9208154311212144,4.532806904890432,1311913.365867798,967631.9968174687,0.18731488917440076
314.07499999999425,1806.5102656441952,13227.813671080301,-118.47813598000415,-638.6518038788253,2.481075133236995,-1.3091634053222228,-2.0478862180866,4.528961351323595,1310634.2046620313,966352.835611702,0.182840393415991
314.17499999999427,1794.4485778094206,13164.063684127972,-120.61687834774511,-637.499869523298,2.282039878770086,-1.990352544669085,-2.243356512495877,4.525396391265963,1309355.0434562645,965073.6744059352,0.17835969776487004
314.2749999999943,1782.2211267158932,13100.479169306323,-122.27451093527431,-635.8451482164869,1.997731417610173,-2.8430846115991324,-2.5246744346865126,4.522405852296686,1308075.8822504978,963794.5132001685,0.17387550150361686
314.3749999999943,1769.9115968236035,13037.11356470937,-123.09529892289778,-633.6560459695266,1.6094458210443796,-3.8828559656579342,-2.911070933527086,4.5205167545714655,1306796.721044731,962515.3519944018,0.1693914176531628
314.47499999999434,1757.6515543727003,12973.998195346265,-122.60042450903154,-631.1536936310522,1.1052687411053954,-5.04177079938984,-3.4152613918006827,4.520530132906078,1305517.5598389644,961236.190788635,0.16491131911458967
314.57499999999436,1745.478954953028,12911.122889395736,-121.72599419672228,-628.7530595052973,0.7363470628041612,-3.689216783012342,-3.78480862613326,4.521155688937421,1304238.3986331976,959957.0295828683,0.16043754758896167
314.6749999999944,1733.4959515899582,12848.410171643693,-119.83003363069805,-627.1271775204383,0.4879073476512754,-2.4843971515288574,-4.035679718565221,4.523587066216496,1302959.237427431,958677.8683771016,0.15596951425026617
314.7749999999944,1721.7522355154892,12785.789065733346,-117.43716074468875,-626.2110591034527,0.34058641024425007,-1.473209374070253,-4.186419775807969,4.527006186052219,1301680.0762216642,957398.7071713349,0.15150182174405913
314.87499999999443,1710.2682609044173,12723.21233874566,-114.83974611071976,-625.7672698768652,0.27979660108092846,-0.6078980916332158,-4.251093658034289,4.530890259115218,1300400.9150158975,956119.5459655682,0.14702948178466468
314.97499999999445,1699.0501288252087,12660.659682192172,-112.18132079208613,-625.5265655348688,0.2989797904398324,0.19183189358903974,-4.235956562464192,4.534936352904025,1299121.7538101308,954840.3847598014,0.14254915742309038
315.0749999999945,1688.0954555299018,12598.137583949481,-109.54673295306937,-625.2209824269104,0.4005378206635547,1.0155803022372227,-4.138399002349372,4.538936823012927,1297842.592604364,953561.2235540347,0.13805941292298818
315.1749999999945,1677.3915330502284,12535.679654850608,-107.03922479673406,-624.5792909887289,0.5959701739148704,1.9543235325131563,-3.946689543834868,4.542659717749738,1296563.4313985973,952282.062348268,0.13356072854910073
315.2749999999945,1666.9050732810956,12473.346369432944,-104.86459769132698,-623.332854176646,0.9047031263175858,3.0873295240271537,-3.641014435948573,4.545717562266159,1295284.2701928306,951002.9011425013,0.12905554801004748
315.37499999999454,1656.5617456460789,12411.217216053214,-103.43327635016757,-621.2915337972979,1.348618358062611,4.439152317450253,-3.1988025355456005,4.547420893608211,1294005.1089870639,949723.7399367345,0.12454828377353278
315.47499999999457,1646.2208761103032,12349.359260802155,-103.40869535775717,-618.5795525105834,1.9365891493112797,5.879707912486687,-2.610160281983866,4.5467494312951455,1292725.9477812971,948444.5787309678,0.12004477106473921
315.5749999999946,1635.8206163364898,12287.733694041719,-104.00259773813424,-616.2556676043588,2.410343769907996,4.7375462059671625,-2.1348552774182927,4.545199047326289,1291446.7865755304,947165.4175252011,0.11554999734448912
315.6749999999946,1625.2242965627338,12226.246593789661,-105.96319773756099,-614.8710025205771,2.8023441341314825,3.920003642234863,-1.7393870963756788,4.541731230507161,1290167.6253697637,945886.2563194344,0.11106127567065815
315.77499999999463,1614.3618170901102,12164.779299560802,-108.62479472623518,-614.6729422885893,3.153864399619774,3.5152026548829136,-1.3836108404584593,4.537475240078233,1288888.464163997,944607.0951136677,0.10657186255666717
315.87499999999466,1603.2134756537957,12103.209310750437,-111.48341436314526,-615.6998881036374,3.5081014617570365,3.5423706213726245,-1.0251604997178716,4.533261961474908,1287609.3029582303,943327.9339079009,0.1020731357292366
315.9749999999947,1591.8035479910366,12041.413517525716,-114.09927662759071,-617.9579322472084,3.9093455280728695,4.01244066315833,-0.6204605400685614,4.529806068141431,1286330.1417524635,942048.7727021342,0.09755610772215673
316.0749999999947,1580.2091098860717,11979.272138082886,-115.94438104964935,-621.413794428307,4.401765975014726,4.9242044694185685,-0.1261624102201706,4.527928385234897,1285050.9805466968,940769.6114963675,0.09301166024773844
316.1749999999947,1568.5786272397934,11916.693155683253,-116.30482646278341,-625.7898239963359,5.0204246177028855,6.186586426881597,0.49179191116412024,4.528632706538765,1283771.81934093,939490.4502906008,0.08843083367395943
316.27499999999475,1557.1304151648592,11853.675956915486,-114.48212074934169,-630.1719876776815,5.766798469552787,7.463738518499023,1.2341176645622252,4.532680804990562,1282492.6581351634,938211.289084834,0.0838066369063577
316.37499999999477,1546.0680427796203,11790.383993550819,-110.62372385238777,-632.9196336466667,0.2961492023015886,8.125360399283878,-4.243204469589393,4.539353671890981,1281213.4969293966,936932.1278790673,0.07913879052764328
