step,state_mean,state_min,state_max,state_std,state_kurtosis,action_mean,action_min,action_max,action_std,action_kurtosis,reward_mean,reward_min,reward_max,reward_std,reward_kurtosis,critic_loss,actor_loss,alpha_loss,alpha_value,q_value_mean,q_value_min,q_value_max,q_value_std,log_prob_mean,log_prob_min,log_prob_max,log_prob_std,target_q_mean,target_q_min,target_q_max,target_q_std,per_beta,per_mean_weight,per_max_priority
6154.5,1.6559371199999997,1.4926968,1.76592232,0.072797854,-0.878511722,-0.05440422882000001,-0.991604809,0.9863925360000001,0.6078753499999999,-1.3166642599999998,-0.332823864,-10.0,0.21056407500000002,1.98216598,20.7788405,1.7962584018707275,4.707774376869201,-2.183884119987488,0.033840780165092434,-16.1176278,-97.9378565,4.06171446,27.365085099999998,-0.42428025300000005,-1.4661419299999998,1.5925275600000002,0.840278333,-16.0509728,-102.2629824,4.05150578,27.659790400000002,0.436933000000037,0.44878560500000003,22.315638000000003
6164.5,1.65689526,1.4934819999999998,1.7648134900000003,0.0719696128,-0.8067372579999998,-0.05780310369999999,-0.9956421579999999,0.9888077670000002,0.5975452170000002,-1.2541495900000001,-0.3726509480000001,-10.0,0.20999193000000002,2.06118399,19.2319027,2.017661225795746,5.200055408477783,-2.227794015407562,0.033749842084491166,-16.921891199999997,-97.15681939999999,3.98311017,27.893606,-0.39207411299999995,-1.59051621,1.64371363,0.8451823839999999,-16.911849,-100.1929576,4.077562779999999,28.2382105,0.43699300000003694,0.46966759300000005,22.315638000000003
6174.5,1.65661909,1.49380809,1.7657131,0.07189888929999999,-0.8614749850000001,-0.05949252602499999,-0.993769664,0.9916467639999998,0.6026795830000001,-1.2743748700000002,-0.39659511699999994,-10.0,0.21267446700000003,2.1038827700000002,18.1735181,1.9713739991188048,5.080476379394531,-2.2757543444633486,0.033656431352798465,-16.705427500000003,-96.79114459999998,4.028771089999999,28.118071500000003,-0.423597761,-1.44618777,1.7149040100000001,0.859019307,-16.7339078,-101.99381559999999,4.083346359999999,28.501155800000003,0.4370530000000371,0.472206144,22.315638000000003
6181.0,1.6539385333333332,1.4948356,1.7645509,0.07291464333333333,-0.8935539566666667,-0.041825965,-0.9888320199999999,0.98676825,0.5900491099999999,-1.2454526000000001,-0.4549021599999999,-10.0,0.21047206666666665,2.2283732,16.147498,1.4113954703013103,3.823242505391439,-2.039637565612793,0.03359605160798163,-15.199318999999997,-97.32319466666667,4.076472866666666,27.377241333333334,-0.43124080666666664,-1.5600325,1.6974702333333334,0.83890239,-15.127209,-102.17772666666667,4.098513966666666,27.666954333333333,0.4370920000000371,0.41817993999999997,22.315637999999996
12304.5,1.66498864,1.4964132200000002,1.7732746899999998,0.06695450909999999,-0.502820843,-0.1252128549,-0.9958484329999999,0.9852692929999998,0.6103683259999999,-1.2564604899999998,-0.22645164950000002,-10.0,0.208971105,1.7445495299999998,27.9613539,3.859193170070648,18.56612663269043,-3.0388001680374144,0.005606128630196099,-69.6516925,-237.85470100000003,3.0993853299999996,74.5220054,-0.664734761,-1.66799586,-0.022377943699999996,0.218821356,-68.4729492,-243.33134600000002,3.42311003,74.15543599999998,0.47383300000007383,0.35237219700000005,27.593447000000005
12314.5,1.6639990399999998,1.4987633700000003,1.7743779199999998,0.06731887109999998,-0.55062417,-0.15707222250000002,-0.99709151,0.984983523,0.607958917,-1.2493002199999999,-0.266255996,-10.0,0.20706975700000002,1.8238288299999996,27.63957875,2.355481708049774,20.61561336517334,-3.3876421451568604,0.005590206662078534,-67.6711699,-239.90602800000005,3.3633516,74.7007389,-0.668049173,-1.61748088,-0.0602536203,0.200361527,-67.3595272,-247.18948,3.4473808399999997,74.753954,0.47389300000007395,0.39154138999999993,27.593447000000005
12324.5,1.66409668,1.49684291,1.77427752,0.0666753069,-0.5377399580000001,-0.13606392659999997,-0.996391893,0.986846885,0.6029065069999999,-1.2461789399999998,-0.24058165999999997,-10.0,0.208663554,1.76823676,29.0279279,1.9131606340408325,21.63792324066162,-3.6380951166152955,0.005573811705183346,-66.4320353,-242.185709,3.31247628,74.08016099999999,-0.67365028,-1.72491655,-0.11173970559999999,0.18346542600000001,-66.1167599,-246.220737,3.4636429900000003,74.1539039,0.4739530000000739,0.4188345480000001,27.593447000000005
12330.0,1.6692964,1.49509,1.7804595,0.0663597,-0.46254253,-0.11647034,-0.9976375,0.97607815,0.6066435,-1.2546412,-0.29217783,-10.0,0.20395283,1.9608026,20.472023,3.1826062202453613,26.11676788330078,-3.880903482437134,0.005564488959697371,-71.598175,-244.65968,3.7285237,70.95331,-0.67935795,-1.0954298,-0.14134502,0.14617088,-72.26753,-242.2343,3.3676598,71.518936,0.473986000000074,0.4459174,27.593447
21954.5,1.6055660000000003,0.681177759,1.9316105499999998,0.20369804400000002,6.269371510000001,0.181354119,-0.9922507779999998,0.9772481860000001,0.6115078800000001,-1.15449999,-0.076189506,-10.0,0.44317985699999995,1.3463797359999998,58.0038801,2.1801079511642456,69.79999389648438,2.3033833146095275,0.008714778065540411,-200.258099,-623.56654,-5.80707083,146.06247000000002,2.2194562899999997,-1.858836455,3.03263301,0.7967245089999999,-199.990161,-621.221248,-5.52119173,146.11427299999997,0.531732999999838,0.389678872,58.52532999999998
21961.0,1.6072925,0.6592629466666667,1.9373945666666665,0.2027954333333333,6.049393966666666,0.15991538333333333,-0.9896903266666666,0.9601754666666666,0.6037697999999999,-1.2157314666666668,-0.24848799000000002,-10.0,0.4482236333333333,1.8582089000000002,23.67254166666667,2.6466928323109946,65.09036763509114,2.0793579816818237,0.00873233940783358,-208.67398666666668,-627.1176999999999,-5.629550166666667,146.89243,2.2324272666666665,-1.9561318333333333,3.0399201666666666,0.7771848499999999,-208.43585,-624.6943766666667,-5.4451336999999995,147.0356833333333,0.5317719999998378,0.34525333333333336,58.52533
44500.5,1.49275045,0.6482135200000001,1.93199955,0.36436169,-0.5663434700000001,0.386288785,-0.98877915,0.9884251,0.592753335,-0.333302615,-0.031973721999999996,-10.0,0.44879216,1.4202408499999999,41.6349085,0.5805632472038269,57.04841423034668,-0.06797050684690475,0.12390976360842099,-188.57668,-343.88495,-79.24240499999999,62.542182499999996,0.93786077,-4.131225000000001,2.2047594999999998,1.0422441,-189.0903,-353.49038499999995,-79.12248,63.126217999999994,0.6670089999987219,0.313303665,58.52533
70154.5,1.4352594100000002,0.6483388470000001,1.93126594,0.40368429600000005,-1.09293052,0.4750769979999999,-0.986272535,0.9911672069999999,0.516117976,0.8660079505999999,-0.004598509400000003,-9.937000399999999,0.45190471,1.40071432,46.9431108,0.3345627136528492,17.628624820709227,-0.014014269039034844,0.12839784274640206,-96.354053,-263.33858599999996,-45.7057742,61.790881999999996,0.98342116,-4.2494047,2.18000318,1.000980882,-96.4856376,-267.48764700000004,-45.508244,62.2902739,0.8209329999974516,0.2013061784,64.264145
70164.5,1.43402228,0.6476842429999999,1.93332516,0.408138775,-1.154168693,0.46569019999999994,-0.9838447800000001,0.9906752300000001,0.5162841370000001,0.725878639,-0.005301642769999998,-10.0,0.4518650409999999,1.42167154,40.877052600000006,0.4817142516374588,22.916453456878664,-0.017800929211080074,0.12825963651464017,-98.05465139999998,-264.32198099999994,-45.80227529999999,62.12273049999999,0.9675831269999999,-3.9719167500000006,2.2106599,0.9984232169999998,-98.11776990000001,-268.035166,-45.6430081,62.604843900000006,0.8209929999974511,0.258596108,64.264145
70171.0,1.4226328,0.6477466233333334,1.9353255999999999,0.4133817833333333,-1.2401482333333333,0.49113176333333336,-0.9759412366666665,0.9922175933333334,0.5008602966666666,0.7571984,0.08838546833333333,-9.456054666666667,0.4539365466666667,1.0585251,78.39518,0.38122645020484924,22.388377507527668,-0.025819070326785248,0.12817333623255264,-94.90870166666667,-268.94622999999996,-46.26409533333333,60.69923466666666,0.9756392799999999,-4.036843233333333,2.1604662,0.99707081,-95.03269666666665,-271.47184999999996,-45.63897733333334,61.28964133333333,0.821031999997451,0.26062245333333334,64.264145
105204.5,1.36943496,0.6482588830000001,1.9666377500000003,0.43616791099999996,-1.4126115799999999,0.381684173,-0.9643139890000001,0.993681743,0.5384051449999999,-0.6187999269999999,0.08440785795000001,-10.0,1.024329361,1.2704950140000002,60.17149490000001,0.23413098007440566,5.052475833892823,-0.0775680348277092,0.03965314808829532,-29.6527827,-183.60348800000003,4.611366649999999,37.1037717,0.9310706499999999,-3.5832016599999994,2.43085668,0.965873998,-29.736481400000002,-190.36365299999994,4.688106540000001,37.604948,1.0,0.22371940499999998,93.32501
105214.5,1.36606643,0.6476499710000001,1.9650577599999999,0.434604341,-1.4074007299999998,0.38387723900000004,-0.9868662420000002,0.989707432,0.536650048,-0.571298265,0.07436446119999998,-10.0,1.460886087,1.29945368,51.6654367,0.14875567853450775,3.596144950389862,-0.04203219972550869,0.03953312727872428,-29.048541700000005,-177.135564,4.09271236,35.6418823,0.951092018,-3.8691761299999996,2.46409828,0.977407507,-29.1721791,-179.820429,4.21385406,36.094673400000005,1.0,0.1674007899,93.32501
105224.5,1.3847024799999998,0.648505724,1.9629653400000002,0.435871136,-1.4092590100000002,0.38976768500000003,-0.979577194,0.9930664450000002,0.5390641760000001,-0.5791633900000001,0.0955581798,-9.74091887,1.486848884,1.1500606420000001,70.4191731,0.1232404112815857,4.130038857460022,-0.03976913094520569,0.039442105121934676,-30.373944800000004,-186.21986700000002,4.7002301200000005,37.65916109999999,0.9562244929999999,-5.359837799999999,2.4842194199999996,1.0580745139999999,-30.571556599999997,-190.43506900000003,4.75436428,38.0955644,1.0,0.18032606899999998,93.32501
105234.0,1.3758427777777777,0.6492294822222222,1.9638119333333333,0.4381014277777777,-1.4133336444444449,0.38638249444444445,-0.9688864666666667,0.9881994955555555,0.5373516255555555,-0.6060410866666666,0.13044288144444444,-10.0,1.62709128,1.0995226288888889,79.12010033333334,0.12046859082248476,4.145264705022176,-0.06328330644302899,0.03936209900338964,-30.259793444444444,-180.82169222222223,4.406795444444445,36.76260977777778,0.9294315766666666,-4.286897233333334,2.4618232888888887,1.0324887166666668,-30.437495888888886,-186.67433777777777,4.48679551111111,37.25006122222223,1.0,0.18313225111111112,93.32501
142504.5,1.3396508200000001,0.6480518279999999,1.9624406500000002,0.45242331699999994,-1.46140471,0.31981379699999996,-0.9794187840000002,0.990221212,0.5445687909999999,-1.0257030229999997,0.1064333507,-9.63704996,1.278488395,1.1672813,55.1972405,0.119008294865489,-1.2610592901706696,-0.07275395086035133,0.02567640855952776,-2.6267381940000005,-201.803567,24.8343345,44.1250079,0.9540146020000002,-3.4707355,2.7685488700000005,0.984458834,-2.8263924339999997,-209.269645,24.911783800000002,44.6966318,1.0,0.17593770700000003,93.32501
142514.5,1.34245326,0.6490811890000001,1.9642044600000002,0.44975340399999997,-1.43886636,0.31307845000000006,-0.9765586469999998,0.989468117,0.5576624339999999,-1.086227975,0.0964742819,-10.0,1.6255946960000003,1.272999663,50.023828800000004,0.147460376098752,-1.5291203737258912,-0.046344058401882646,0.025625452564695016,-2.407512496,-209.19111400000003,24.822409199999996,43.840981299999996,0.99491223,-3.93802951,2.8000275,0.9847939740000001,-2.5934425392000002,-216.54208699999998,24.922822199999995,44.4182311,1.0,0.20691418600000003,93.32501
142523.5,1.334917125,0.6502589599999999,1.9688756625,0.4474902675,-1.4270469499999998,0.31013923624999995,-0.9710769862499999,0.990938745,0.5534753825,-1.07044258125,0.114309857125,-10.0,0.94983910625,1.2238528375000002,60.92424175,0.12426486890763044,-1.23031447827816,-0.0601061787456274,0.02558443788137203,-2.3276480875,-210.3103625,24.87653475,43.893032000000005,0.95889587,-4.1298328375,2.8128593625000002,0.9695748375,-2.4759388424999997,-216.02975375,24.955414875,44.418492375,1.0,0.15146669875,93.32501
181903.0,1.3177900428571427,0.6479601957142858,1.969687257142857,0.43734109285714284,-1.3119243714285713,0.2677649242857143,-0.9722406699999999,0.9931859857142858,0.5743489828571429,-1.3282231285714285,0.1421252177142857,-10.0,2.027667408571429,1.2056738285714286,62.78715585714286,0.24487723303692682,-2.362947106361389,0.13560125338179724,0.0154202200082893,-5.571761457142856,-323.6809857142857,33.31762328571429,68.51917200000001,1.3084578714285715,-3.7513586571428577,4.694270014285714,1.5418361285714288,-5.743125,-326.9980342857143,33.676109571428576,69.11971571428572,1.0,0.2071243042857143,130.26414
230604.5,1.3304888,0.648207686,1.9677708799999998,0.44983904100000005,-1.37982927,0.25099804499999995,-0.98243768,0.9907633130000001,0.5937058050000001,-1.35671837,0.1380222977,-10.0,1.180984917,1.118831389,88.2085062,0.15122350230813025,-3.447774648666382,0.14923665896058083,0.015563921425222107,1.04564819,-348.00524099999996,40.359764999999996,71.2921255,1.5812042199999998,-3.89774806,6.13558014,1.64925599,0.6878289399999999,-354.687975,40.7589433,72.12664290000001,1.0,0.171381709,130.26414
230614.5,1.3273897500000003,0.6489666580000001,1.9649722699999999,0.4502578949999999,-1.3984785,0.23265970300000002,-0.971527421,0.989980177,0.5967407859999999,-1.41718243,0.1839390675,-9.78170137,1.375405112,0.9607380259999999,96.76578319999999,0.11185456961393356,-2.9467381715774534,0.1452269148081541,0.01561432088124344,0.967713475,-327.133133,40.3583891,70.05960110000001,1.6255581,-3.75843998,6.1128331000000005,1.6668482199999999,0.6790820869999997,-331.15024100000005,40.8191019,70.7479345,1.0,0.14957558659999998,130.26414
230624.5,1.3233007799999998,0.646530803,1.96311567,0.44766482500000004,-1.34016173,0.25568402600000006,-0.9714859390000001,0.9895544560000001,0.595810405,-1.40791384,0.14090379706000003,-10.0,1.6860193979999998,1.1508885569999998,73.02294730000001,0.13029832914471626,-3.6693808794021607,0.16635572984814645,0.015670504143571233,4.843963279,-326.99515099999996,40.3136128,65.56903460000001,1.5874919399999998,-3.2945016700000003,6.238168140000001,1.6163664899999997,4.625099883999999,-336.42878400000006,40.889022499999996,66.38567689999999,1.0,0.171578988,130.26414
230634.5,1.3203443099999999,0.646659798,1.9643392299999998,0.45740218399999993,-1.40077041,0.23261148899999995,-0.985792955,0.9900633150000001,0.5939374080000001,-1.40893348,0.1274783055,-9.71533484,1.8941695859999998,1.14462171,58.48054570000001,0.11060644127428532,-3.219389533996582,0.13753962479531764,0.01573002639693959,3.47515402,-334.766037,40.3979035,66.7969914,1.56257094,-4.18620174,6.096381539999999,1.6473576,3.1952694,-339.94948800000003,41.18091009999999,67.41349410000001,1.0,0.15697129199999998,130.26414
230642.0,1.3189885399999999,0.647355142,1.9672296000000002,0.448296386,-1.36029664,0.24157368799999998,-0.97078186,0.992002894,0.5911358800000001,-1.3999383399999998,0.161342596,-9.48713866,2.6863715200000002,1.071934734,59.774107400000005,0.10042608678340911,-3.717427635192871,0.12955929450690745,0.015771872694746836,3.419256548,-333.70798,40.343802000000004,68.8082056,1.5429223200000002,-3.9327275800000003,6.255833920000001,1.68001112,3.098280626,-337.66375,41.7127022,69.4141308,1.0,0.17844984000000003,130.26414
273854.5,1.31163256,0.6463081669999999,1.9591618200000003,0.4462535140000001,-1.3164851300000002,0.24620182399999999,-0.9592967809999999,0.9907973059999999,0.594501335,-1.4815350199999997,0.15550790259999997,-9.71533484,1.5060073760000001,1.11443143,64.4476907,0.08229121826589107,-4.060057735443115,0.1307511731982231,0.015423292020782436,10.185857462,-316.52711,40.027317,59.955727100000004,1.56546406,-3.828673609999999,6.329541710000001,1.60592775,9.941295985999998,-323.078819,40.4829136,60.5244007,1.0,0.16580580290000002,130.26414
273864.5,1.3030562799999998,0.647557493,1.9629105199999999,0.442894923,-1.27989708,0.245176299,-0.9751624609999998,0.993603133,0.593976852,-1.44027696,0.1681080564,-9.79909062,1.594804253,1.10279342,72.6592976,0.0748009854927659,-4.259785425662995,0.195339809730649,0.01547625605529174,10.065014510000001,-322.462837,40.0597982,62.5123417,1.58784356,-3.07495359,6.276488840000001,1.6013065700000002,9.871985049999997,-328.252326,40.268632,63.057109100000005,1.0,0.1731961097,130.26414
273874.5,1.3138955099999998,0.6472319659999999,1.9664489799999998,0.446571489,-1.33135528,0.229875936,-0.9766671090000001,0.9915747770000001,0.6037889680000001,-1.4578024199999997,0.1499605881,-9.43785143,0.5002682730000001,1.0802360500000001,72.3633639,0.07435203604400158,-4.151704216003418,0.16627567484974862,0.015547516330748195,8.659807500000001,-335.13976399999996,39.9848996,64.18032409999998,1.59500529,-3.26290135,6.39101357,1.6638197600000002,8.3981573,-342.02761399999997,40.11011429999999,64.88083579999999,1.0,0.17658898500000003,130.26414
273881.5,1.3214574,0.6469023175,1.963940875,0.44330751999999995,-1.33702415,0.25794990250000005,-0.992245975,0.991437675,0.5995512725,-1.42880965,0.20063579600000003,-8.508536925,0.49600685,0.8005649375000001,98.97228875,0.0952728372067213,-4.962363362312317,0.2415367104113102,0.015602341353080137,9.30063355,-312.30188,40.069904,63.4857895,1.5957222500000001,-4.84640595,6.422226025,1.6596245749999998,9.056593,-319.43028,40.09848975,64.07364625000001,1.0,0.213776575,130.26414
327704.5,1.29982858,0.6473906199999999,1.9663846900000004,0.44700007900000005,-1.2794473100000001,0.20197559000000004,-0.9807235750000001,0.9892850789999998,0.6028538639999999,-1.45916608,0.189280265,-9.48470497,2.238525218,1.03523066,73.2162051,0.1548366889357567,-5.336686849594116,0.03561174087226391,0.01142131697220453,8.46157276,-352.63910400000003,45.8678709,71.10936960000001,1.50592781,-3.2274635700000003,6.82930196,1.7153148000000003,8.20859413,-358.44818999999995,47.0916237,71.87930279999999,1.0,0.189324711,130.74713
327714.5,1.3046451799999998,0.649263591,1.9621165100000002,0.450148419,-1.33638731,0.216060213,-0.9737366209999999,0.9922258239999999,0.5977879340000001,-1.4452380999999999,0.15963173809999998,-10.0,2.076860147,1.137581494,74.8132933,0.09079288076609374,-4.644714975357056,0.04343658704310656,0.011421621884071876,8.91034105,-361.43108099999995,45.818237599999996,68.78263000000001,1.52214837,-3.8184209699999996,6.955548420000001,1.76643522,8.577154709999999,-368.55294599999996,46.9633483,69.62963649999999,1.0,0.16474492200000004,130.74713
327724.5,1.2973582699999997,0.6478788900000001,1.963627,0.447447395,-1.27579519,0.21426806799999998,-0.9775296640000001,0.9932453349999999,0.6052631430000001,-1.4228118,0.1839907692,-8.48198803,2.3019953040000005,0.9861160310000001,64.9932661,0.0750989455729723,-5.5988476276397705,0.07295734994113445,0.01143046353914073,11.33110932,-347.79728900000003,45.9289108,64.9025488,1.4853348400000002,-3.48315262,6.96440257,1.7631269799999998,10.914118550000001,-351.78677799999997,47.097044100000005,65.8152613,1.0,0.20126394800000003,130.74713
327730.0,1.2942531,0.64512515,1.9599836,0.44048676,-1.2731435,0.21854486,-0.9843769,0.99626905,0.6209074,-1.552621,0.29317892,-8.05671,4.3762364,0.60302687,148.8442,0.04453897103667259,-5.732035160064697,0.1280115842819214,0.011437970400202157,13.555975,-316.37863,45.846634,58.848484,1.5516008,-2.2503645,6.825801,1.6466781,13.360933,-320.51715,48.805904,59.60755,1.0,0.19287238,130.74713
376804.5,1.2700683000000001,0.647565274,1.9656464100000002,0.446270936,-1.1460819700000002,0.1714824964,-0.9565847279999999,0.992411429,0.6064658279999999,-1.5134312099999998,0.1950604045,-8.36314615,2.6931494120000004,0.986793276,69.77120299999999,0.08039034344255924,-5.131900501251221,-0.28994788192212584,0.007236132425600311,17.3662842,-380.867739,47.435780799999996,61.0072426,1.0224749130000002,-3.604310199999999,6.9507277,1.6463694700000002,17.263300800000003,-384.52203999999995,48.7740736,61.455284199999994,1.0,0.16980889400000002,130.74713
376814.5,1.2694929,0.649793354,1.96120529,0.447867465,-1.17323801,0.16580990899999998,-0.9540282290000002,0.99371948,0.608285394,-1.5161879199999997,0.262153346,-8.05467231,3.77705775,0.778951296,96.5109037,0.06753668133169413,-5.202627754211425,-0.27391086220741273,0.0072099760200581686,16.78634355,-361.19529600000004,47.4863271,62.8129028,1.034146233,-3.7464871399999993,7.082872910000001,1.72608764,16.7148277,-365.123933,49.9262574,63.159921499999996,1.0,0.1760695364,130.74713
376824.5,1.27640777,0.648125905,1.9625429099999998,0.44350520000000004,-1.2040396999999996,0.20551967699999998,-0.943270637,0.9936993940000001,0.607596989,-1.51731201,0.221246075,-8.990398540000001,3.4044384220000006,0.9483263689999999,72.9637964,0.0828917808830738,-6.086289739608764,-0.27664427161216737,0.007183565591289827,17.165938679999996,-340.01865200000003,47.402639900000004,60.043187,1.07694536,-3.70400384,6.892585039999998,1.69568274,16.98544113,-345.7652,49.7762764,60.7435685,1.0,0.20536200300000002,130.74713
433904.5,1.2911502999999998,0.6482888950000001,1.9627880400000002,0.453865657,-1.3640902,0.18484659399999998,-0.9508008109999999,0.9932764339999999,0.62939082,-1.56894989,0.21781974899999995,-9.64287266,3.5029061300000004,0.989972879,85.98050079999999,0.6380464613437653,-5.664320969581604,0.087021741643548,0.0017252729580931405,13.84705855,-336.99462400000004,49.02881659999999,66.59706739999999,1.5586111499999997,-3.5560648799999997,7.27341366,1.6840369800000001,14.11301675,-336.283728,51.7346563,66.3332944,1.0,0.1798709854,130.74713
433914.5,1.30069868,0.646952969,1.9637521300000003,0.45808186000000006,-1.37550826,0.19969225,-0.981276251,0.9943784600000001,0.622043241,-1.5192090900000002,0.17263278359999998,-10.0,3.3119000400000003,1.1774119639999998,60.8194158,0.31398983001708985,-5.447518658638001,0.21871332898736,0.0017274147431419295,12.42564423,-359.898063,48.93986389999999,68.9911088,1.7832318399999998,-2.9940614099999996,7.890890710000001,1.90008837,12.62111541,-362.524801,50.8228451,68.8580833,1.0,0.17339472,130.74713
433924.5,1.2976561400000002,0.6467444340000001,1.96124908,0.45111678099999997,-1.3693877300000001,0.193925259,-0.983805847,0.99350215,0.625869107,-1.5030137499999998,0.1743126699,-9.9194229,1.8483886059999997,1.0570366849999997,78.797755,0.34951728731393816,-5.955296850204467,0.34694201350212095,0.0017335562315947024,11.275154500000001,-332.843352,48.770719199999995,70.45623559999999,1.95324369,-3.27108249,8.1172552,2.03703639,11.30162033,-336.89749500000005,49.635550200000004,70.4154901,1.0,0.19204621300000002,130.74713
433933.0,1.2875156714285712,0.6469993514285715,1.962503157142857,0.45461628000000004,-1.2945466285714284,0.19343348285714285,-0.9745756942857143,0.9930856699999999,0.6227506214285715,-1.5278118,0.16865128571428573,-10.0,1.6671781185714287,1.1399861714285715,77.07261414285713,0.1216274904353278,-5.184265613555908,0.28527396491595675,0.0017414248160498107,14.413949714285712,-344.2736571428572,48.73492628571429,66.97154314285714,1.8954326,-3.9085298857142865,8.250407114285712,1.9826384714285712,14.288461357142856,-349.79442,49.647510571428576,67.37776328571428,1.0,0.16161920571428573,130.74713
497554.5,1.2610400899999998,0.649192575,1.9605744999999999,0.437762366,-1.090405907,0.15525363060000003,-0.9531999809999998,0.9924163829999999,0.6230585740000001,-1.5643058600000002,0.24820266000000002,-9.8093048,4.811006860000001,1.1602073970000002,54.4769724,0.06121057644486427,-6.239536094665527,0.20022063031792642,0.0037071069084649013,24.8051066,-255.69028200000002,50.96147860000001,45.6180128,1.61815971,-3.6298875500000003,8.68326516,2.1051344299999997,24.6515997,-261.374677,55.117301,46.2069604,1.0,0.18309942799999998,130.74713
497564.5,1.26568055,0.649331132,1.96647854,0.43792442000000004,-1.105240093,0.15811232999999997,-0.973235403,0.9947863330000001,0.6312257979999999,-1.57331229,0.24678914720000003,-9.1356364,4.952241210000001,1.1474755859999999,57.7197806,0.06471284069120883,-6.58749942779541,0.24245475828647614,0.0037131314038739587,23.8002993,-273.871372,50.967894,48.6123354,1.6541268499999997,-4.3157047,8.8356352,2.1241067100000004,23.6617189,-279.163069,55.37565450000001,49.14263090000001,1.0,0.19779689500000003,130.74713
497574.5,1.26956388,0.648082868,1.96046233,0.435891378,-1.112291417,0.1661807524,-0.961253356,0.9944578960000001,0.628270377,-1.55265379,0.27147979040000003,-9.012325757,4.976239220000001,1.107052402,58.863876600000005,0.05096140820533037,-5.590034818649292,0.2591252289712429,0.0037201278779753406,24.0635922,-252.301782,50.972543,46.2808165,1.7054215100000003,-3.62680015,8.622220500000001,2.0887881100000003,23.909064100000002,-257.624872,55.3771512,46.9498444,1.0,0.1669361804,130.74713
497582.5,1.2602765833333334,0.646683325,1.9613922666666668,0.4345928316666667,-1.0326470266666667,0.157452269,-0.9048513950000001,0.9936898283333333,0.6302682416666667,-1.6010775333333334,0.2771341433333333,-8.504521283333332,4.453274933333333,1.00945856,59.9766525,0.036949023293952145,-4.3970785935719805,0.1771105962495009,0.0037258371660057184,26.168015999999998,-250.15778666666665,50.892868666666665,42.72382533333333,1.6919110333333334,-3.85456645,8.568911716666667,2.0876593333333333,26.080940999999996,-256.61078,54.703484333333336,43.135856499999996,1.0,0.12832688416666668,130.74713
558904.5,1.2296567799999998,0.6492501300000001,1.9666512900000002,0.42553541,-0.722947321,0.0753583366,-0.9528252500000001,0.9937659379999998,0.619693058,-1.45527187,0.35392792,-7.72032941,5.15204025,0.9781168480000002,44.605050799999994,0.05267803743481636,-6.331573915481568,0.005275681242346763,0.010667149712859203,28.9169825,-260.80629200000004,56.914436699999996,43.5269532,1.3498238700000003,-3.5060877600000007,9.339016,2.03498877,28.8211657,-262.55154300000004,60.9284451,44.007373799999996,1.0,0.179284515,130.74713
558910.5,1.2396261,0.64761265,1.96241325,0.43002905,-0.92236477,0.084411183,-0.93447347,0.99332312,0.6446584799999999,-1.57555755,0.33275326,-10.0,5.064961,1.0637778,54.635412,0.06991805322468281,-6.232290148735046,0.10110095888376236,0.010670383184025729,28.733444,-222.50218999999998,56.8997915,41.333538000000004,1.3397298,-4.157201499999999,9.0218205,2.06228795,28.688496,-228.411645,61.002618999999996,41.740258999999995,1.0,0.18085832000000002,130.74713
610800.0,1.2223985,0.6541357,1.9537525,0.43041247,-0.76937693,0.03924256,-0.99017525,0.9927859,0.6225871,-1.4708177,0.23162712,-10.0,5.0871735,1.6850908,28.061132,0.2774323523044586,-11.05975341796875,-0.2192966192960739,0.010752488592847456,29.939156,-253.18506,61.56331,46.16343,1.2017875,-5.8897552,8.793501,2.10067,29.51652,-267.76926,63.90541,47.52615,1.0,0.29661757,130.74713
658550.0,1.2565012,0.65391016,1.9624987,0.4337144,-1.1880847,0.15293193,-0.9800846,0.9922046,0.6655993,-1.6183279,0.38274187,-2.4611094,3.6688938,0.49959722,24.058214,0.02969646081328392,-3.8441879749298096,0.01400876697152853,0.014483451696650945,27.53,-351.9805,61.067818,51.266556,1.2896932,-2.3371186,11.907707,1.9477481,27.654255,-354.80814,63.94581,51.473606,1.0,0.10902411,130.74713
706554.5,1.23169902,0.6498161100000001,1.96010725,0.427648264,-0.845706334,0.1041220928,-0.965759523,0.994605612,0.65088917,-1.55837375,0.3743022119999999,-9.8093048,4.69006744,1.1601730919999997,50.108554000000005,0.11413859687745571,-7.738477063179016,0.06980864331126213,0.012564878765894422,37.974341499999994,-176.75528500000001,67.3121956,31.637759700000004,1.2692753900000002,-3.9001113599999995,10.7794035,1.96945903,37.9689802,-180.196398,69.9221056,32.0050739,1.0,0.18888491749999997,130.74713
706564.5,1.23118246,0.6493341879999999,1.95993841,0.430572653,-0.858901262,0.1069827225,-0.955132622,0.9938293970000001,0.649446106,-1.56034747,0.41338687900000004,-9.2002072,5.35737834,1.060685906,45.5982843,0.10932899191975594,-8.130440521240235,0.034531021118164064,0.012582043281421946,37.802472099999996,-164.81332200000003,67.24509099999997,31.60974,1.2249236700000004,-4.02498894,10.8513053,1.9803078299999999,37.8750157,-165.012672,69.97944419999999,31.832772500000004,1.0,0.199913127,130.74713
706571.0,1.2216590666666667,0.6475163433333333,1.9547092333333334,0.42007264333333333,-0.6431658800000001,0.051303235333333336,-0.9592177666666667,0.9946624433333332,0.64467401,-1.5032981,0.43194830666666667,-10.0,6.984757733333333,1.2253176666666667,41.173884,0.16202255338430405,-8.681662877400717,-0.026654675602912903,0.012593387424360834,38.398324,-186.01397333333333,67.429962,34.33079933333334,1.2313171333333335,-4.267099966666667,11.877513,2.062859,38.286093666666666,-192.11706666666666,70.052116,34.69061166666666,1.0,0.20486469666666665,130.74713
750154.5,1.22664207,0.6535729990000001,1.95457964,0.42560720300000005,-0.8595916459999999,0.09810321720000001,-0.9612918059999999,0.9952941190000001,0.646617549,-1.5532223600000001,0.40687292599999997,-9.012828299999999,5.11623865,1.033694895,52.67373189999999,0.06683312952518464,-8.795969343185424,0.02787920944392681,0.011172626643401372,41.0176586,-102.18855310000001,67.6230902,24.403122900000003,1.24319683,-3.67522566,11.674160000000002,1.97310412,41.047761099999995,-103.35669340000001,70.16901279999999,24.5966478,1.0,0.206697097,130.74713
750160.5,1.21076535,0.6506147099999999,1.97072365,0.41971272,-0.46371918,0.015150522849999999,-0.94455287,0.9905879,0.6309891000000001,-1.3863096499999998,0.41675714999999997,-8.82253075,5.01693535,1.171705475,35.2127285,0.042892105877399445,-4.871997117996216,-0.025847991928458214,0.011179480122640539,42.093777,-129.096085,67.69606250000001,26.70363,1.1299803000000002,-3.45209955,12.8407715,2.09012305,42.036249,-130.516055,70.1719425,26.999995499999997,1.0,0.112635435,130.74713
793154.5,1.21835593,0.650633045,1.9599562,0.41717666299999995,-0.622720938,0.0626688915,-0.967884658,0.994408755,0.6457680940000001,-1.52241375,0.378709712,-10.0,4.91977444,1.2855601,47.4098583,0.07449235133826733,-6.948623418807983,0.03365586381405592,0.010856678071632538,40.95666179999999,-114.21249390000003,65.16578760000002,24.995858700000003,1.24763349,-4.69764187,12.6594348,2.09975598,40.9723935,-115.19242260000001,68.09998709999999,25.2000691,1.0,0.1640767914,130.74713
793161.0,1.2155621333333333,0.6495966333333333,1.9556859333333334,0.42669497333333334,-0.6784963666666667,0.043054076,-0.95205632,0.9932011666666667,0.6431538,-1.5086561666666667,0.40828098333333335,-8.320316666666667,4.8682533999999995,1.13470198,35.01864333333333,0.062380375961462654,-7.923303445180257,-0.04478498796621958,0.010867822566357805,41.48478433333334,-96.93483333333332,65.15593333333334,24.298432000000002,1.1273285666666666,-3.8544879333333335,11.039063,1.9719130333333332,41.51900366666666,-101.16446266666668,67.96159466666667,24.740617,1.0,0.18969620333333334,130.74713
840154.5,1.2296024199999998,0.6514426720000001,1.9629461100000003,0.43817245000000005,-0.959813623,0.0774426234,-0.9536172090000001,0.9958965550000001,0.6577890980000001,-1.5567699299999997,0.440158029,-7.9067554691,5.150862420000001,1.0253975800000001,40.54331520000001,0.1635882616043091,-7.29935097694397,0.06418024320155383,0.015735126075244653,39.2882743,-157.5269285,105.78120349999999,37.6122571,1.9106223900000003,-3.88950656,13.832018099999999,2.56808816,39.194690800000004,-158.02847500000001,107.98379700000001,37.5203221,1.0,0.18566415,130.74713
840163.5,1.2325962000000001,0.64823212125,1.9630073875,0.44263168499999994,-0.95481286625,0.061696135875,-0.9604889149999999,0.993693725,0.6618243475,-1.5644346000000002,0.38699935874999997,-8.87449108125,5.2660570625,1.2764047250000001,37.71592699999999,0.13198102684691548,-5.6228242218494415,0.17226254986599088,0.01574420165001391,38.464589124999996,-172.51899250000005,106.10665499999999,40.602712374999996,2.1712272625,-3.5212511125,14.125886375,2.7757808625000004,38.375116874999996,-176.7980875,108.80265,40.720828625,1.0,0.14180901712500002,130.74713
878404.5,1.19043396,0.648579698,1.9574733000000002,0.40677913200000004,-0.04987150350000001,-0.03244779088,-0.9689946850000002,0.99304663,0.636149021,-1.3770449500000002,0.417909773,-9.06160433,5.5567766700000005,1.25037008,42.968913,1.1515670910477638,-7.369576478004456,-0.009309929981827735,0.007501124756614878,48.6344788,-165.20568989999998,121.82202750000002,40.84370320000001,1.2047381,-3.8063001799999996,12.4250175,2.3795869499999998,49.59885319999999,-166.39648240000002,125.6575569,41.830145699999996,1.0,0.17513027499999997,130.74713
878414.5,1.19389766,0.649766806,1.9611241199999998,0.416428539,-0.18529018330000002,-0.0407702139,-0.9617984140000001,0.9927757020000001,0.6247004190000001,-1.28834485,0.43812806300000007,-6.647200572,4.917693669999999,1.09855119,32.8499057,0.9217653051018715,-6.514243412017822,0.11580767072737216,0.007502765244575216,47.6598387,-176.85634249999998,122.02737099999999,42.511260400000005,1.4087644799999999,-4.03110057,13.1928687,2.55769588,48.22294,-182.0516984,125.1553594,43.34123190000001,1.0,0.1560102194,130.74713
878422.0,1.20229168,0.64886877,1.9574215600000002,0.42134797399999996,-0.42701077400000004,-0.0002872347599999998,-0.941531348,0.99657957,0.638210602,-1.4412474,0.455971684,-8.65856494,5.04359498,1.10146728,39.1771064,0.6185908012092114,-7.957293224334717,0.4294966995716095,0.007511320316887063,48.204318799999996,-181.350776,122.50948919999999,43.2487122,1.7336242600000003,-3.86226312,13.624512000000001,2.5821874,48.59899479999999,-183.58203600000002,125.34547,43.4761062,1.0,0.19065124,130.74713
921504.5,1.1972370300000001,0.652337273,1.95789744,0.41079003,-0.298695466,-0.005681298560000002,-0.9499814540000001,0.9944227449999999,0.6415468710000001,-1.4129936600000002,0.398704982,-10.0,4.96713945,1.37932419,34.250109699999996,0.09126240685582161,-7.236080598831177,0.03199087381362915,0.011321820780518747,50.866003199999994,-145.880672,123.43081070000001,41.6475423,1.26740964,-3.9510354099999994,12.152798200000001,2.11751628,50.8328214,-147.6791196,125.53261559999999,41.80939299999999,1.0,0.164962424,130.74713
921510.0,1.2121682,0.66037405,1.9634037,0.41972882,-0.6332474,0.0363245,-0.9502122,0.9960953,0.6640327,-1.5705117,0.43155658,-10.0,5.479577,1.3660089,38.81666,0.12088163197040558,-9.082082748413086,0.20694103837013245,0.011326168796231044,49.35143,-188.63135,123.26847,43.577812,1.383346,-3.5323248,14.219589,2.137529,49.399002,-199.69142,125.345085,43.933224,1.0,0.2169484,130.74713
964200.0,1.2043059,0.64534545,1.9592246,0.4268788,-0.41057563,0.03892868,-0.94262606,0.9981415,0.6563221,-1.5200603,0.32397446,-10.0,4.9095945,1.464552,32.07862,0.08872067928314209,-6.488996505737305,-0.0077858176082372665,0.018992785545603505,50.274723,-127.68789,111.04705,37.399513,1.1710491,-4.0304394,12.285189,1.9626055,50.33469,-126.060936,112.04448,37.383766,1.0,0.14890772,130.74713
1004154.5,1.19784509,0.648615854,1.9541217400000002,0.395409813,-0.03262121620000001,0.026598568320000005,-0.9551679329999999,0.994889631,0.6322110120000001,-1.42962823,0.4311303779999999,-9.78170137,5.05168654,1.058566264,53.37697179999999,0.06414554663933814,-6.702523326873779,0.027020312286913394,0.040226923758542546,51.876537299999995,-107.46466319999999,92.34933149999999,30.5817862,1.073891824,-4.78067792,9.1924496,1.6410525800000002,51.815573300000004,-109.74637360000001,93.94119939999999,30.752197000000002,1.0,0.139768795,130.74713
1004164.5,1.19636926,0.6519985909999999,1.9528141700000003,0.388155158,0.020575913500000008,0.029546639799999996,-0.954413057,0.993043066,0.632257576,-1.42737124,0.48632923899999997,-8.178935335999999,4.78004224,1.055526436,39.668469,0.058661303482949734,-6.401068067550659,0.04273399095982313,0.04027201374541537,51.8859999,-109.95764729999999,92.4035983,30.2869929,1.09732771,-3.9847110500000005,9.882310200000001,1.6254681599999998,51.87260729999999,-112.86689150000002,93.8639456,30.536697999999994,1.0,0.135397189,130.74713
1004174.5,1.19365657,0.648757085,1.9508945999999998,0.384640349,0.1316153276,0.025852523282000002,-0.9412768829999999,0.9946001069999999,0.6316521340000001,-1.4180119100000002,0.4693958370000001,-9.013877249999998,5.0741935400000004,1.162165077,38.08768679999999,0.09649493433535099,-8.993465423583984,0.03728164806962013,0.04032470435572301,53.20675150000001,-110.06523329999997,92.595597,29.768471899999998,1.0243101130000003,-4.3990066599999995,9.63560767,1.59155065,53.2136599,-111.6947232,94.03962100000001,29.926618199999997,1.0,0.186249617,130.74713
1004184.5,1.2005657800000002,0.6525879040000001,1.9538483800000002,0.393111543,-0.08741180850000001,0.026274278284000002,-0.967528978,0.995350109,0.6349993680000001,-1.4388368699999998,0.4583516379999999,-8.375405564,5.571579820000001,1.09611202,43.065175499999995,0.1117464791983366,-8.108615970611572,0.029548116493970156,0.04038496786252316,51.33744999999999,-108.36993149999998,92.31551699999999,30.9898524,1.064437366,-4.557448109999999,9.53381144,1.65016555,51.3482576,-111.03452560000001,93.76504200000001,31.2559379,1.0,0.17226950400000002,130.74713
1004191.5,1.1941119999999998,0.6529325050000001,1.956746525,0.38408527000000003,0.24698851500000002,0.021441384799999998,-0.9365240125000001,0.9940347599999999,0.6220882999999999,-1.3761268,0.439575795,-10.0,5.295593075000001,1.071829285,51.95082625,0.07969713909551501,-8.392254173755646,0.05556864012032747,0.040425948823067756,51.96548799999999,-130.765375,92.498301,30.5533025,1.06607199,-5.948247725,10.41331225,1.7198486,51.85941275,-132.50503,93.79764399999999,30.73208875,1.0,0.1715106065,130.74713
1042704.5,1.2030289699999999,0.6491824550000002,1.95042647,0.39503161500000006,-0.21932017899999998,0.052212016900000005,-0.9452107740000001,0.9939199830000002,0.640275498,-1.4799609499999997,0.46581170699999996,-10.0,4.82557286,1.098309526,47.0646263,0.08232636265456676,-9.637407779693604,-0.03877727892249823,0.019382670183615815,49.285181400000006,-1.4946026300000002,69.5762264,20.3969653,0.923900548,-4.09182841,6.5456799000000006,1.44250694,49.319697899999994,-2.9298031,71.194657,20.463383600000004,1.0,0.20182802,130.74713
1042714.5,1.19767751,0.648861779,1.95129178,0.38628408000000003,-0.005767284,0.052370334899999996,-0.932743118,0.9948621449999999,0.638981882,-1.46944396,0.426485141,-10.0,4.8824502899999995,1.309467505,41.9787405,0.09141533449292183,-8.79012656211853,-0.0525725219398737,0.01935910335225086,49.93881390000001,0.4537893100000002,69.5525686,19.845473700000003,0.9006666600000001,-4.20854215,5.771673340000001,1.45366815,49.9358387,-0.5593119799999995,71.2591,19.883414500000004,1.0,0.18271648199999999,130.74713
1042724.5,1.1988496899999999,0.65114824,1.9482001100000002,0.391405278,-0.110482441,0.0506335827,-0.9384425689999999,0.9938942319999999,0.6276060200000001,-1.43148478,0.48102359699999997,-9.19783905,5.25675964,1.263304434,34.366872799999996,0.08298409646376967,-8.975542306900024,-0.0069584402488544585,0.019336923328970076,49.7106333,-0.1465669999999994,69.55073689999999,19.9858485,0.959249292,-3.6718882599999993,6.06234227,1.45182739,49.7606911,-1.3109152,71.166502,20.106148400000002,1.0,0.18391197109999996,130.74713
1042734.5,1.19858724,0.6518497480000001,1.94742657,0.385369141,-0.0828399836,0.05469127717,-0.9378077410000001,0.995301113,0.6297343249999999,-1.43811562,0.513757183,-8.445244222700001,5.1827131500000005,1.090030221,38.866088700000006,0.0780433926731348,-9.489559125900268,-0.05463348999619484,0.019317069702040404,49.80622100000001,4.22328411,69.5699486,19.696542700000002,0.9102942650000001,-3.29612593,5.18241551,1.3879063500000002,49.88746009999999,4.20783094,71.2097095,19.774367700000003,1.0,0.200031991,130.74713
1042744.0,1.2032529444444444,0.6505012011111111,1.9477353,0.39601301777777775,-0.279181648,0.06457628855555557,-0.9358841277777779,0.9941719433333335,0.6394859422222222,-1.4816107222222223,0.48705818444444454,-8.357017144444445,4.9957057222222225,1.0408730411111111,39.81578966666667,0.07277015720804532,-9.1578401989407,0.007875086532698737,0.019304329743323474,48.94252011111111,3.2272568000000006,69.59797555555556,20.188908666666666,0.9699215711111111,-3.6929657333333332,5.687118766666668,1.4301766333333332,49.033321777777786,3.2518312222222225,71.20935655555554,20.27058855555556,1.0,0.19358538,130.74713
1080404.5,1.20257726,0.651613574,1.9462448300000001,0.39927161600000005,-0.3031652227,0.05076546202,-0.9418371349999999,0.996205451,0.644736371,-1.48634407,0.47364275599999994,-9.25629492,5.39404912,1.295047174,33.90636070000001,0.22233258709311485,-8.747825121879577,0.09579498693346977,0.0062667999383949095,42.405494700000006,-2.7763212500000005,56.328671199999995,14.874285049999997,1.14831408,-4.29005232,5.54691948,1.4058819100000002,42.87940919999999,-3.3105033400000003,60.5883379,15.012277699999999,1.0,0.21007406900000003,130.74713
1080413.0,1.2024447142857144,0.6498534371428571,1.9494636857142855,0.40477475285714287,-0.32381240428571434,0.03983214971428572,-0.9472119342857143,0.994862407142857,0.6492644557142857,-1.4971334714285713,0.46965192142857143,-8.83884872857143,5.266024714285714,1.1778726142857143,37.25090571428571,0.1344317431960787,-6.979665960584368,0.031779518883143155,0.006270117655052425,42.38942885714285,0.5030787714285712,56.461478,15.023414714285716,1.1464486285714286,-4.117795399999999,5.798702642857143,1.4404983857142857,42.698218000000004,-1.0605042000000002,60.43351285714285,15.235895642857143,1.0,0.16479058914285716,130.74713
1115154.5,1.19942792,0.6502788279999999,1.9487295999999996,0.38516431800000006,-0.08832719400000003,0.04564983624,-0.933512408,0.996141759,0.633893888,-1.45324968,0.45441959899999984,-10.0,5.110454659999999,1.22311461,43.271688399999995,0.108132379129529,-8.20198302268982,0.09026421438902617,0.015377864241609845,42.3938943,-3.471189583999999,61.9908731,16.4401638,1.0922369230000002,-3.68461306,4.886913550000001,1.4572669499999997,42.4551112,-3.4702348180000016,65.1668779,16.5383015,1.0,0.196701886,130.74713
1115164.5,1.20627712,0.6520451039999999,1.94572147,0.389177309,-0.28664134690000004,0.0792213445,-0.9359656810000001,0.9958527360000001,0.635982232,-1.48645246,0.499001999,-7.0918566806,5.103201620000001,1.1238951499999998,36.32734073,0.081900842115283,-7.363877868652343,0.04948408119380474,0.015410305467734937,41.991251999999996,-16.946656760000003,62.103139399999996,16.794385899999998,1.06919887,-4.39014231,5.29071998,1.54230875,42.0911214,-19.45352908,65.27784319999998,16.9859954,1.0,0.17922300700000002,130.74713
1115174.5,1.19860181,0.6531641309999999,1.9454559099999997,0.383834722,-0.07702797720000001,0.04608301849999999,-0.9371891910000001,0.9940810610000002,0.6382484909999999,-1.46708445,0.5207526619999999,-8.320229427,4.99733498,1.0274560449999999,41.47656364,0.06821653321385383,-6.974651598930359,0.06141403298825025,0.015434675525525998,42.4161202,-4.74023413,62.1006149,16.3940213,1.095936573,-3.695316090000001,5.087874210000001,1.4763772599999996,42.5053193,-4.8060316499999995,65.1613248,16.511491300000003,1.0,0.167762077,130.74713
1115184.5,1.20349288,0.648316914,1.9512529699999999,0.38996973499999993,-0.22577599199999998,0.055598764839999995,-0.9448817550000002,0.995797484,0.6436660630000001,-1.4837221999999999,0.511250691,-7.286354846,5.12662016,1.181868727,31.581867700000004,0.0978319637477398,-8.02070927619934,0.11569503340870142,0.015463715841495298,41.937608499999996,-12.315444768,62.0777083,16.8190629,1.11612223,-4.54304104,5.347837720000001,1.5325567599999999,42.0263642,-14.962598988000002,65.32585830000001,17.0267058,1.0,0.194946376,130.74713
1151654.5,1.1926601199999998,0.652794055,1.9472941000000001,0.397072381,-0.07279698949999999,0.0015462798999999999,-0.954019902,0.9965144539999999,0.6459688700000001,-1.40647184,0.4733867599999999,-8.1576800107,5.077006900000001,1.0945462339999998,41.5884614,0.09874042384326458,-9.407203578948975,0.0032259419560432432,0.01975363955440547,44.4448096,5.503500260000001,64.5235011,15.646946699999997,0.934854913,-4.142577139999999,6.35589422,1.6171584000000003,44.573916,5.45381657,67.88047139999999,15.748828100000003,1.0,0.21924030140000003,146.63301
1151664.0,1.1863955444444445,0.6496923011111111,1.9497881111111113,0.3936917477777777,0.12132074666666666,0.0035510850555555565,-0.9482154433333333,0.9949956844444444,0.631275771111111,-1.3898106777777777,0.4556800311111112,-9.183275144444444,4.974101055555556,1.2434113599999999,40.361836999999994,0.08576266550355488,-7.039404551188151,-0.01687089715980821,0.01975930480624871,45.23668733333333,5.2372476,64.43901133333333,15.602131777777778,0.8638870744444445,-3.5604913999999996,6.000850655555555,1.5212847666666667,45.30627366666667,5.262035755555555,67.83061044444445,15.67515527777778,1.0,0.1619561188888889,146.63301
1204354.5,1.16746499,0.653823669,1.9444826800000001,0.37500744199999997,0.5982654565,-0.06047319050000001,-0.955659962,0.994155613,0.623816519,-1.205471515,0.5347371460000001,-9.0770454,5.23719593,1.36069522,30.111368500000005,0.09263585209846496,-8.724354791641236,0.05500948317348957,0.01082069994032233,54.592895,9.515026000000002,83.0090836,20.667930499999997,1.02683439,-4.16321887,5.627175530000001,1.53663503,54.65446529999999,9.5711157,86.88129149999999,20.777576399999997,1.0,0.17764123240000002,146.63301
1204364.5,1.17047425,0.651875723,1.94850901,0.37835464399999996,0.5162464683,-0.05636263594,-0.9496241790000001,0.994011824,0.633368045,-1.2478174340000001,0.517782316,-10.0,5.23420838,1.4183523100000002,32.8751529,0.11313786879181861,-9.181047010421754,-0.006843012943863869,0.010824052746892996,53.8866805,9.140348000000001,82.914076,20.742447399999996,1.021950154,-3.3764779099999997,6.03274332,1.54079052,53.98739499999999,9.228571400000002,87.02241239999998,20.8643112,1.0,0.19011293199999998,146.63301
1204374.5,1.16900951,0.6517110829999999,1.94717829,0.380264715,0.6350169465000001,-0.05395884492999999,-0.951412339,0.995897749,0.6279699529999999,-1.22549039,0.5975565429999999,-8.99932109145,5.380950049999999,1.359167845,26.1146926,0.12620677519589663,-7.6954245328903195,-0.005999934347346425,0.01082578067244543,54.65778519999999,9.07911935,82.8960074,20.9528915,0.9569362480000001,-3.60751066,5.661010420000001,1.49980535,54.874421100000006,9.355745299999999,86.95011389999999,21.0872748,1.0,0.1574487771,146.63301
1204384.0,1.1637344,0.6513840366666666,1.9476960888888888,0.3672979911111111,0.7336141788888889,-0.07687806222222221,-0.9586209399999999,0.9964552066666668,0.6275478777777779,-1.1789480111111112,0.5725103211111111,-10.0,5.361781477777778,1.3583356444444445,28.053613444444448,0.5360626694228914,-8.132872396045261,-0.0775693901297119,0.010825695512649263,54.133220666666666,8.532010588888888,82.12959077777776,20.271166777777776,0.8968766055555556,-4.1695997,6.132725066666667,1.5550255222222225,54.983934444444444,9.360278277777777,86.89838055555556,20.472624222222223,1.0,0.16747004444444444,146.63301
1271304.5,1.15983182,0.654899352,1.94483736,0.37015886899999995,0.9928441619999999,-0.08533451859999999,-0.946873815,0.996660283,0.6133625229999999,-1.100614663,0.591345609,-8.0462746369,5.30610792,1.18450858,27.734998100000002,0.15133246630430222,-9.569807720184325,0.017211808636784554,0.00980722449971951,55.5595928,8.34952997,88.2813209,23.0575085,1.0861540150000002,-4.09925465,6.54342994,1.6416882300000002,55.7584335,8.58957022,91.9932075,23.2008404,1.0,0.194496725,146.63301
1271314.5,1.1616289,0.655228083,1.94498024,0.369697152,0.941926539,-0.06926822839999999,-0.957091872,0.992698782,0.6197725,-1.1927578099999998,0.588812597,-8.99982979861,5.34428091,1.265903844,28.068706600000002,0.11335205920040607,-7.734377193450928,0.017721293307840825,0.009811535769176895,55.400663099999996,8.32947123,88.3913595,22.923413800000002,1.068859227,-4.3289301600000005,6.41952014,1.6191655,55.5928367,8.542010679999999,92.1696539,23.073559300000003,1.0,0.15710353130000002,146.63301
1271324.5,1.16672486,0.6545587,1.9446617999999998,0.376861902,0.5650699349999999,-0.06161838089999999,-0.9631555,0.9957035340000001,0.629245565,-1.23830114,0.596563588,-8.1851432819,5.3689306299999995,1.35443843,25.1773938,0.09219573698937893,-7.00936484336853,-0.01653099525719881,0.009812971226345005,55.1978066,8.00779021,88.4556984,23.2579596,1.0283676160000002,-3.94948584,6.5766382199999995,1.6426239200000001,55.3318556,8.2059872,92.13169950000001,23.3862022,1.0,0.14395298699999998,146.63301
1271334.5,1.16679079,0.6511651449999999,1.9507920300000001,0.378622751,0.7245987979999999,-0.0680906457,-0.949214613,0.9937724860000001,0.624077482,-1.1908720799999999,0.622876411,-8.4391345,5.20560533,1.1843522,25.321377499999997,0.10787538662552834,-10.05633020401001,0.10629493370652199,0.009815773344006625,54.94542429999999,7.9970041300000005,88.4212522,23.2160003,1.11028775,-3.5942217399999996,6.46034453,1.6453829399999997,55.0786049,8.01693635,91.9876225,23.3949906,1.0,0.20688392700000002,146.63301
1271341.5,1.159846925,0.6574296024999999,1.94099375,0.36209284999999997,1.139141535,-0.08126606,-0.95496554,0.9956681,0.6115401925,-1.1294099,0.58125631,-10.0,4.98546015,1.2658657750000002,33.58865075,0.09075230732560158,-7.632326185703278,0.046292638406157494,0.009825269624891542,55.5566215,8.68759875,88.3173275,22.609726499999997,1.0854994249999999,-5.289279049999999,6.167860925,1.6673477749999999,55.71132325,8.844099575000001,92.0683615,22.7471535,1.0,0.15517803424999999,146.63301
1332151.5,1.15724085,0.64986854,1.9490229,0.3600748075,0.90047077,-0.08922270825,-0.95795181,0.996074975,0.6348465,-1.212650575,0.5655613325,-7.9909536249999995,5.19356525,1.3500212999999999,26.818351,0.08929768204689026,-7.285663723945618,0.021321737207472324,0.009971334226270608,56.06929475,9.138056,90.7608785,22.699665500000002,1.4524181,-2.923891975,8.0496514,1.87322355,56.21702025,9.267185000000001,93.5916335,22.843082000000003,1.0,0.15014906150000001,146.63301
1349804.5,1.15487021,0.6544534420000001,1.9480667200000004,0.365813847,1.04422551,-0.1096169311,-0.9517209120000001,0.994394411,0.622693944,-1.1142991100000001,0.619786089,-10.0,5.31036939,1.2841613600000001,29.231836299999998,1.071708646416664,-8.966226816177368,0.16534076891839505,0.004091139222094019,55.1155176,-4.092686292,93.45611799999999,24.159759700000002,1.4504431800000002,-3.3492618999999997,8.03251251,1.7152296200000001,55.6633346,-3.1885200560000007,97.8266747,24.540059499999995,1.0,0.18442898560000004,146.63301
1349814.5,1.1635046299999998,0.6526671039999999,1.9483944800000004,0.369530456,0.9192949296,-0.09924785770000001,-0.9519683780000001,0.9953239719999999,0.6259624739999999,-1.1543473069999999,0.5628728510000001,-9.1938999,5.26750635,1.197117053,38.941661499999995,0.5691150426864624,-7.311763000488281,0.35219811350107194,0.00410344258850668,53.74048789999999,0.985763743,93.2339956,23.713900499999998,1.7241192900000002,-3.7273736200000003,8.123068360000001,1.8851615000000002,54.3729205,1.7343756899999996,97.7166586,24.0359953,1.0,0.1529756424,146.63301
1349824.5,1.15322281,0.65441186,1.94564273,0.35926878799999995,1.2312766579999999,-0.1200708348,-0.9524135359999999,0.994633325,0.618203756,-1.068226136,0.575843632,-8.23920858,5.35538006,1.2143653769999998,28.407557000000004,0.27334861159324647,-8.952684688568116,0.33305214196443556,0.004128407845639536,55.1945291,0.5768093569999999,94.00594350000001,24.1942038,1.6102571899999998,-3.42757706,8.07305763,1.84146502,55.4522276,0.8120934800000003,97.7979031,24.3161281,1.0,0.183341902,146.63301
1359804.0,1.175165411111111,0.6526433100000001,1.9492442,0.3790335222222223,0.22937465116666664,-0.05394453288888888,-0.9583279577777779,0.9962469000000002,0.6512129600000001,-1.3728700333333335,0.53480017,-9.146054266666667,5.339835633333333,1.3682963066666667,27.479214,0.253058393796285,-9.799588998158773,0.09850127394828531,0.008553038347167932,54.22998333333333,-0.8385279655555556,99.60678222222222,26.96531511111111,1.3958002444444444,-3.9301368777777785,7.0052865,1.5676348444444441,54.388001888888894,-0.5034670144444444,103.710756,27.100566333333333,1.0,0.1992958977777778,146.63301
1368954.5,1.1983573900000002,0.6532250430000002,1.94739887,0.397224562,-0.3120302788,0.01681924114,-0.9459465420000001,0.9953237899999999,0.6482657589999999,-1.4727299999999999,0.47232680500000007,-10.0,5.378376079999999,1.3071577639999998,36.715585,0.1730447866022587,-7.759465217590332,-0.026310220081359147,0.010408326038975995,51.8192181,-2.8844123499999994,107.96411749999997,30.897436900000002,1.27499684,-4.0492247599999995,6.85088341,1.68971238,51.918324199999994,-2.5314890400000003,111.707196,30.927880700000003,1.0,0.16106610100000002,146.63301
1377204.5,1.21171386,0.650460308,1.9500163700000002,0.40728734099999997,-0.63723139,0.04243744634,-0.9511021449999998,0.9965746299999999,0.66491028,-1.5522479099999997,0.551028489,-6.36037703,5.22735608,1.124094087,25.098352600000002,0.18247147276997566,-7.7385999202728275,0.04449910819530487,0.010720156643299015,52.7840149,-3.2531176249999993,114.8905886,35.5801342,1.3832239899999998,-4.36406661,7.269104539999999,1.75817278,52.9384998,-2.76399807,118.51448540000001,35.6609104,1.0,0.156427086,146.63301
1377214.5,1.2128174399999998,0.6515892090000002,1.9514796100000003,0.41315896399999996,-0.680775259,0.028168991200000004,-0.94501238,0.9946047870000001,0.658156508,-1.52917642,0.538467727,-8.129168244999999,5.275184339999999,1.126319484,32.472806899999995,0.1857334330677986,-8.145124006271363,0.039745775517076254,0.010729726889667111,52.3625135,-9.913796559999998,114.90049859999999,35.6371329,1.38331617,-3.6748430199999995,7.27730599,1.78721723,52.448868600000004,-9.27205923,118.1270454,35.670677000000005,1.0,0.16391055140000002,146.63301
1377224.5,1.2126661799999998,0.652857498,1.94965097,0.408223909,-0.652946142,0.042371372399999996,-0.9451748120000001,0.994670309,0.6600364369999999,-1.53758945,0.499688058,-9.06210988,5.26009285,1.2701052359999998,32.963527500000005,0.33758344054222106,-7.617915201187134,-0.026874973624944686,0.010734858902355237,51.36019070000001,-9.660432302,114.9261817,35.275629200000004,1.33799933,-3.79242574,7.20771402,1.76167628,51.48296270000001,-8.964322143,118.35357180000001,35.2597736,1.0,0.158635094,146.63301
1377230.5,1.2225643000000002,0.65269547,1.94931345,0.41974455,-0.8731936,0.093506338,-0.9401673399999999,0.9935358000000001,0.6753948249999999,-1.6078168,0.5270250999999999,-10.0,5.1054025,1.1546291499999999,31.679261500000003,0.1686568558216095,-5.637571573257446,-0.038082055747509,0.010734471228321312,50.644465,3.861505,113.92519999999999,35.452309,1.2820029499999999,-3.7494788000000003,5.865166,1.6943158999999999,51.132975,4.1290245,118.0292125,35.6874275,1.0,0.121284385,146.63301
1384704.5,1.21828951,0.651142851,1.95158764,0.41484454299999995,-0.6799703239999999,0.05833476629999999,-0.9540657450000001,0.9963266279999999,0.656644625,-1.5289895700000002,0.47168772899999994,-8.143042159,5.25865425,1.19179457,33.1929511,0.1664384238421917,-6.40102264881134,-0.010546872764825821,0.010876591366916292,49.9162718,-7.285136318000001,117.70425340000001,37.6749951,1.22146819,-4.15015116,8.24783307,1.83888206,50.094092,-6.660616883,121.51473300000002,37.6254136,1.0,0.13182079259999996,146.63301
1384714.5,1.2231919000000002,0.653610003,1.95390975,0.41781028299999995,-0.807619727,0.0618465587,-0.955345093,0.9966707530000001,0.650296913,-1.5222264600000002,0.436104031,-7.206528165,5.32165196,1.191556885,32.24650199999999,0.2393164835870266,-8.793797922134399,-0.04009200315922499,0.010877034929994797,49.5578395,-4.05494214,117.83140909999997,37.762076900000004,1.19388047,-3.8106104899999997,6.845650770000001,1.8043226799999998,49.69456,-3.759935246,121.03952760000001,37.617567,1.0,0.18291743700000002,146.63301
1384724.5,1.22483875,0.6499799220000001,1.95590887,0.42692579799999997,-0.8392650509999999,0.0547458663,-0.9475972479999999,0.9953083259999997,0.660164511,-1.5449796299999998,0.4848287640000001,-9.09292241,5.1150443,1.2193224299999998,34.3479028,0.22956122532486917,-7.867870283126831,-0.02749676667153835,0.010871579900858451,50.3620772,-5.265162535999999,117.77442019999998,38.657530599999994,1.21346321,-3.39975988,7.7268025,1.8111433800000003,50.45102469999999,-4.812638369999999,121.00142100000002,38.6527902,1.0,0.1630903314,146.63301
1384734.5,1.22321603,0.651691463,1.9534467599999998,0.41841210999999995,-0.8208759669999999,0.07722033180000001,-0.9409810759999999,0.99390683,0.663027661,-1.56491475,0.4770683750000001,-8.162840315,5.213738960000001,1.1050221199999997,36.786344099999994,0.2218983829021454,-8.185096549987794,-0.03526833513751626,0.010867213464143882,49.57829639999999,-4.758952533,117.3911255,38.00716559999999,1.22610214,-3.37267779,8.05698183,1.7706282100000004,49.8659212,-4.588646877,121.137788,37.989605499999996,1.0,0.172936429,146.63301
1384742.5,1.21644125,0.6511579716666667,1.9520389833333331,0.41937867,-0.6773221816666667,0.05520971703333333,-0.9597596633333333,0.9965371766666667,0.6599908033333334,-1.5516450833333335,0.5227532683333334,-7.009373928333333,5.3702840499999995,1.1058717833333334,33.811212166666664,0.20687733280162016,-6.960209051767985,-0.04416484789301952,0.010861740882505827,50.710499500000005,-1.523810476666667,117.647281,38.088682666666664,1.19391785,-3.7248876333333336,7.627994500000001,1.7861594500000002,50.918655666666666,-1.4046190433333334,120.8491708333333,38.14302816666667,1.0,0.14487180933333332,146.63301
1398354.5,1.2077207799999998,0.6503874460000001,1.9539314099999998,0.402900339,-0.403544432,0.0457921851,-0.9481540150000001,0.9926991460000002,0.643521188,-1.4871027600000002,0.505360124,-8.21548821,5.51665085,1.204468104,31.854391900000003,0.21847504749894142,-9.416431903839111,-0.020392742566764356,0.02346299370792191,50.825390600000006,-7.08172232,122.4649819,41.4978895,1.2405609,-4.4692364,7.414484559999998,1.9428875299999997,50.9058928,-7.061769109999998,126.2292333,41.517431,1.0,0.206373087,146.63301
1398361.0,1.1989033333333334,0.6493433766666666,1.951655,0.4049401366666667,-0.23291599333333335,-0.0025229965999999985,-0.9396424666666666,0.9958223666666667,0.65921073,-1.4989081666666666,0.5442762600000001,-7.1216418333333324,5.134203733333333,1.2764858000000001,22.274721999999997,0.24477997422218323,-11.228593190511068,0.03267232577006022,0.02345943708552602,53.795241999999995,-8.687135966666668,122.45225666666666,42.499028,1.3563266999999997,-3.8508646666666664,7.927206833333334,2.0392796,53.82117233333333,-8.5920785,125.96592333333332,42.441726,1.0,0.2400262866666667,146.63301
1425204.5,1.19829818,0.6493509740000001,1.9542127400000002,0.40409139199999994,-0.008796738000000028,-0.00018736123999999892,-0.9495685569999999,0.9956605459999999,0.641730463,-1.4166815500000003,0.5452425620000001,-10.0,5.31855015,1.3728790600000003,30.1516227,0.1962827019393444,-10.555420398712158,0.012143767904490232,0.02998039148378402,60.7731081,-17.558457699999998,123.97645279999999,43.097844,1.04472495,-4.59089144,7.394813679999999,1.71352845,60.9670464,-18.63077775,127.6119976,43.379013099999995,1.0,0.2031110782,146.63301
1425214.0,1.1992335555555556,0.6513587933333332,1.9531536999999999,0.40973850888888885,-0.11924281666666668,0.010212232333333331,-0.9554110166666666,0.9957996966666666,0.6395292644444444,-1.4237350555555557,0.5290533611111111,-10.0,5.296128255555555,1.3684551,29.32974944444445,0.33498842931456035,-9.795203420850966,0.04921545212467512,0.029992424136731907,61.64749500000001,-17.501041333333333,124.00935844444446,43.67086155555556,1.06656583,-4.207029755555556,7.649545777777778,1.7556081333333335,61.805736555555555,-18.85512355555555,127.77954877777779,43.91907533333333,1.0,0.1836125251111111,146.63301
1462554.5,1.2033098700000002,0.650674338,1.9527498300000001,0.409723225,-0.2659872344,0.004009301599999999,-0.9556229359999999,0.9952704989999999,0.6429999610000001,-1.42597525,0.5419257689999999,-10.0,5.2044771800000005,1.47318629,27.103181799999998,0.118477351218462,-7.511033630371093,0.05669861976057291,0.02622537383306504,48.87032850000001,-15.908365799999999,82.9333718,25.238850499999995,1.1418326939999999,-4.00846795,5.433809890000001,1.5291982299999998,49.00312770000001,-16.95542725,83.1494843,25.474701099999997,1.0,0.168333758,146.63301
1496404.5,1.2094108600000002,0.6520835679999999,1.9533694500000003,0.40726459200000004,-0.301923652,0.026033644300000002,-0.9512471570000001,0.993317656,0.6525058440000001,-1.47861255,0.4973968859999999,-9.897815699999999,5.18260649,1.5091672500000002,24.4827215,0.13319130502641202,-6.613722038269043,0.05987418778240681,0.016333392226879656,42.4321054,-21.03614915,68.78269809999999,20.7423747,0.904022547,-4.394738780000001,6.580662899999998,1.7864400800000002,42.574148,-20.8881944,72.7404955,20.9084818,1.0,0.16798213,146.63301
1496414.5,1.20817458,0.651360347,1.9517210900000002,0.3983522570000001,-0.1726078414,0.02047051331,-0.9614218359999999,0.9951044200000002,0.6384476530000001,-1.43760857,0.492986177,-10.0,5.3171399,1.52935988,25.557313299999997,0.15195883810520172,-7.050127077102661,0.07757850661873818,0.016361608669747847,42.58587850000001,-20.1774852,68.6364289,20.1989162,0.9193421290000001,-3.27772402,6.000391049999999,1.7356135,42.802085,-20.64894705,72.82374200000001,20.395842599999998,1.0,0.17947554000000002,146.63301
1496423.0,1.2068820285714286,0.6505989314285714,1.9559102857142856,0.40031668571428564,-0.1740153672857143,0.020173219857142856,-0.9354222228571427,0.9955326514285715,0.637537702857143,-1.4472310714285717,0.48871284571428575,-10.0,5.248406128571429,1.4210800285714285,30.19764257142857,0.13424981172595704,-6.73355804170881,0.026270156460148946,0.01638421898414313,42.129173571428566,-26.148818371428572,68.58516257142857,20.346149142857143,0.8830689585714285,-3.727518,6.497257385714285,1.697343114285714,42.314767,-27.269163371428572,72.45045642857141,20.524112142857145,1.0,0.17060205000000003,146.63301
1535704.5,1.2401355600000001,0.650027484,1.95623842,0.43146032700000003,-0.9668750990000001,0.09622132275999998,-0.94092231,0.996070964,0.658693856,-1.54687441,0.45917316099999994,-10.0,5.2822160700000005,1.4265063900000001,27.901730800000003,0.18639085739850997,-6.692719125747681,0.01935921926051378,0.026742038521031665,35.2439401,-98.52192209999997,69.8400581,28.223524700000002,1.1061894740000002,-3.88039211,6.461861539999999,1.79334936,35.4099522,-98.0717166,72.3779296,28.3608481,1.0,0.188344221,146.63301
1535714.5,1.2350694999999998,0.650727906,1.95457085,0.42112679799999997,-0.871932505,0.0984182445,-0.9439536890000001,0.996518541,0.663582905,-1.57308579,0.442906584,-10.0,5.33320238,1.5277165099999999,25.669648700000003,0.16923309341073037,-6.314677000045776,-0.014035802613943816,0.02675826325456066,36.7621514,-95.4280661,69.690611,27.387642,1.042371694,-3.93118902,6.806438529999999,1.82651717,36.9202994,-96.0884839,72.3460978,27.5896415,1.0,0.172769795,146.63301
1535724.5,1.23892074,0.652508478,1.95443671,0.428714014,-0.961085435,0.1024895055,-0.966384852,0.9946630520000002,0.662096994,-1.5500947999999999,0.41721639,-10.0,5.69291649,1.57126934,26.6285572,0.21353691592812538,-6.720856142044068,0.014921509101986885,0.026770850121480595,36.306308400000006,-90.4822679,69.5105794,27.1531577,1.104831257,-4.29187598,6.83398895,1.8339258900000002,36.4322427,-91.95416589999999,72.2764319,27.2557514,1.0,0.1872188124,146.63301
1535731.5,1.235837875,0.6531593125,1.9529350500000002,0.4265883375,-0.80817805,0.08832864825,-0.95863834,0.993794725,0.6605487025000001,-1.55705425,0.4874270275,-10.0,5.251590225,1.365691825,28.41386225,0.15814038924872875,-6.839271903038025,0.002005922608077526,0.026776940993736596,36.29724325,-97.21360024999998,69.70354975000001,28.223239999999997,1.0543906875,-3.7422430999999996,6.6835487250000005,1.74395385,36.520985499999995,-96.53828975,72.3754065,28.311451249999998,1.0,0.1898830175,146.63301
1586154.5,1.1973802499999997,0.651454773,1.9528869199999999,0.404315568,-0.115030063,-0.0101258687,-0.9481074439999999,0.9958122269999998,0.656785725,-1.4708387799999998,0.5444891930000001,-10.0,5.34019439,1.57148009,22.529263949999997,0.22576199620962142,-8.00544033050537,-0.002076785825192928,0.0215230126798565,47.56295619999999,-24.527709899999998,80.53076639999999,23.202099899999997,1.039702971,-3.8282348600000007,6.24223185,1.55491242,47.884037899999996,-25.7903252,82.88192560000002,23.5315434,1.0,0.19124938500000002,146.63301
1586164.5,1.20111078,0.6510580960000001,1.95357038,0.41175324500000005,-0.19349406843,-0.01638222063,-0.9598959880000001,0.9942433039999999,0.6529473419999999,-1.4443257299999999,0.556004443,-10.0,5.283137760000001,1.5967430099999997,21.4571137,0.19316156432032586,-8.331539249420166,0.012903869152069092,0.021533090216349797,47.220449499999994,-23.420224500000003,80.8009661,23.547276500000002,1.030305529,-4.01475803,6.06769074,1.5459463100000002,47.38174359999999,-25.549781999999997,82.9678777,23.820486699999996,1.0,0.200856791,146.63301
1586174.5,1.2035255999999999,0.650605399,1.95330209,0.40525828399999997,-0.19133694860000006,0.007862429799999997,-0.9563421139999999,0.99545759,0.6470498040000001,-1.43105086,0.561068869,-8.135546393999999,5.14415351,1.3735568099999997,23.99628633,0.17026340812444687,-8.120101737976075,0.013420965149998665,0.021541537766236442,46.86896490000001,-18.95470152,80.6785266,22.9420503,0.954469535,-5.132487880000001,6.117728960000001,1.55741306,47.11203429999999,-18.892875249999996,82.8973426,23.147200399999996,1.0,0.199259617,146.63301
1586184.0,1.2000624555555557,0.6539335511111113,1.9537217999999998,0.3977278366666666,-0.1187061718888889,0.013197098633333333,-0.96819804,0.9953619933333333,0.6380908833333334,-1.4278923000000003,0.46822791333333336,-10.0,5.329572011111111,1.6602955888888888,23.27879088888889,0.1603020586901241,-7.840929402245416,0.04479651846405533,0.021552183322556734,47.00310855555556,-28.37400444444445,80.87957277777777,22.738618444444445,0.9819815133333335,-4.030254955555556,6.909588855555556,1.5753278111111113,47.07880855555556,-28.355740666666673,82.85556944444444,22.926920000000003,1.0,0.1901042888888889,146.63301
1631454.5,1.2012843800000002,0.6506459950000001,1.9543761500000003,0.409379888,-0.21132694800000001,0.006407097040000001,-0.9571455660000001,0.9941865959999999,0.6530218050000001,-1.4714473,0.5422397109999999,-9.09391266,5.30398003,1.54383165,20.356375670000002,0.15894492343068123,-7.357403564453125,0.06320147970691323,0.018130546245366794,47.1745407,-35.6798109,83.47049100000001,24.845660199999998,0.9629557569999999,-4.2245285699999995,7.544183779999999,1.7168646500000002,47.26340230000001,-38.8059159,87.25008340000001,25.0940384,1.0,0.175243104,146.63301
1631462.5,1.2058063833333332,0.651771675,1.9542256166666665,0.41209046,-0.41537826,0.0027457063999999994,-0.9532315766666666,0.9956264883333333,0.6548791083333333,-1.4804632166666665,0.50401334,-10.0,5.335701316666667,1.4331389333333335,27.167505833333333,0.1518979830046495,-8.446117560068766,0.15054411068558693,0.018150038816960767,46.094471166666665,-32.01782083333333,83.26452350000001,25.11416,1.11011269,-3.4040017000000002,7.70570585,1.7564564333333335,46.209722,-34.71226716666667,87.09993566666667,25.358516499999997,1.0,0.202162195,146.63301
1673154.5,1.2578540400000002,0.648887474,1.95707162,0.44292564700000003,-1.1234234829999998,0.14982943599999998,-0.9576183739999999,0.9962843749999999,0.667496456,-1.5539883499999998,0.45509816700000005,-9.75031123,5.22372394,1.3944043000000002,27.2734922,0.2596390783786774,-7.073478698730469,-0.020892987214028835,0.03221005358871496,35.248921,-114.6401908,87.50833559999998,38.0068679,1.019748284,-3.6730996300000003,7.032912739999999,1.6984679599999999,35.4651087,-115.4262463,91.09566939999999,38.115935300000004,1.0,0.19246095600000004,146.63301
1673164.5,1.25060375,0.64971461,1.9555915199999998,0.43251943300000006,-1.0801020719999999,0.13211889500000001,-0.94845296,0.9965938839999999,0.6665195780000001,-1.56359675,0.426662159,-9.8315651,5.24306404,1.3730557700000001,29.814334199999998,0.1990741964429617,-5.535657525062561,-0.027711558528244494,0.03221184776902222,35.935745,-118.145399,87.2749928,38.0884222,1.017365555,-3.6730306199999996,7.226678039999999,1.72169655,36.1397831,-119.2665916,91.3232723,38.226152700000014,1.0,0.1483051248,146.63301
1673174.5,1.24985433,0.653214446,1.96129066,0.43131163499999997,-1.063822566,0.1274669825,-0.963809331,0.995672298,0.672720223,-1.55887497,0.42402372499999996,-9.359059049999999,5.165135009999999,1.431968234,26.776218800000002,0.33796325996518134,-6.71554126739502,0.01959742484614253,0.03219602514298246,36.230676599999995,-108.8039585,87.5753106,38.30886100000001,1.058896543,-3.8501302,6.7231746,1.7456548899999997,36.429268300000004,-109.4467529,91.01621179999998,38.4014311,1.0,0.177509958,146.63301
1673183.5,1.2574503,0.64979598875,1.9549352749999998,0.43846800375,-1.1452653499999998,0.15528781375,-0.9453173937500001,0.9955890862499999,0.6673153224999999,-1.55448845,0.44852774500000003,-9.535119125,5.497396387499999,1.4216239375,25.652481750000003,0.21570800617337227,-5.074569821357727,0.06965222302824259,0.032205092549881215,35.1138665,-113.381732375,87.588028,38.868465375,1.1842538875000002,-3.7966240375000004,6.6358035,1.8032931874999998,35.3158645,-114.32927925,91.52830625,38.96425525000001,1.0,0.14026998,146.63301
1713853.0,1.2699038857142857,0.6517256557142858,1.9543833285714285,0.4410241585714285,-1.244207157142857,0.18831557571428573,-0.9419266585714287,0.9967272357142857,0.6587817271428571,-1.5322305999999999,0.3502483857142858,-10.0,5.2935200714285715,1.4944402285714287,31.29720942857143,0.2690400800534657,-6.524032831192017,-0.03734054522854941,0.040088696028907404,31.382742142857143,-140.17900642857145,93.51645571428571,44.98193714285714,1.0361501571428573,-4.224191014285714,6.589791842857143,1.727501742857143,31.55750271428571,-141.87843285714285,97.52596928571428,45.00938885714286,1.0,0.18135068142857144,146.63301
1755254.5,1.24886301,0.649299067,1.95820768,0.43560420199999994,-1.1002578,0.14178247000000002,-0.9621663,0.995611418,0.6641106649999999,-1.5604280799999999,0.456132297,-10.0,5.22823905,1.34517672,28.351167200000003,0.1654052682220936,-7.132430005073547,0.02405739761888981,0.0330254807700595,40.4374439,-108.97360589999998,94.84966440000001,38.621272,1.0639403799999998,-3.25893024,7.63128499,1.76485527,40.58932550000001,-108.7890636,98.480554,38.7840317,1.0,0.17157284979999998,146.63301
1755264.5,1.2563898500000001,0.648601313,1.9559568200000002,0.44072663900000003,-1.15240337,0.140967937,-0.950873387,0.9958628429999999,0.664759451,-1.55405317,0.463219125,-8.39446683,5.39321754,1.2761670690000002,27.401239500000003,0.16501182466745376,-7.169282245635986,0.05020377039909363,0.033055658791430215,39.0554081,-113.75021100000001,94.7807104,38.8284445,1.104326712,-3.72098126,8.31254144,1.8111677,39.171521,-113.73690199999999,98.4797934,38.9455973,1.0,0.181785856,146.63301
1755274.5,1.2445015099999999,0.6486040259999999,1.9582149999999998,0.43671907,-1.0152944849999999,0.11548927820000002,-0.9610437679999999,0.995517869,0.664910104,-1.54036002,0.467737273,-8.62988144,5.1986031,1.3646728000000001,24.6511188,0.19637948498129845,-7.692652034759521,0.03685340154916048,0.03310882997537758,40.573874700000005,-115.03517,94.65575129999999,38.2970323,1.0558610179999999,-3.9624012100000003,8.286061929999999,1.8461872699999997,40.741121400000004,-115.5864472,98.3187663,38.5430669,1.0,0.188811499,146.63301
1755280.5,1.2538183,0.649271765,1.9640316,0.4340871,-1.06050565,0.138536645,-0.92813645,0.99562238,0.66341385,-1.5795637,0.42674193,-6.0914881,5.294231,1.02841375,34.753203,0.19832327961921692,-8.324620246887207,0.015011420473456383,0.03313181365415678,39.076416,-99.75717,93.45819700000001,36.617018,1.0250371,-3.1865601000000003,8.037639200000001,1.8975376,39.305492,-100.360058,98.717625,37.097091500000005,1.0,0.20731116500000002,146.63301
1807554.5,1.2270108000000002,0.6511839050000001,1.95075159,0.43323942200000004,-0.799242221,0.0794783361,-0.965575244,0.9964354400000002,0.6669443310000001,-1.5274704199999998,0.47878098700000005,-9.19614273,5.306802590000001,1.4213891499999998,24.4680366,0.25113141983747483,-7.929178142547608,0.0035964366048574447,0.02696045272938859,44.26844749999999,-92.96351480000001,93.763162,33.043787300000005,0.961783786,-4.095048839999999,9.13128175,1.85299533,44.433219699999995,-94.10173140000002,97.329069,33.231310099999995,1.0,0.18909046399999999,146.63301
