time[s],x[m],y[m],vx[m/s],vy[m/s],theta[rad],theta_dot[rad/s],alpha[rad],mass[kg],gimbalanglecommanded[deg],u0
100.29999999999858,13212.16194510661,41810.0853668838,524.7378937506106,1016.6281349004581,1.0378879010456938,-0.0061554915667591786,-0.05642034675535923,3838383.8044323777,-45.0,-1.0
100.39999999999857,13264.658237669422,41911.69022547794,524.9629256281119,1016.0485859414027,1.0372655221248412,-0.006223789208525712,-0.056635449371392976,3837904.1189802154,45.0,1.0
100.49999999999856,13317.179586422935,42013.23554535795,525.2134875351327,1015.453198800126,1.036693724170064,-0.005717979547772356,-0.05677347803053113,3837424.433528053,-37.49248397167101,-0.833166310481578
100.59999999999856,13369.728189343441,42114.719762786386,525.4860292050582,1014.8421742843701,1.036223858146241,-0.004698660238228509,-0.05678588996219402,3836944.748075891,-37.40325517455589,-0.8311834483234641
100.69999999999855,13422.305928913922,42216.14137159427,525.7773957048144,1014.2160880788119,1.0359015540419407,-0.0032230410430041843,-0.0566297085842673,3836465.0626237285,-37.21475871241489,-0.8269946380536642
100.79999999999855,13474.914409436147,42317.498950460365,526.0848052222585,1013.5757886609712,1.0357671136717723,-0.0013444037016845534,-0.05626710743541041,3835985.3771715662,-36.93704701216059,-0.820823266936902
100.89999999999854,13527.55499134025,42418.79118195301,526.405819041036,1012.9223149264436,1.0358559262558948,0.0008881258412258038,-0.055664985202639856,3835505.691719404,-36.579517487418755,-0.8128781663870834
100.99999999999854,13580.228822104536,42520.01686502373,526.738307642867,1012.2568307071955,1.036198885183355,0.0034295892746007807,-0.05479454924849959,3835026.0062672417,-36.1508634396057,-0.8033525208801267
101.09999999999853,13632.9368636742,42621.17492237071,527.0804156966333,1011.5805734697664,1.0368227916683046,0.006239064849495351,-0.053630918704725465,3834546.3208150794,-35.65906551141036,-0.7924236780313414
101.19999999999852,13685.679916453133,42722.26440384168,527.4305277893296,1010.8948147096529,1.0377507364180398,0.009279447497352013,-0.052152753587735745,3834066.635362917,-35.111410177228024,-0.780253559493956
101.29999999999852,13738.458640060902,42823.28448682655,527.787236077691,1010.2008298487531,1.0390024543476306,0.012517179295910499,-0.050341913118952204,3833586.949910755,-34.5145252359728,-0.7669894496882844
101.39999999999851,13791.273571115506,42924.23447440169,528.1493105460321,1009.4998757513765,1.0405946501369108,0.015921957892799505,-0.04818314417899149,3833107.2644585925,-33.87442502355128,-0.7527650005233618
101.49999999999851,13844.125138336078,43025.11379182909,528.5156722057161,1008.7931742740327,1.042541294311268,0.019466441743572642,-0.04566379933034348,3832627.57900643,-33.19656019242451,-0.7377013376094337
101.5999999999985,13897.013675269174,43125.92198188305,528.8853693309705,1008.0819005396013,1.0448538907624099,0.023125964511418514,-0.04277358290439359,3832147.893554268,-32.485868522679034,-0.7219081893928674
101.6999999999985,13949.939430935861,43226.65869937006,529.2575566668625,1007.3671748701053,1.0475417173852493,0.026878266228394822,-0.039504323108170425,3831668.2081021057,-31.74682443362342,-0.7054849874138538
101.79999999999849,14002.902578680474,43327.323705122246,529.6314774461194,1006.6500575218437,1.0506120419280995,0.030703245428501783,-0.03584976784454641,3831188.5226499434,-30.98348574538564,-0.6885219054530142
101.89999999999849,14055.903223479978,43427.916859676545,530.0064479950344,1005.9315455429895,1.0540703153382671,0.034582734101674326,-0.03180540186781333,3830708.837197781,-30.19953687000849,-0.6711008193335221
101.99999999999848,14108.941407948168,43528.438116798505,530.3818446819142,1005.2125712195959,1.057920344910518,0.03850029572250999,-0.02736828294914706,3830229.151745619,-29.398328052203727,-0.6532961789378606
102.09999999999847,14162.017117243642,43628.88751696799,530.7570929547388,1004.4940016948128,1.062164449467868,0.04244104557349883,-0.022536894856389544,3829749.4662934565,-28.58291057878948,-0.6351757906397663
102.19999999999847,14215.130283065722,43729.26518091217,531.1316582208023,1003.7766394417808,1.0668035986631232,0.04639149195255651,-0.01731101512634825,3829269.780841294,-27.756068071040204,-0.6168015126897823
102.29999999999846,14268.28078689923,43829.57130324685,531.505038335072,1003.0612233468161,1.0718375383141268,0.05033939651003467,-0.011691595802316268,3828790.095389132,-26.920344094395887,-0.598229868764353
102.39999999999846,14321.468462647457,43929.8061462688,531.8767574822708,1002.3484302194986,1.0772649034953898,0.05427365181262886,-0.00568065550913599,3828310.4099369696,-26.078066387134516,-0.5795125863807671
102.49999999999845,14374.693098773245,44029.970033928104,532.2463612578672,1001.6388765930965,1.0830833209169637,0.05818417421574116,0.0007188185673157044,3827830.7244848073,-25.23136804008537,-0.5606970675574527
102.59999999999845,14427.954440050611,44130.0633459996,532.6134127736589,1000.9331207149476,1.0892895019364468,0.062061810194832354,0.007502960046084084,3827351.039032645,-24.382205965181573,-0.5418267992262572
102.69999999999844,14481.252189013958,44230.086512465015,532.9774896334667,1000.2316646541145,1.0958793273771053,0.06589825440658255,0.014667105143984394,3826871.353580483,-23.532376980386143,-0.5229417106752476
102.79999999999843,14534.58600717826,44330.040008112475,533.3381816430255,999.534956474606,1.102847925166985,0.0696859778987964,0.02220586782485579,3826391.6681283205,-22.68353181843443,-0.5040784848540985
102.89999999999843,14587.955516091779,44429.92434735629,533.6950891351742,998.8433924381484,1.110189741671771,0.07341816504786042,0.030113209099636995,3825911.982676158,-21.837187341328335,-0.4852708298072963
102.99999999999842,14641.360298272459,44529.74007927749,534.0478218067942,998.1573192120765,1.1178986074681194,0.07708865796348421,0.03838250115303122,3825432.297223996,-20.994737214582113,-0.4665497158796025
103.09999999999842,14694.799898070221,44629.48778288413,534.3959979776259,997.4770360663172,1.1259677981936778,0.08069190725558294,0.04700658686932879,3824952.6117718336,-20.157461266820306,-0.4479435837071179
103.19999999999841,14748.273822489542,44729.168062589066,534.7392441931972,996.8027970494076,1.134390091014014,0.08422292820336086,0.05597783524103317,3824472.9263196713,-19.32653373283635,-0.42947852739636333
103.2999999999984,14801.781542000017,44828.78154390283,535.0771951047416,996.1348131376143,1.143157817173874,0.08767726159860202,0.06528819307781597,3823993.240867509,-18.503030552341585,-0.4111784567187019
103.3999999999984,14855.322491356847,44928.32886933823,535.4094935682966,995.4732543539719,1.1522629110139693,0.09105093840095145,0.07492923335328072,3823513.5554153468,-17.687935853304452,-0.3930652411845434
103.4999999999984,14908.89607044818,45027.8106945238,535.7357909133353,994.8182518557591,1.1616969557305281,0.09434044716558612,0.08489220042877843,3823033.8699631845,-16.88214777793557,-0.3751588395096794
103.59999999999839,14962.501645182027,45127.22768452278,536.0557473384721,994.1698999898265,1.17145122622364,0.09754270493112088,0.09516805246758708,3822554.184511022,-16.086483845262315,-0.357477418783607
103.69999999999838,15016.138548421817,45226.58051035436,536.369032397909,993.5282583157464,1.1815167292433018,0.10065503019661588,0.10574750122024355,3822074.49905886,-15.301685703423288,-0.34003746007607305
103.79999999999838,15069.806080976594,45325.86984571404,536.6753255477595,992.8933535967842,1.1918842410317945,0.10367511788492598,0.11662104935584239,3821594.8136066976,-14.528423540519313,-0.32285385645598474
103.89999999999837,15123.503512649208,45425.0963638899,536.9743167261403,992.265181758544,1.202544342631847,0.10660101600052546,0.12777902548874298,3821115.1281545353,-13.76730016290442,-0.3059400036200982
103.99999999999837,15177.230083343717,45524.26073487138,537.2657069450909,991.6437098148389,1.2134874530060549,0.10943110374207596,0.1392116170295714,3820635.442702373,-13.018854794500854,-0.2893078843222412
104.09999999999836,15230.98500423132,45623.363622647375,537.5492088760334,991.02887775998,1.2247038600934765,0.11216407087421874,0.15090890097288387,3820155.7572502107,-12.283566639868248,-0.2729681475526277
104.19999999999835,15284.767458972688,45722.405682690005,537.8245474136991,990.4206004262959,1.236183749913508,0.11479889820031536,0.1628608727207486,3819676.0717980484,-11.561858245747537,-0.25693018323883415
104.29999999999835,15338.576604993315,45821.38755962054,538.0914602062699,989.8187693053331,1.2479172338144089,0.11733483900901033,0.17505747303115712,3819196.386345886,-10.854098689012218,-0.2412021930891604
104.39999999999834,15392.411574807513,45920.309885053626,538.3496981419678,989.2232543308779,1.2598943739537438,0.11977140139334502,0.18748861317216203,3818716.700893724,-10.160606613317583,-0.22579125807372408
104.49999999999834,15446.271477385964,46019.173275615794,538.5990257845084,988.6339056216807,1.272105207089987,0.12210833136243343,0.2001441983564678,3818237.0154415616,-9.481653132008866,-0.21070340293353035
104.59999999999833,15500.15539956114,46117.978331133956,538.8392217517509,988.0505551815834,1.2845397667582932,0.1243455966830621,0.21301414952653072,3817757.3299893993,-8.81746461096732,-0.19594365802149602
104.69999999999833,15554.062407464495,46216.72563298942,539.0700790335574,987.4730185546339,1.2971881038985507,0.12648337140257165,0.22608842355673398,3817277.644537237,-8.168225341921584,-0.18151611870936854
104.79999999999832,15607.99154798913,46315.41574263269,539.2914052463403,986.9010964327354,1.3100403060001022,0.1285220210155187,0.2393570319366232,3816797.9590850747,-7.53408011416839,-0.16742400253707532
104.89999999999831,15661.941850271434,46414.049200254034,539.5030228230489,986.3345762134013,1.3230865148246376,0.13046208824535238,0.2528100579972974,3816318.2736329124,-6.915136690632416,-0.1536697042362759
104.99999999999831,15715.912327185279,46512.626523604566,539.7047691384449,985.773233505283,1.3363169427665431,0.13230427941905518,0.26643767274166175,3815838.58818075,-6.311468192575553,-0.14025484872390118
105.0999999999983,15769.901976842324,46611.14820696249,539.8964965704595,985.2168335792775,1.3497218879083166,0.13404945141773583,0.2802301493382162,3815358.902728588,-5.723115396062724,-0.1271803421347272
105.1999999999983,15823.909784092246,46709.61472023882,540.0780724992172,984.6651327632211,1.363291747827298,0.1356985991898136,0.2941778763372464,3814879.2172764256,-5.150088942342364,-0.11444642094094143
105.29999999999829,15877.934722016844,46808.02650821666,540.2493792459799,984.1178797784052,1.3770170322088937,0.13725284381595798,0.3082713696676007,3814399.5318242633,-4.592371463665991,-0.10205269919257758
105.39999999999829,15931.975753412324,46906.3839899183,540.4103139548067,983.5748170164151,1.39088837432055,0.13871342111656082,0.3225012834716173,3813919.846372101,-4.0499196255964485,-0.0899982139021433
105.49999999999828,15986.03183225434,47004.68755809381,540.5607884201675,983.0356817550808,1.4048965413998908,0.1400816707934107,0.33685841983512366,3813440.1609199387,-3.5226660865749295,-0.07828146859055399
105.59999999999827,16040.101905593609,47102.93757934015,540.7007333926815,982.5002124634502,1.419032409748503,0.14135868348612085,0.35133370453092794,3812960.4754677764,-3.0105213753676274,-0.0669004750081695
105.69999999999827,16094.184914168574,47201.13439291671,540.8300857496657,981.968135765611,1.4332870394401942,0.14254629691691387,0.36591825730023597,3812480.790015614,-2.5134434555116414,-0.05585429901136981
105.79999999999826,16148.27979414665,47299.27831094255,540.9487997807549,981.4391802584164,1.447651649804043,0.14364610363848332,0.38060337021002844,3812001.104563452,-2.0312391597049277,-0.04513864799344284
105.89999999999826,16202.385478473116,47397.369618308505,541.0568432646596,980.9130736595605,1.4621176260009225,0.14465976196879704,0.3953805123797218,3811521.4191112895,-1.5637646909404772,-0.034750326465343935
105.99999999999825,16256.500898181503,47495.40857267969,541.1541970838722,980.3895437118911,1.4766765247688252,0.1455889876790257,0.4102413350267396,3811041.7336591273,-1.110859004296021,-0.024685755651022687
106.09999999999825,16310.62498366241,47593.39540458229,541.2408548090841,979.8683190259794,1.4913200793848422,0.1464355461601715,0.42517767573076615,3810562.048206965,-0.6723470739186652,-0.01494104608708145
106.19999999999824,16364.756665888148,47691.33031756847,541.3168222573805,979.3491298618054,1.5060402038905278,0.14720124505685914,0.44018156196647745,3810082.3627548027,-0.24804129250330575,-0.005512028722295684
106.29999999999824,16418.894877590967,47789.21348845353,541.382117028178,978.8317088506643,1.5208289966261197,0.14788792735591635,0.45524521395307765,3809602.6773026404,0.16225720485538986,0.0036057156634531078
106.39999999999823,16473.03855439304,47887.045067619394,541.4367680207368,978.3157916586257,1.5356787431177776,0.14849746491657892,0.4703610468674375,3809122.991850478,0.5587572908899787,0.012416828686443972
106.49999999999822,16527.18663588673,47984.825179378706,541.4808149369208,977.8011175930806,1.5505819183606215,0.149031752428441,0.4855216724659955,3808643.306398316,0.9416766687550364,0.020926148194556366
106.59999999999822,16581.338066664,48082.553922394116,541.5143077726915,977.287430154089,1.5655311885388854,0.14949270178263585,0.5007199001588858,3808163.6209461535,1.311240765111453,0.029138683669143402
106.69999999999821,16635.491797294162,48180.231370147354,541.5373063016306,976.7744775323969,1.580519412223006,0.14988223684120253,0.515948737578012,3807683.9354939912,1.667681691676023,0.037059593148356065
106.7999999999982,16689.64678524952,48277.857571452965,541.5498795535648,976.2620130561214,1.5955396410819218,0.15020228858916074,0.5312013906789841,3807204.250041829,2.0112372730858254,0.04469416162412945
106.8999999999982,16743.801995778635,48375.432551011785,541.5521052911567,975.7497955882093,1.6105851201472714,0.15045479065349385,0.5464712634150308,3806724.5645896667,2.3421501388179777,0.052047780862621726
106.9999999999982,16797.956402727345,48472.95630999947,541.5440694870952,975.2375898768607,1.6256492876645732,0.1506416751730204,0.5617519570191511,3806244.8791375044,2.6606668768149575,0.05912593059588794
107.09999999999819,16852.108989307773,48570.42882668559,541.5258658042956,974.7251668611702,1.6407257745648747,0.1507648690030168,0.57703726892895,3805765.193685342,2.9670372463932857,0.0659341610309619
107.19999999999818,16906.258748815904,48667.85005707901,541.497595081299,974.2123039342813,1.6558084035887182,0.15082629023843352,0.5923211913867672,3805285.50823318,3.261513447968831,0.07247807662152958
107.29999999999818,16960.40468529839,48765.21993559565,541.4593648248343,973.6987851663733,1.6708911880926798,0.15082784503961694,0.6075979097459121,3804805.8227810175,3.54434944709147,0.07876332104647711
107.39999999999817,17014.54581416952,48862.538375744625,541.4112887112981,973.1844014898068,1.6859683305671398,0.15077142474460073,0.6228618005120321,3804326.137328855,3.8158003502763904,0.08479556333947534
107.49999999999817,17068.68116277939,48959.8052708295,541.3534860986975,972.6689508487412,1.701034220892366,0.15065890325225972,0.6381074291469155,3803846.451876693,4.0761218301069135,0.09058048511348697
107.59999999999816,17122.80977093443,49057.020494661054,541.2860815504052,972.1522383155196,1.7160834343584566,0.15049213466091205,0.6533295476603231,3803366.7664245307,4.32556959711415,0.09612376882475888
107.69999999999816,17176.930691371617,49154.18390227866,541.2092043718842,971.6340761760722,1.7311107294731876,0.1502729511473083,0.668523092013805,3802887.0809723684,4.5643989159567795,0.10143108702126177
107.79999999999815,17231.042990187754,49251.29533067731,541.1229881613662,971.1142839865496,1.7461110455803228,0.1500031610713505,0.6836831793588671,3802407.395520206,4.792864163467215,0.10650809252149365
107.89999999999814,17285.145747225284,49348.35459953765,541.0275703752978,970.5926886033353,1.7610795003095552,0.14968454729232633,0.6988051051303161,3801927.710068044,5.011218426184172,0.11136040947075937
107.99999999999814,17339.238056416205,49445.3615119565,540.9230919092137,970.0691241885239,1.7760113868778478,0.14931886568292643,0.7138843400141468,3801448.0246158815,5.219713135046909,0.11599362522326465
108.09999999999813,17393.31902608566,49542.31585517579,540.8096966945515,969.5434321928794,1.7909021712606297,0.14890784382781638,0.7289165268079221,3800968.339163719,5.418597734996318,0.12041328299991819
108.19999999999813,17447.38777921684,49639.21740130761,540.6875313117926,969.0154613182115,1.8057474892500358,0.14845317989406528,0.7438974771902583,3800488.653711557,5.60811938729767,0.12462487527328155
108.29999999999812,17501.443453678858,49736.06590805371,540.5567446201874,968.4850674610267,1.8205431434161634,0.1479565416612735,0.7588231684147495,3800008.9682593946,5.7885227024803925,0.1286338378328976
108.39999999999812,17555.48520241928,49832.861119417634,540.4174874042176,967.9521136392274,1.8352850999861428,0.14741956569979417,0.77368973994245,3799529.2828072323,5.960049501872458,0.1324455444860546
108.49999999999811,17609.512193622966,49929.60276640799,540.269912036844,967.4164699035439,1.8499694856547428,0.14684385668599834,0.7884934900259002,3799049.59735507,6.1229386057855635,0.1360653023507903
108.5999999999981,17663.523610838918,50026.29056773152,540.1141721595028,966.8780132353006,1.8645925843391518,0.14623098684408872,0.8032308722565803,3798569.911902908,6.277425646500877,0.13949834770001948
108.6999999999981,17717.51865307679,50122.924230474724,539.9504223787309,966.336627432027,1.8791508338896035,0.14558249550451863,0.8178984920866819,3798090.2264507455,6.423742904283234,0.1427498423174052
108.7999999999981,17771.496534874714,50219.50345077296,539.7788179792295,965.7922029823374,1.8936408227665649,0.14489988876961507,0.832493103335108,3797610.540998583,6.562119164750364,0.14582487032778585
108.89999999999809,17825.456486340026,50316.027914466096,539.599514653117,965.2446369314188,1.9080592866943187,0.14418463927753916,0.8470116046867369,3797130.855546421,6.692779595995827,0.14872843546657394
108.99999999999808,17879.397753164532,50412.49729773994,539.4126682450644,964.6938327383787,1.9224031052999424,0.14343818605623654,0.8614510361931297,3796651.1700942586,6.815945643963985,0.15146545875475523
109.09999999999808,17933.319596615827,50508.9112677526,539.2184345129639,964.1397001266229,1.936669298745896,0.14266193445953626,0.8758085757820921,3796171.4846420963,6.931834944645871,0.15404077654768603
109.19999999999807,17987.2212935062,50605.269483245436,539.0169689037386,963.5821549283532,1.9508550243637006,0.1418572561780455,0.8900815357827674,3795691.799189934,7.040661251758852,0.1564591389279745
109.29999999999806,18041.102136140587,50701.57159513786,538.8084263438733,963.0211189241958,1.9649575732954965,0.14102548931795894,0.9042673594722536,3795212.1137377718,7.142634378648889,0.15872520841441976
109.39999999999806,18094.96143224501,50797.81724710575,538.5929610442146,962.4565196788951,1.9789743671496318,0.1401679385413541,0.9183636176491251,3794732.4282856095,7.237960153220374,0.16084355896045277
109.49999999999805,18148.798504876868,50894.006076143145,538.3707263185722,961.8882903739384,1.9929029546758295,0.13928587526197778,0.9323680052386379,3794252.742833447,7.326840384796704,0.16281867521770452
109.59999999999805,18202.61269231843,50990.13771310694,538.1418744156338,961.3163696379029,2.0067410084649238,0.13838053789094226,0.9462783379338712,3793773.057381285,7.40947284185977,0.16465495204132824
109.69999999999804,18256.4033479548,51086.211783244464,537.9065563636946,960.7407013752553,2.0204863216776383,0.13745313212714372,0.9600925488765616,3793293.3719291226,7.486051239704572,0.16635669421565716
109.79999999999804,18310.16984014158,51182.22790671111,537.664921867797,960.1612346664174,2.03413680477988,0.13650483102241617,0.9738086853541563,3792813.6864769603,7.556765237107356,0.16792811638016347
109.89999999999803,18363.91155205332,51278.18569905951,537.4171191173923,959.5779234840583,2.0476904823559754,0.13553677576095446,0.9874249055852483,3792334.001024798,7.62180038869775,0.1693733419710611
109.99999999999802,18417.627881521745,51374.084771715,537.1632946842434,958.990726554893,2.0611454899471178,0.13455007591142262,1.0009394755369898,3791854.3155726357,7.6813382400080314,0.1706964053335118
110.09999999999802,18471.318240863366,51469.92473243429,536.9035934162051,958.3996071928485,2.0745000709318435,0.13354580984725722,1.0143507657937814,3791374.6301204734,7.735556315604441,0.17190125145787646
110.19999999999801,18524.982056697205,51565.70518574718,536.6381583383774,957.8045331289231,2.0877525734514575,0.13252502519614148,1.0276572484780278,3790894.944668311,7.7846281439103,0.17299173653134
110.29999999999801,18578.618769753608,51661.425733381446,536.3671305640325,957.2054763426673,2.1009014473824803,0.13148873931022925,1.040857494224764,3790415.259216149,7.828723287603577,0.1739716286134128
110.399999999998,18632.22783467509,51757.08597467101,536.0906492148255,956.6024128956459,2.1139452413578947,0.13043793975414317,1.053950169211379,3789935.5737639866,7.868007378769608,0.1748446084171024
110.499999999998,18685.80871981007,51852.68550694773,535.8088513498037,955.9953227671941,2.126882599838696,0.129373584808016,1.066934032243435,3789455.8883118243,7.902642158295752,0.17561427018435005
110.59999999999799,18739.360907000344,51948.22392591701,535.5218719027471,955.3841896927486,2.139712260237004,0.12829660398307388,1.0798079318973413,3788976.202859662,7.932785519022811,0.17628412264495136
110.69999999999798,18792.883891363083,52043.700826017506,535.2298436273778,954.7690010049932,2.152433050091751,0.12720789854747347,1.0925708037204447,3788496.5174074997,7.958591552202648,0.17685759004894774
110.79999999999798,18846.37718106808,52139.11580076531,534.9328970499947,954.1497474780335,2.1650438842977815,0.12610834206030505,1.1052216674889201,3788016.8319553374,7.98021059682948,0.17733801326287732
110.89999999999797,18899.84029711099,52234.468443082784,534.6311604291,953.526423174777,2.1775437623889675,0.12499878091185854,1.1177596245236683,3787537.146503175,7.9977892914925945,0.17772865092205767
110.99999999999797,18953.27277308315,52329.75834561255,534.3247597215988,952.8990252976749,2.1899317658758095,0.12388003486842208,1.1301838550642853,3787057.461051013,8.011470628366933,0.17803268063037628
111.09999999999796,19006.674154938668,52424.98510101684,534.0138185551696,952.2675540429503,2.202207055637814,0.12275289762004268,1.1424936157010372,3786577.7755988506,8.021394009047077,0.17825320020104615
111.19999999999796,19060.04400075931,52520.148302262685,533.6984582064156,951.6320124584189,2.2143688693707966,0.12161813732982649,1.1546882368646405,3786098.0901466883,8.027695301924794,0.1783932289316621
111.29999999999795,19113.38188051775,52615.24754289319,533.378797584423,950.9924063049832,2.226416519089146,0.12047649718349383,1.1667671203735621,3785618.404694526,8.030506900826683,0.17845570890725962
111.39999999999795,19166.687375839687,52710.28241728537,533.0549532193681,950.3487439218645,2.238349388682949,0.1193286959380307,1.1787297370384353,3785138.7192423637,8.02995778470077,0.17844350632668377
111.49999999999794,19219.96007976527,52805.25252089494,532.7270392558296,949.7010360956176,2.2501669315297885,0.11817542846839552,1.1905756243231198,3784659.0337902014,8.026173578098057,0.1783594128466235
111.59999999999793,19273.19959651032,52900.15745048823,532.3951674504758,949.0492959329575,2.2618686681609232,0.1170173663113483,1.2023043840618544,3784179.348338039,8.019276612267593,0.17820614693927983
111.69999999999793,19326.4055412277,52994.996804361974,532.0594471738151,948.3935387374136,2.27345418398148,0.11585515820556855,1.2139156802318822,3783699.662885877,8.009385986676264,0.17798635525947254
111.79999999999792,19379.57753976927,53089.77018255096,531.7199854157077,947.7337818898109,2.2849231270442116,0.11468943062731966,1.2254092367808778,3783219.9774337145,7.996617630792784,0.17770261401761742
111.89999999999792,19432.715228448706,53184.47718702421,531.3768867943547,947.0700447325713,2.2962752058763125,0.11352078832100274,1.236784835508448,3782740.2919815523,7.981084365978301,0.17735743035507337
111.99999999999791,19485.818253805555,53279.11742186999,531.0302535684933,946.4023484578113,2.3075101873587145,0.1123498148240182,1.248042314000945,3782260.60652939,7.96289596735609,0.1769532437190242
112.0999999999979,19538.886272370808,53373.69049346991,530.6801856525392,945.7307159992063,2.318627894657257,0.11117707298542615,1.2591815636187869,3781780.9210772277,7.942159225545744,0.17649242723434988
112.1999999999979,19591.91895043425,53468.19601066267,530.3267806344334,945.0551719275846,2.329628205205053,0.11000310547796045,1.2702025275354532,3781301.2356250654,7.918978008137925,0.17597728906973167
112.2999999999979,19644.915963813848,53562.633584897696,529.9701337959599,944.3757423502033,2.3405110487353546,0.10882843530301047,1.2811051988272952,3780821.550172903,7.893453320831441,0.17541007379625423
112.39999999999789,19697.87699762738,53657.00283037906,529.610338135317,943.6924548136532,2.351276405364178,0.1076535662882395,1.2918896186132847,3780341.864720741,7.865683368128813,0.17479296373619585
112.49999999999788,19750.801746066554,53751.303364200096,529.2474843917328,943.0053382103365,2.361924303721934,0.10647898357755771,1.3025558742438021,3779862.1792685785,7.835763613531881,0.17412808030070848
112.59999999999788,19803.689912173748,53845.53480646894,528.8816610719316,942.3144226884525,2.372454819133255,0.1053051541132124,1.313104097537562,3779382.4938164162,7.803786839160685,0.17341748531468187
112.69999999999787,19856.541207621576,53939.69678042548,528.5129544782652,941.6197395654239,2.382868071844235,0.10413252710979978,1.323534463065747,3778902.808364254,7.769843204732691,0.17266318232739314
112.79999999999787,19909.35535249541,54033.78891254995,528.1414487383355,940.9213212446931,2.393164225296239,0.10296153452003919,1.333847186482439,3778423.1229120917,7.734020305861513,0.17186711790803363
112.89999999999786,19962.132075079007,54127.810832663534,527.767225835946,940.2192011358159,2.4033434844454575,0.10179259149218463,1.3440425229004112,3777943.4374599294,7.696403231623599,0.17103118292496886
112.99999999999785,20014.87111164333,54221.762174021314,527.3903656432276,939.5134135777731,2.413406094127355,0.10062609681897923,1.3541207653113554,3777463.752007767,7.657074621352834,0.17015721380784074
113.09999999999785,20067.57220623871,54315.642573397854,527.0109459537953,938.8039937654248,2.4233523374651638,0.09946243337808511,1.3640822430496227,3776984.066555605,7.616114720634609,0.1692469937918802
113.19999999999784,20120.23511049039,54409.451671165756,526.6290425168,938.0909776790256,2.433182534321558,0.09830196856394707,1.3739273202985447,3776504.3811034425,7.5736014364696675,0.1683022541437704
113.29999999999784,20172.859583397567,54503.18911136743,526.2447290717506,937.374402016721,2.4428970397926655,0.09714505471106999,1.3836563946384237,3776024.69565128,7.529610391583105,0.16732467536851345
113.39999999999783,20225.445391135967,54596.85454178042,525.8580773839856,936.6543041299416,2.4524962427435364,0.09599202950871023,1.3932698956352778,3775545.010199118,7.484214977858155,0.16631588839684788
113.49999999999783,20277.992306864035,54690.44761397658,525.4691572806868,935.9307219616151,2.4619805643842367,0.09484321640699965,1.4027682834694355,3775065.3247469557,7.437486408887269,0.1652774757530504
113.59999999999782,20330.50011053277,54783.967983375296,525.0780366873303,935.2036939871117,2.47135045688569,0.09369892501453637,1.4121520476030864,3774585.6392947934,7.389493771617904,0.16421097270262008
113.69999999999781,20382.968588699216,54877.41530929108,524.6847816644793,934.4732591578426,2.480606402034439,0.09255945148749131,1.4214217054859042,3774105.953842631,7.340304077090881,0.16311786837979736
113.79999999999781,20435.397534343698,54970.78925497582,524.2894564448306,933.7394568474277,2.489748909925468,0.09142507891029159,1.430577801297861,3773626.268390469,7.28998231026527,0.16199960689478377
113.8999999999978,20487.78674669074,55064.08948765585,523.8921234704313,933.0023268003542,2.4987785176922634,0.09029607766795375,1.4396209047283826,3773146.5829383065,7.238591478923924,0.16085758842053163
113.9999999999978,20540.13603103374,55157.315678564155,523.4928434299886,932.2619090830424,2.507695788273278,0.08917270581014923,1.448551609790983,3772666.897486144,7.1861926616609395,0.159693170259132
114.09999999999779,20592.44519856336,55250.46750296788,523.091675296204,931.5182440372412,2.5165013092139876,0.08805520940709313,1.457370533672549,3772187.212033982,7.132845054946024,0.15850766788768944
114.19999999999779,20644.714066199667,55343.544640191445,522.6886763630641,930.771372235675,2.5251956915037237,0.08694382289735535,1.4660783156164507,3771707.5265818196,7.078606019284013,0.15730235598408918
114.29999999999778,20696.94245642797,55436.54677363543,522.2839022830294,930.0213344398635,2.5337795684464925,0.08583876942769869,1.4746756158386625,3771227.8411296573,7.023531124447736,0.1560784694321719
114.39999999999777,20749.130197138376,55529.47359079144,521.8774071040646,929.2681715600389,2.5422535945649987,0.08474026118505566,1.4831631144761102,3770748.155677495,6.96767419381899,0.15483720430708867
114.49999999999777,20801.277121469022,55622.32478325314,521.4692433064602,928.5119246170866,2.5506184445370743,0.08364849972075822,1.4915415105664487,3770268.470225333,6.911087347824608,0.15357971884054686
114.59999999999776,20853.38306765296,55715.10004672378,521.0594618393992,927.7526347064356,2.5588748121637885,0.08256367626714133,1.4998115210585203,3769788.7847731705,6.853821046477911,0.1523071343661758
114.69999999999776,20905.447878868683,55807.799081020166,520.6481121572257,926.9903429638276,2.5670234093684527,0.0814859720466419,1.5079738798527242,3769309.099321008,6.795924131050452,0.1510205362455656
114.79999999999775,20957.47140309422,55900.421590073456,520.2352422553766,926.2250905328939,2.5750649652258044,0.08041555857351948,1.516029336870576,3768829.413868846,6.737443864856623,0.14972097477459162
114.89999999999775,21009.453492964814,55992.9672819269,519.8208987059434,925.4569185344732,2.5830002250206374,0.07935259794832529,1.5239786571527232,3768349.7284166836,6.678425973192049,0.14840946607093441
114.99999999999774,21061.394005634098,56085.43586873067,519.4051266928291,924.6858680376027,2.590829949335162,0.07829724314524951,1.531822619984713,3767870.0429645213,6.6189146824101925,0.14708699294244873
115.09999999999773,21113.292802638745,56177.82706673388,518.9879700464755,923.9119800321181,2.59855491316441,0.07724963829247639,1.5395620180498215,3767390.357512359,6.558952758169699,0.1457545057371044
115.19999999999773,21165.14974976656,56270.14059627416,518.5694712781328,923.1352954027982,2.606175905058978,0.0762099189456783,1.5471976566082617,3766910.6720601968,6.498581542849877,0.1444129231744417
115.29999999999772,21216.964716927923,56362.37618176466,518.1496716136492,922.3558549049949,2.6136937262944557,0.07517821235477998,1.5547303527021055,3766430.9866080345,6.437840992155628,0.14306313315901395
115.39999999999772,21268.7375780306,56454.533551678825,517.728611026762,921.5736991416866,2.621109190066868,0.07415463772412403,1.5621609343852751,3765951.301155872,6.37676971091958,0.14170599357599065
115.49999999999771,21320.468210857787,56546.61243853302,517.3063282718709,920.7888685418978,2.628423120713485,0.07313930646616881,1.5694902399779627,3765471.61570371,6.315404988123835,0.14034233306941857
115.5999999999977,21372.156496949414,56638.61257886706,516.8828609162791,920.0014033404298,2.63563635295837,0.07213232244884862,1.576719117344857,3764991.9302515476,6.253782831135588,0.13897295180301306
115.6999999999977,21423.802321486604,56730.53371322295,516.4582453718887,919.2113435588452,2.6427497311820427,0.0711337822367266,1.5838484231965753,3764512.2447993853,6.19193799919292,0.13759862220428712
115.7999999999977,21475.40557317924,56822.375586121714,516.032516926339,918.4187289876569,2.6497641087146495,0.07014377532606816,1.5908790224136926,3764032.559347223,6.12990403614043,0.13622008969200955
115.89999999999769,21526.9661441566,56914.13794603868,515.6057097735794,917.6235991696674,2.656680347152046,0.06916238437396256,1.5978117873928046,3763552.8738950607,6.06771330242598,0.134838073387244
115.99999999999768,21578.483929860984,57005.82054537712,515.177857043868,916.8259933844105,2.663499315694208,0.06818968542161927,1.60464759741404,3763073.1884428984,6.005397006386439,0.13345326680858755
116.09999999999768,21629.9588289443,57097.423140440485,514.7489908331904,916.0259506336471,2.6702218905054043,0.06722574811196308,1.6113873380294794,3762593.502990736,5.942985234817718,0.13206633855150485
116.19999999999767,21681.39074316751,57188.945491403276,514.3191422320946,915.2235096278691,2.6768489540955693,0.06627063590165169,1.6180319004719321,3762113.817538574,5.880506982859597,0.1306779329524355
116.29999999999767,21732.779577302903,57280.38736228065,513.8883413539379,914.4187087737663,2.683381394722333,0.0653244062676366,1.624582181083542,3761634.1320864116,5.817990183195414,0.1292886707376759
116.39999999999766,21784.125239039156,57371.74852089691,513.4566173625454,913.6115861626133,2.6898201058131717,0.06438711090838765,1.631039080763708,3761154.4466342493,5.755461734587831,0.12789914965750734
116.49999999999766,21835.427638889083,57463.02873885286,513.0239984992777,912.8021795595351,2.696165985407161,0.06345879593989864,1.637403504435807,3760674.761182087,5.692947529761044,0.126509945105801
116.59999999999765,21886.686690100032,57554.22779149222,512.590512109509,911.9905263936115,2.7024199356158203,0.06253950208659012,1.6436763605322369,3760195.0757299247,5.63047248264034,0.1251216107253409
116.69999999999764,21937.902308566885,57645.3454578671,512.1561846685175,911.1766637487801,2.708582862102543,0.06162926486722346,1.6498585604972824,3759715.3902777624,5.568060554971467,0.12373467899936594
116.79999999999764,21989.074412747563,57736.38152070265,511.7210418067899,910.3606283555032,2.7146556735801357,0.06072811477593843,1.6559510183073483,3759235.7048256,5.505734782315057,0.12234966182922348
116.89999999999763,22040.202923581037,57827.335766360964,511.28510833474184,909.5424565831598,2.7206392813259885,0.059836077458524095,1.661954650008088,3758756.019373438,5.443517299448164,0.12096705109884809
116.99999999999763,22091.287764407723,57918.20798480428,510.848408266861,908.7221844331316,2.726534598714392,0.05895317388403155,1.6678703732679854,3758276.3339212756,5.381429365171837,0.11958731922604081
117.09999999999762,22142.328860892252,58008.99796955753,510.41096484527475,907.8998475325458,2.732342540765575,0.058079420511834276,1.6736991069479479,3757796.6484691133,5.319491386540447,0.11821091970089882
117.19999999999762,22193.326140948528,58099.705517670394,509.97280056274946,907.0754811286465,2.7380640237109994,0.057214829454240404,1.6794417706864873,3757316.963016951,5.257722942528293,0.11683828761173984
117.29999999999761,22244.27953466704,58190.33042967877,509.53393718512564,906.2491200837616,2.7436999645744753,0.05635940863475885,1.6850992845000632,3756837.2775647887,5.19614280714129,0.11546984015869532
117.3999999999976,22295.18897424436,58280.87250956585,509.09439577319694,905.4207988708365,2.749251280768687,0.05551316194211938,1.6906725683981891,3756357.5921126264,5.134768971988103,0.11410597715529117
117.4999999999976,22346.054393914765,58371.3315647228,508.6541967040383,904.5905515695068,2.7547188897067016,0.05467608938014481,1.6961625420128927,3755877.906660464,5.073618668315439,0.11274708151812086
117.59999999999759,22396.875729883945,58461.70740590907,508.2133596917915,903.7584118626814,2.760103708428059,0.05384818721357111,1.7015701242421553,3755398.221208302,5.012708388531941,0.11139351974515424
117.69999999999759,22447.652920264736,58551.99984721243,507.7719038079148,902.9244130336114,2.7654066532390504,0.053029448109909824,1.706896232906936,3754918.5357561396,4.952053907214993,0.1100456423825554
117.79999999999758,22498.385905014828,58642.20870600877,507.32984750090554,902.0885879634184,2.7706286393667945,0.052219861277444754,1.7121417844214168,3754438.8503039773,4.891670301628148,0.10870378448062551
117.89999999999758,22549.07462587638,58732.333802921676,506.8872086155031,901.2509691290603,2.7757705806267396,0.05141941259945312,1.7173076934761131,3753959.164851815,4.831571971744623,0.1073682660387694
117.99999999999757,22599.719026317518,58822.37496178185,506.44400441138083,900.4115886017082,2.7808333891032135,0.05062808476473965,1.7223948727334806,3753479.4793996527,4.771772659798754,0.1060393924399723
118.09999999999756,22650.319051475653,58912.3320095864,506.0002515813361,899.5704780455159,2.7858179748426704,0.049845857394569835,1.7274042325356895,3752999.7939474904,4.712285469368358,0.1047174548748524
118.19999999999756,22700.874648102552,59002.20477645807,505.5559662689863,898.7276687167581,2.7907252455592797,0.04907270716608718,1.732336680624218,3752520.108495328,4.6531228839995045,0.10340273075554454
118.29999999999755,22751.38576451115,59091.993095604405,505.11116408598093,897.883191463319,2.7955561063525094,0.048308607932296986,1.7371931218709433,3752040.423043166,4.5942967853895125,0.10209548411976695
118.39999999999755,22801.852350524023,59181.69680327686,504.6658601287381,897.0370767245107,2.800311459436379,0.04755353083869788,1.7419744580204066,3751560.7375910035,4.5358184711238865,0.10079596602497526
118.49999999999754,22852.274357423496,59271.31573872998,504.2200689947148,896.189354531203,2.8049922038800434,0.04680744443664015,1.7466815874429389,3751081.0521388412,4.477698671997746,0.09950441493328324
118.59999999999754,22902.651737903318,59360.8497441806,503.7738047982205,895.3400545062477,2.809599235359392,0.046070314793488505,1.7513154048983421,3750601.366686679,4.41994756890424,0.09822105708676089
118.69999999999753,22952.984446021896,59450.29866476712,503.3270811857832,894.4892058651795,2.814133445919358,0.045342105599665034,1.7558768013098276,3750121.6812345167,4.362574809326395,0.09694610687391989
118.79999999999752,23003.272437157004,59539.662348508835,502.87991135107706,893.6368374171772,2.818595723746623,0.044622778272646685,1.7603666635479218,3749641.9957823544,4.305589523417652,0.09567976718705892
118.89999999999752,23053.515667961947,59628.94064626546,502.4323080494217,892.7829775662702,2.8229869529524216,0.04391229205798953,1.7647858742240483,3749162.310330192,4.249000339698119,0.09442222977106932
118.99999999999751,23103.714096323132,59718.133411696734,501.9842836118617,891.9276543127766,2.8273080133651667,0.04321060412745111,1.7691353114935238,3748682.62487803,4.192815400361082,0.0931736755635796
119.09999999999751,23153.867681319014,59807.24050122223,501.5358499588363,891.0708952549547,2.8315597803325945,0.04251766967428001,1.7734158488676763,3748202.9394258675,4.137042376207179,0.0919342750268262
119.1999999999975,23203.976383180358,59896.261773981314,501.0870186134481,890.2127275908605,2.8357431245331686,0.04183344200574072,1.7776283550348413,3747723.253973705,4.081688481210074,0.09070418847133498
119.2999999999975,23254.040163251793,59985.19709179335,500.63780071434064,889.3531781203917,2.8398589117964628,0.04115787263294011,1.781773693689964,3747243.568521543,4.026760486724914,0.08948356637166476
119.39999999999749,23304.058983954612,60074.046319118104,500.1882070281936,888.4922732475118,2.843908002932265,0.04049091135802043,1.7858527233725643,3746763.8830693807,3.9722647353394347,0.08827254967420967
119.49999999999748,23354.032808750795,60162.809323016365,499.7382479618445,887.6300389826378,2.847891253568143,0.039832506358782424,1.7898662973128132,3746284.1976172184,3.9182071543872397,0.08707127009749421
119.59999999999748,23403.9616021082,60251.48597311088,499.287933574047,886.7665009451837,2.8518095139952226,0.03918260427080057,1.793815263285486,3745804.512165056,3.8645932691213893,0.08587985042491976
119.69999999999747,23453.845329466887,60340.076141547506,498.8372735868736,885.9016843662471,2.8556636290219317,0.038541150267091345,1.7977004634715539,3745324.826712894,3.8114282155602384,0.08469840479022751
119.79999999999747,23503.683957206566,60428.579702956646,498.38627739677224,885.0356140914297,2.8594544378354714,0.03790808813539371,1.8015227343271878,3744845.1412607315,3.7587167530066967,0.08352703895570437
119.89999999999746,23553.477452615094,60516.996534415026,497.93495408528537,884.1683145837815,2.8631827738707836,0.037283360353120215,1.8052829064599558,3744365.455808569,3.7064632762582566,0.08236585058351681
119.99999999999746,23603.225783858037,60605.32651540771,497.48331242944005,883.2998099268596,2.866849464686787,0.03666690816003525,1.8089818045119839,3743885.770356407,3.654671827506432,0.08121492950014293
120.09999999999745,23652.92891994922,60693.569527790496,497.03136091181796,882.4301238278929,2.870455331849658,0.03605867162871633,1.812620247049888,3743406.0849042446,3.603346107930083,0.08007435795400183
120.19999999999744,23702.58683072225,60781.7254557526,496.5791077303132,881.5592796210447,2.874001190822944,0.03545858973285255,1.816199046461252,3742926.3994520823,3.5524894890045964,0.07894421086676881
120.29999999999744,23752.19948680301,60869.794185779676,496.12656080758643,880.687300270764,2.877487850864287,0.03486660041343344,1.8197190088574602,3742446.71399992,3.5021050235099853,0.07782455607799968
120.39999999999743,23801.766859583033,60957.7756066172,495.6737278002234,879.8142083752198,2.880916114928576,0.03428264064288041,1.823180933982684,3741967.028547758,3.4521954562649944,0.07671545458366655
120.49999999999743,23851.288921193795,61045.66960923418,495.220616107606,878.940026169809,2.884286779577293,0.033706646487171345,1.826585615128834,3741487.3430955955,3.4027632345826175,0.0756169607685026
120.59999999999742,23900.765644481846,61133.476086787254,494.7672328805035,878.0647755307335,2.887600634893894,0.03313855316600834,1.8299338390562845,3741007.657643433,3.3538105184555995,0.07452912263234665
120.69999999999742,23950.197002984783,61221.19493458512,494.3135850293915,877.1884779786375,2.890858464405002,0.0325782951110772,1.8332263859201947,3740527.972191271,3.3053391904785006,0.07345198201063334
120.79999999999741,23999.582970908035,61308.82605005335,493.85967923250666,876.311154682301,2.8940610450072457,0.03202580602244621,1.8364640292022434,3740048.2867391086,3.257350865510415,0.07238557478912033
120.8999999999974,24048.9235231024,61396.369332699585,493.4055219436443,875.4328264623823,2.897209146899561,0.03148101892315081,1.8396475356476076,3739568.6012869463,3.2098469000860943,0.07132993111302431
120.9999999999974,24098.21863504237,61483.8246840791,492.9511193997061,874.5535137952047,2.900303533520762,0.030943866212009723,1.8427776652070085,3739088.915834784,3.162828401582349,0.07028507559071887
121.0999999999974,24147.46828280517,61571.192007760765,492.496477628005,873.6732368165812,2.9033449614922335,0.030414279714716965,1.845855170983672,3738609.2303826218,3.116296237136188,0.06925102749191529
121.19999999999739,24196.672443050502,61658.47120929333,492.04160245333435,872.7920153256733,2.9063341805655587,0.029892190733253474,1.8488807991850305,3738129.5449304595,3.0702510423360456,0.06822780094080101
121.29999999999738,24245.831093000983,61745.66219617222,491.5864995048084,871.9098687888794,2.909271933574925,0.029377530093660776,1.8518552890790165,3737649.859478297,3.0246932296735887,0.06721540510385753
121.39999999999738,24294.94421042323,61832.76487780659,491.13117422248,871.0268163437457,2.9121589563941463,0.028870228192218496,1.8547793729547926,3737170.174026135,2.979622996778734,0.06621384437286076
121.49999999999737,24344.011773609604,61919.779165486885,490.6756318637431,870.1428768028993,2.9149959778981533,0.028370215040066395,1.857653776087768,3736690.4885739726,2.9350403344237375,0.06522311854274972
121.59999999999737,24393.033761360555,62006.70497235269,490.2198775095252,869.2580686579965,2.9177837199287846,0.027877420306310855,1.8604792167087612,3736210.8031218103,2.8909450343217964,0.06424322298492881
121.69999999999736,24442.01015296758,62093.542213361055,489.7639160702773,868.3724100836839,2.92052289726475,0.02739177335965467,1.8632564059771584,3735731.117669648,2.8473366967096387,0.06327414881576975
121.79999999999735,24490.940928196756,62180.290805255216,489.307752291766,867.4859189415677,2.9232142175956084,0.026913203308588467,1.8659860479579398,3735251.4322174857,2.8042147377211792,0.06231588306047065
121.89999999999735,24539.826067272825,62266.95066653364,488.8513907606753,866.5986127841895,2.925858381499627,0.026441639040180872,1.8686688396024316,3734771.7467653234,2.7615783965686127,0.06136840881263584
121.99999999999734,24588.66555086383,62353.521717419535,488.394835910022,865.710508859004,2.9284560824253774,0.02597700925750393,1.8713054707326569,3734292.061313161,2.7194267425191017,0.06043170538931337
122.09999999999734,24637.459360066267,62440.00387983077,487.9380920243919,864.8216241123553,2.931008006676951,0.025519242515729495,1.8738966240291566,3733812.375860999,2.677758681681407,0.05950574848180905
122.19999999999733,24686.207476390766,62526.39707735012,487.4811632450019,863.9319751934506,2.9335148334026435,0.02506826725693139,1.876442975022156,3733332.6904088366,2.6365729636048227,0.058590510302329396
122.29999999999733,24734.909881748226,62612.70123519596,487.0240535745926,863.0415784583276,2.9359772345870057,0.02462401184362748,1.8789451920859586,3732853.0049566743,2.595868187696656,0.05768595972659235
122.39999999999732,24783.566558436443,62698.916280193334,486.5667668821576,862.1504499738128,2.9383958750461154,0.024186404591094945,1.881403936436444,3732373.319504512,2.555642809456577,0.05679206243236838
122.49999999999731,24832.177489127196,62785.04214074548,486.1093069075142,861.2586055214688,2.9407714124259643,0.023755373798491394,1.883819862131563,3731893.6340523497,2.5158951465386856,0.055908781034193014
122.59999999999731,24880.742656853767,62871.07874680563,485.6516772657202,860.366060601529,2.943104497203846,0.02333084777881369,1.8861936160747066,3731413.9486001874,2.476623384640493,0.05503607521423318
122.6999999999973,24929.2620449989,62957.02602984931,485.1938814513419,859.4728304368165,2.9453957726926188,0.022912754887725633,1.888525838020856,3730934.263148025,2.437825583223635,0.054173901849414105
122.7999999999973,24977.73563728316,63042.88392284697,484.73592284257836,858.5789299766452,2.947645875047747,0.022501023551284978,1.8908171605853934,3730454.577695863,2.3994996810789466,0.053322215135087704
122.89999999999729,25026.163417753683,63128.65236023704,484.27780470524533,857.6843739007035,2.949855433277007,0.022095582292599544,1.8930682092554771,3729974.8922437006,2.361643501718574,0.052480966704857204
122.99999999999729,25074.545370773347,63214.331277899335,483.8195301966248,856.789176622915,2.952025069252751,0.02169635975744152,1.8952796024038845,3729495.2067915383,2.324254758626826,0.0516501057472628
123.09999999999728,25122.881481010267,63299.92061312886,483.3611023691831,855.8933522952791,2.9541553977266357,0.021303284738848485,1.8974519513052146,3729015.521339376,2.287331060347695,0.05082957911883766
123.19999999999727,25171.171733427684,63385.42030461003,482.9025241741627,854.9969148116862,2.956247026346709,0.020916286200738855,1.8995858601543665,3728535.8358872137,2.25086991543046,0.050019331454010225
123.29999999999727,25219.41611327419,63470.8302923912,482.44379846505143,854.0998778117086,2.9583005556767668,0.020535293300569073,1.9016819260871956,3728056.1504350514,2.214868737226568,0.049219305271701506
123.39999999999726,25267.614606074283,63556.150517859634,481.9849280009328,853.2022546843639,2.9603165792178716,0.020160235411058946,1.9037407392032586,3727576.464982889,2.179324848547523,0.048429441078833846
123.49999999999726,25315.767197619254,63641.38092371682,481.52591544972216,852.3040585718524,2.9622956834319734,0.019791042141011208,1.905762882590563,3727096.779530727,2.1442354861844057,0.047649677470764575
123.59999999999725,25363.873873958382,63726.52145395414,481.06676339129103,851.4053023732641,2.9642384477674986,0.019427643355250632,1.9077489323522299,3726617.0940785646,2.1095978052907682,0.04687995122868374
123.69999999999725,25411.934621390432,63811.57205382897,480.60747432048487,850.5059987482571,2.966145444686869,0.019069969193707473,1.9096994576349964,3726137.4086264023,2.0754088836333207,0.04612019741407379
123.79999999999724,25459.949426455434,63896.532669841035,480.1480506500363,849.6061601207041,2.968017239695836,0.01871795008966948,1.911615020659471,3725657.72317424,2.0416657257191764,0.04537034946042614
123.89999999999723,25507.91827592677,63981.40324970926,479.6884947133784,848.705798682309,2.9698543913745588,0.018371516787226063,1.913496176752063,3725178.0377220777,2.0083652667943532,0.04463033926209674
123.99999999999723,25555.841156803508,64066.18374234888,479.22880876736065,847.8049263961899,2.9716574514103518,0.018030600357927837,1.9153434743785216,3724698.3522699154,1.9755043767147376,0.0439000972603275
124.09999999999722,25603.718056302994,64150.87409784893,478.76899499487075,846.9035550004289,2.9734269646320195,0.01769513221668399,1.9171574551789923,3724218.666817753,1.9430798637107722,0.04317955252690605
124.19999999999722,25651.548961853732,64235.47426745009,478.3090555073662,846.0016960115895,2.975163469045712,0.017365044136919666,1.9189386540045401,3723738.981365591,1.9110884780202104,0.042468632844893564
124.29999999999721,25699.333861088464,64319.98420352291,477.84899234731756,845.0993607281981,2.9768674958722134,0.017040268265014702,1.9206875989550531,3723259.2959134285,1.87952691542411,0.04176726478720245
124.3999999999972,25747.07274183752,64404.40385954633,477.3888074905672,844.1965602341919,2.978539569585618,0.016720737134044917,1.9224048114184686,3722779.6104612662,1.8483918206548795,0.04107537379233066
124.4999999999972,25794.76559212238,64488.73319008656,476.9285028486062,843.2933054023308,2.9801802079533024,0.016406383676846423,1.9240908061112558,3722299.925009104,1.8176797907082483,0.04039288423796107
124.5999999999972,25842.41240014946,64572.97215077632,476.4680802707714,842.3896068975738,2.981789922077145,0.016097141238422936,1.925746091120085,3721820.2395569417,1.7873873780491873,0.03971971951220416
124.69999999999719,25890.013154304095,64657.12069829436,476.007541546367,841.485475180419,2.983369216435917,0.01579294358771576,1.9273711679446337,3721340.5541047794,1.7575110937081435,0.03905580208240319
124.79999999999718,25937.567843144767,64741.17879034538,475.5468884067111,840.5809205102078,2.984918588928792,0.015493724928755497,1.9289665315414541,3720860.868652617,1.728047410282227,0.03840105356182726
124.89999999999718,25985.076455397477,64825.14638564022,475.0861225271114,839.675952948391,2.9864385309199135,0.015199419911214094,1.9305326703688621,3720381.183200455,1.6989927648415586,0.03775539477425686
124.99999999999717,26032.538979950354,64909.023443876395,474.6252455287718,838.7705823617599,2.987929527283951,0.014909963640375473,1.9320700664327748,3719901.4977482925,1.6703435617343692,0.03711874581631931
125.09999999999717,26079.955405848417,64992.80992571896,474.1642589806323,837.8648184256383,2.9893920564526053,0.014625291686542521,1.9335791953334538,3719421.81229613,1.6420961753004057,0.0364910261177868
125.19999999999716,26127.325722288533,65076.50579278167,473.7031644011447,836.958670627038,2.990826590461995,0.014345340093897681,1.9350605263130964,3718942.126843968,1.6142469525018486,0.03587215450004108
125.29999999999715,26174.64991861453,65160.111007608444,473.2419632599857,836.052148267777,2.992233595000879,0.014070045388834145,1.9365145223042222,3718462.4413918057,1.5867922154538068,0.035262049232306816
125.39999999999715,26221.9279843125,65243.6255336552,472.78065697971056,835.1452604675595,2.993613529459656,0.013799344587774086,1.937941639978813,3717982.7559396434,1.5597282638801229,0.03466062808622495
125.49999999999714,26269.159909006234,65327.0493352719,472.31924693734817,834.2380161670184,2.994966846980105,0.013533175204490044,1.9393423297981462,3717503.070487481,1.53305137747883,0.03406780838841844
125.59999999999714,26316.34568245283,65410.38237768497,471.8577344659409,833.3304241307206,2.9962939945057996,0.013271475256945157,1.9407170360632873,3717023.385035319,1.5067578182089738,0.03348350707131053
125.69999999999713,26363.485294538434,65493.62462697998,471.39612085602965,832.422492950134,2.9975954128331663,0.013014183273667533,1.9420661969661859,3716543.6995831565,1.480843832499338,0.03290764072220751
125.79999999999713,26410.578735274143,65576.77605008463,470.9344073570874,831.5142310465568,2.9988715366631338,0.012761238299673731,1.9433902446413414,3716064.014130994,1.4553056533755306,0.032340125630567346
125.89999999999712,26457.625994792033,65659.83661475203,470.472595178902,830.6056466740093,3.0001227946533295,0.012512579901955813,1.9446896052179867,3715584.328678832,1.4301395025186832,0.031780877833748514
125.99999999999712,26504.627063341326,65742.80628954424,470.0106854929105,829.6967479220887,3.0013496094707843,0.012268148174546273,1.9459646988727564,3715104.6432266696,1.4053415922440715,0.031229813160979367
126.09999999999711,26551.581931284676,65825.68504381612,469.5486794334869,828.7875427187846,3.002552397845102,0.012027883743174605,1.9472159398827964,3714624.9577745073,1.3809081274131643,0.030686847275848094
126.1999999999971,26598.490589094596,65908.47284769945,469.0865780991839,827.8780388332596,3.003731570622055,0.011791727769529034,1.9484437366792766,3714145.272322345,1.3568353072753458,0.03015189571722991
126.2999999999971,26645.35302734999,65991.16967208732,468.62438255393204,826.9682438785902,3.004887532817568,0.011559621955136474,1.9496484919012724,3713665.586870183,1.3331193272412811,0.029624873938695135
126.39999999999709,26692.169236732807,66073.77548861876,468.1620938281958,826.0581653144726,3.0060206836720553,0.011331508544873631,1.9508306024499746,3713185.9014180205,1.3097563805923977,0.029105697346497726
126.49999999999709,26738.939208024814,66156.29026966375,467.6997129200893,825.1478104498897,3.007131416705068,0.011107330330121673,1.9519904595431976,3712706.215965858,1.2867426601221519,0.02859428133604782
126.59999999999708,26785.66293210446,66238.71398830831,467.2372407964533,824.2371864457429,3.0082201197702254,0.010887030651576615,1.953128448770153,3712226.530513696,1.2640743597225281,0.028090541327167293
126.69999999999708,26832.34039994385,66321.04661834006,466.77467839389345,823.326300317446,3.0092871751103987,0.010670553401727291,1.954244950146448,3711746.8450615336,1.2417476759033805,0.0275943927978529
126.79999999999707,26878.971602605827,66403.28813423381,466.31202661978296,822.4151589374841,3.0103329594131,0.010457843027012453,1.9553403381692915,3711267.1596093713,1.2197588092556781,0.027105751316792846
126.89999999999706,26925.55653124115,66485.4385111376,465.84928635322933,821.5037690379347,3.011357843866067,0.010248844529668205,1.9564149818728649,3710787.474157209,1.198103965859513,0.026624532574655843
126.99999999999706,26972.09517708575,66567.4977248589,465.38645844600774,820.5921372129543,3.012362194212995,0.010043503469276741,1.957469244883834,3710307.7887050468,1.1767793586318689,0.02615065241404153
127.09999999999705,27018.587531458095,66649.46575185102,464.92354372346114,819.6802699212283,3.0133463708093973,0.009841765964027067,1.958503485476978,3709828.1032528845,1.1557812086242176,0.025684026858315948
127.19999999999705,27065.03358575663,66731.34256919986,464.4605429853691,818.768173488386,3.0143107286785664,0.009643578691697982,1.9595180566308996,3709348.417800722,1.1351057462691392,0.025224572139314203
127.29999999999704,27111.43333145731,66813.1281546108,463.99745700678614,817.8558541093805,3.015255617567605,0.009448888890373552,1.960513306083798,3708868.73234856,1.1147492125666796,0.02477220472370399
127.39999999999704,27157.786760111194,66894.82248639587,463.5342865388506,816.9433178508334,3.0161813820034946,0.0092576443589008,1.961489576389277,3708389.0468963976,1.0947078602355846,0.024326841338568547
127.49999999999703,27204.09386334215,66976.42554346121,463.0710323095652,816.0305706533446,3.0170883613492046,0.009069793457099259,1.9624472049721626,3707909.3614442353,1.0749779548002278,0.023888398995560618
127.59999999999702,27250.354632844606,67057.93730529459,462.6076950245504,815.1176183337687,3.017976889859778,0.008885285105731605,1.963386524184311,3707429.675992073,1.0555557756459217,0.023456795014353816
127.69999999999702,27296.569060381382,67139.35775195333,462.1442753677712,814.2044665874564,3.0188472967384024,0.008704068786244515,1.9643078613603782,3706949.9905399107,1.0364376170185423,0.023031947044856498
127.79999999999701,27342.737137781605,67220.68686405238,461.6807740022386,813.2911209904628,3.019699906192431,0.008526094540288494,1.9652115388735383,3706470.3050877484,1.0176197889817695,0.022613773088483766
127.89999999999701,27388.858856938674,67301.92462275254,461.217191570687,812.377587001722,3.0205350374893336,0.0083513129690253,1.9660978741911228,3705990.619635586,0.9990986183355632,0.022202191518568073
127.999999999997,27434.934209808296,67383.07100974907,460.7535286962273,811.4638699651886,3.0213530050125565,0.008179675232231218,1.966967179930161,3705510.934183424,0.9808704494901201,0.021797121099780447
128.099999999997,27480.963188406593,67464.12600726026,460.28978598297755,810.5499751119464,3.0221541183172764,0.0080111330472044,1.9678197639128119,3705031.2487312616,0.9629316452950532,0.021398481006556738
128.199999999997,27526.94578480826,67545.0895980165,459.8259640166719,809.6359075622852,3.0229386821860253,0.00784563868748404,1.9686559292216546,3704551.5632790993,0.9452785878409538,0.021006190840910082
128.299999999997,27572.881991144786,67625.96176524927,459.36206336524793,808.721672327744,3.023706996684164,0.007683144981389108,1.969475974254833,3704071.877826937,0.9279076792097536,0.020620170649105634
128.399999999997,27618.771799602728,67706.74249268058,458.89808457941405,807.8072743131246,3.024459357215203,0.0075236053103840805,1.9702801927810296,3703592.1923747747,0.9108153421960363,0.020240340937689696
128.499999999997,27664.615202422046,67787.43176451242,458.4340281931967,806.8927183184711,3.02519605457593,0.0073669736072788814,1.9710688739942577,3703112.5069226124,0.8939980209913951,0.01986662268869767
128.59999999999698,27710.412191894495,67868.02956541652,457.96989472446927,805.978009041021,3.0259173750113577,0.007213204354270072,1.9718423025684504,3702632.82147045,0.8774521818334717,0.01949893737407715
128.69999999999698,27756.16276036204,67948.53588052424,457.50568467546213,805.0631510771229,3.02662360026944,0.007062252580830112,1.972600758711839,3702153.136018288,0.8611743136193235,0.0191372069693183
128.79999999999697,27801.866900215366,68028.95069541666,457.04139853325546,804.1481489241263,3.0273150076555853,0.006914073861451387,1.9733445182211007,3701673.4505661256,0.845160928487207,0.018781353966382378
