time[s],x[m],y[m],vx[m/s],vy[m/s],theta[rad],theta_dot[rad/s],gamma[rad],alpha[rad],mass[kg],mass_propellant[kg],gimbalangle[deg],nonnominalthrottle[0-1],u0,u1
0.1,1.277638584592315e-17,1.6105877614964477,1.277638584592315e-16,1.1058776149644771,1.5707963267948966,0.0,90.0,0.0,5518563.309723058,4253211.855548027,-0.0,1.0,-0.0,1.0
0.2,3.833693832472398e-17,1.8318903577879262,2.5560552478800827e-16,2.2130259629147844,1.5707963267948966,0.0,90.0,0.0,5515205.51155792,4249854.057382889,-0.0,1.0,-0.0,1.0
0.30000000000000004,7.668945335463793e-17,2.1640351126939725,3.8352515029913953e-16,3.321447549060464,1.5707963267948966,0.0,90.0,0.0,5511847.713392782,4246496.259217751,-0.0,1.0,-0.0,1.0
0.4,1.2784174201254367e-16,2.6071496010058572,5.115228865790575e-16,4.431144883118848,1.5707963267948966,0.0,90.0,0.0,5508489.915227644,4243138.461052613,-0.0,1.0,-0.0,1.0
0.5,1.918016305614252e-16,3.1613616489389997,6.395988854888153e-16,5.542120479331427,1.5707963267948966,0.0,90.0,0.0,5505132.117062506,4239780.662887475,-0.0,1.0,-0.0,1.0
0.6,2.685769604779216e-16,3.8267993345868234,7.677532991649637e-16,6.654376856478238,1.5707963267948966,0.0,90.0,0.0,5501774.318897368,4236422.864722338,-0.0,1.0,-0.0,1.0
0.7,3.581755884799537e-16,4.603590988375875,8.959862800203213e-16,7.7679165378905175,1.5707963267948966,0.0,90.0,0.0,5498416.5207322305,4233065.0665572,-0.0,1.0,-0.0,1.0
0.7999999999999999,4.606053865544187e-16,5.491865193522055,1.0242979807446497e-15,8.882742051461797,1.5707963267948966,0.0,90.0,0.0,5495058.722567093,4229707.268392062,-0.0,1.0,-0.0,1.0
0.8999999999999999,5.758742419849429e-16,6.491750786487814,1.1526885543052418e-15,9.998855929657593,1.5707963267948966,0.0,90.0,0.0,5491700.924401955,4226349.470226924,-0.0,1.0,-0.0,1.0
0.9999999999999999,7.039900573796861e-16,7.6033768574401925,1.2811581539474316e-15,11.116260709523788,1.5707963267948966,0.0,90.0,0.0,5488343.126236817,4222991.672061786,-0.0,1.0,-0.0,1.0
1.0999999999999999,8.44960750699189e-16,8.826872750709573,1.4097069331950288e-15,12.234958932693809,1.5707963267948966,0.0,90.0,0.0,5484985.328071679,4219633.873896648,-0.0,1.0,-0.0,1.0
1.2,9.987942552774706e-16,10.162368065138205,1.5383350457828166e-15,13.354953144286318,1.5707963267948966,0.0,90.0,0.0,5481627.529906541,4216276.07573151,-0.0,1.0,-0.0,1.0
1.3,1.1654985198620708e-15,11.609992654738125,1.6670426458460007e-15,14.476245895999199,1.5707963267948966,0.0,90.0,0.0,5478269.731741403,4212918.277566372,-0.0,1.0,-0.0,1.0
1.4000000000000001,1.3450815086365098e-15,13.169876629061953,1.7958298877443894e-15,15.598839743238289,1.5707963267948966,0.0,90.0,0.0,5474911.933576265,4209560.479401235,-0.0,1.0,-0.0,1.0
1.5000000000000002,1.537551201248251e-15,14.842150353663552,1.9246969261174125e-15,16.722737246015978,1.5707963267948966,0.0,90.0,0.0,5471554.1354111275,4206202.681236097,-0.0,1.0,-0.0,1.0
1.6000000000000003,1.7429155928366765e-15,16.626944450558895,2.0536439158842544e-15,17.84794096895344,1.5707963267948966,0.0,90.0,0.0,5468196.33724599,4202844.883070959,-0.0,1.0,-0.0,1.0
1.7000000000000004,1.9611826940610693e-15,18.52438979868709,2.1826710122439277e-15,18.97445348128194,1.5707963267948966,0.0,90.0,0.0,5464838.539080852,4199487.084905821,-0.0,1.0,-0.0,1.0
1.8000000000000005,2.1923605311285987e-15,20.53461753437141,2.311778370675293e-15,20.102277356843203,1.5707963267948966,0.0,90.0,0.0,5461480.740915714,4196129.286740683,-0.0,1.0,-0.0,1.0
1.9000000000000006,2.436457145822301e-15,22.6577590517803,2.4409661469370225e-15,21.23141517408889,1.5707963267948966,0.0,90.0,0.0,5458122.942750576,4192771.4885755456,-0.0,1.0,-0.0,1.0
2.0000000000000004,2.693480595529052e-15,24.89394600338822,2.5702344970675085e-15,22.361869516079203,1.5707963267948966,0.0,90.0,0.0,5454765.144585438,4189413.690410408,-0.0,1.0,-0.0,1.0
2.1000000000000005,2.963438953267524e-15,27.243310300436278,2.699583577384719e-15,23.49364297048059,1.5707963267948966,0.0,90.0,0.0,5451407.3464203,4186055.892245271,-0.0,1.0,-0.0,1.0
2.2000000000000006,3.246340307716124e-15,29.70598411339254,2.8290135444860022e-15,24.6267381295626,1.5707963267948966,0.0,90.0,0.0,5448049.548255162,4182698.0940801334,-0.0,1.0,-0.0,1.0
2.3000000000000007,3.5421927632409076e-15,32.282099872411926,2.9585245552478342e-15,25.761157590193886,1.5707963267948966,0.0,90.0,0.0,5444691.750090024,4179340.295914996,-0.0,1.0,-0.0,1.0
2.400000000000001,3.85100443992346e-15,34.97179026779566,3.088116766825519e-15,26.896903953837334,1.5707963267948966,0.0,90.0,0.0,5441333.951924887,4175982.4977498585,-0.0,1.0,-0.0,1.0
2.500000000000001,4.172783473588743e-15,37.7751882504501,3.2177903366528325e-15,28.033979826544353,1.5707963267948966,0.0,90.0,0.0,5437976.153759749,4172624.699584721,-0.0,1.0,-0.0,1.0
2.600000000000001,4.507538015832905e-15,40.69242703234493,3.347545422441615e-15,29.172387818948287,1.5707963267948966,0.0,90.0,0.0,5434618.355594611,4169266.9014195837,-0.0,1.0,-0.0,1.0
2.700000000000001,4.855276234051036e-15,43.72364008697063,3.477382182181313e-15,30.31213054625699,1.5707963267948966,0.0,90.0,0.0,5431260.557429473,4165909.1032544463,-0.0,1.0,-0.0,1.0
2.800000000000001,5.216006311464882e-15,46.86896114979508,3.6073007741384644e-15,31.453210628244523,1.5707963267948966,0.0,90.0,0.0,5427902.759264335,4162551.305089309,-0.0,1.0,-0.0,1.0
2.9000000000000012,5.5897364471504954e-15,50.12852421871928,3.737301356856133e-15,32.59563068924196,1.5707963267948966,0.0,90.0,0.0,5424544.961099197,4159193.5069241715,-0.0,1.0,-0.0,1.0
3.0000000000000013,5.976474856065824e-15,53.50246355453201,3.867384089153285e-15,33.73939335812731,1.5707963267948966,0.0,90.0,0.0,5421187.162934059,4155835.708759034,-0.0,1.0,-0.0,1.0
3.1000000000000014,6.376229769078236e-15,56.990913681363466,3.997549130124115e-15,34.884501268314565,1.5707963267948966,0.0,90.0,0.0,5417829.364768921,4152477.9105938966,-0.0,1.0,-0.0,1.0
3.2000000000000015,6.789009432991967e-15,60.59400938713764,4.12779663913731e-15,36.03095705774176,1.5707963267948966,0.0,90.0,0.0,5414471.5666037835,4149120.112428759,-0.0,1.0,-0.0,1.0
3.3000000000000016,7.214822110575493e-15,64.31188572402345,4.258126775835257e-15,37.17876336885814,1.5707963267948966,0.0,90.0,0.0,5411113.768438646,4145762.314263622,-0.0,1.0,-0.0,1.0
3.4000000000000017,7.653676080588812e-15,68.14467800888448,4.388539700133195e-15,38.32792284861032,1.5707963267948966,0.0,90.0,0.0,5407755.970273508,4142404.5160984844,-0.0,1.0,-0.0,1.0
3.5000000000000018,8.105579637810642e-15,72.09252182372722,4.519035572218299e-15,39.47843814842744,1.5707963267948966,0.0,90.0,0.0,5404398.17210837,4139046.717933347,-0.0,1.0,-0.0,1.0
3.600000000000002,8.570541093065512e-15,76.15555301614775,4.649614552548702e-15,40.630311924205294,1.5707963267948966,0.0,90.0,0.0,5401040.373943232,4135688.9197682096,-0.0,1.0,-0.0,1.0
3.700000000000002,9.048568773250757e-15,80.33390769977667,4.78027680185245e-15,41.78354683628931,1.5707963267948966,0.0,90.0,0.0,5397682.575778094,4132331.121603072,-0.0,1.0,-0.0,1.0
3.800000000000002,9.539671021363397e-15,84.62772225472231,4.91102248112639e-15,42.93814554945643,1.5707963267948966,0.0,90.0,0.0,5394324.777612956,4128973.3234379347,-0.0,1.0,-0.0,1.0
3.900000000000002,1.0043856196526894e-14,89.03713332801189,5.041851751634976e-15,44.094110732895736,1.5707963267948966,0.0,90.0,0.0,5390966.979447818,4125615.5252727973,-0.0,1.0,-0.0,1.0
4.000000000000002,1.0561132674017794e-14,93.56227783403067,5.172764774908997e-15,45.251445060187784,1.5707963267948966,0.0,90.0,0.0,5387609.1812826805,4122257.72710766,-0.0,1.0,-0.0,1.0
4.100000000000001,1.1091508845292217e-14,98.20329295495893,5.303761712744226e-15,46.41015120928252,1.5707963267948966,0.0,90.0,0.0,5384251.383117543,4118899.9289425225,-0.0,1.0,-0.0,1.0
4.200000000000001,1.1634993118012213e-14,102.96031614120649,5.434842727199965e-15,47.57023186247566,1.5707963267948966,0.0,90.0,0.0,5380893.584952405,4115542.130777385,-0.0,1.0,-0.0,1.0
4.300000000000001,1.2191593916071962e-14,107.83348511184484,5.566007980597493e-15,48.73168970638342,1.5707963267948966,0.0,90.0,0.0,5377535.786787267,4112184.3326122477,-0.0,1.0,-0.0,1.0
4.4,1.2761319679623801e-14,112.82293785503637,5.697257635518396e-15,49.894527431915314,1.5707963267948966,0.0,90.0,0.0,5374177.988622129,4108826.5344471103,-0.0,1.0,-0.0,1.0
4.5,1.3344178865104078e-14,117.92881262846086,5.828591854802768e-15,51.05874773424482,1.5707963267948966,0.0,90.0,0.0,5370820.190456991,4105468.736281973,-0.0,1.0,-0.0,1.0
4.6,1.3940179945258805e-14,123.15124795973863,5.960010801547259e-15,52.22435331277761,1.5707963267948966,0.0,90.0,0.0,5367462.392291853,4102110.9381168354,-0.0,1.0,-0.0,1.0
4.699999999999999,1.45493314091691e-14,128.49038264685032,6.0915146391029454e-15,53.39134687111687,1.5707963267948966,0.0,90.0,0.0,5364104.594126715,4098753.139951698,-0.0,1.0,-0.0,1.0
4.799999999999999,1.5171641762276398e-14,133.94635575855284,6.223103531072991e-15,54.5597311170251,1.5707963267948966,0.0,90.0,0.0,5360746.795961577,4095395.3417865606,-0.0,1.0,-0.0,1.0
4.899999999999999,1.5807119526407402e-14,139.519306634791,6.354777641310034e-15,55.72950876238158,1.5707963267948966,0.0,90.0,0.0,5357388.99779644,4092037.543621423,-0.0,1.0,-0.0,1.0
4.999999999999998,1.6455773239798724e-14,145.20937488710445,6.486537133913237e-15,56.900682523134286,1.5707963267948966,0.0,90.0,0.0,5354031.199631302,4088679.745456286,-0.0,1.0,-0.0,1.0
5.099999999999998,1.7117611457121214e-14,151.01670039902888,6.618382173224891e-15,58.073255119244415,1.5707963267948966,0.0,90.0,0.0,5350673.401466164,4085321.9472911484,-0.0,1.0,-0.0,1.0
5.1999999999999975,1.7792642749503852e-14,156.9414233264909,6.750312923826364e-15,59.24722927462042,1.5707963267948966,0.0,90.0,0.0,5347315.603301026,4081964.149126011,-0.0,1.0,-0.0,1.0
5.299999999999997,1.8480875704557162e-14,162.98368409819454,6.882329550533105e-15,60.42260771703642,1.5707963267948966,0.0,90.0,0.0,5343957.805135888,4078606.3509608735,-0.0,1.0,-0.0,1.0
5.399999999999997,1.9182318926395967e-14,169.143623415997,7.014432218388052e-15,61.5993931780246,1.5707963267948966,0.0,90.0,0.0,5340600.00697075,4075248.552795736,-0.0,1.0,-0.0,1.0
5.4999999999999964,1.9896981035661167e-14,175.4213822552688,7.146621092652e-15,62.77758839271804,1.5707963267948966,0.0,90.0,0.0,5337242.208805612,4071890.7546305987,-0.0,1.0,-0.0,1.0
5.599999999999996,2.06248706695398e-14,181.8171018652257,7.27889633878634e-15,63.95719609956892,1.5707963267948966,0.0,90.0,0.0,5333884.410640474,4068532.9564654613,-0.0,1.0,-0.0,1.0
5.699999999999996,2.1365996481779288e-14,188.33092376916554,7.411258122394878e-15,65.13821903939836,1.5707963267948966,0.0,90.0,0.0,5330526.6124753365,4065175.158300324,-0.0,1.0,-0.0,1.0
5.799999999999995,2.2120367142706283e-14,194.9629897647805,7.543706609269954e-15,66.32065995614968,1.5707963267948966,0.0,90.0,0.0,5327168.814310199,4061817.3601351865,-0.0,1.0,-0.0,1.0
5.899999999999995,2.28879913392591e-14,201.71344192469104,7.676241965528178e-15,67.50452159910532,1.5707963267948966,0.0,90.0,0.0,5323811.016145061,4058459.561970049,-0.0,1.0,-0.0,1.0
5.999999999999995,2.3668877775014735e-14,208.58242259689138,7.808864357556331e-15,68.68980672200328,1.5707963267948966,0.0,90.0,0.0,5320453.217979923,4055101.7638049116,-0.0,1.0,-0.0,1.0
6.099999999999994,2.4463035170214525e-14,215.57007440517307,7.941573951997883e-15,69.8765180828171,1.5707963267948966,0.0,90.0,0.0,5317095.419814785,4051743.965639774,-0.0,1.0,-0.0,1.0
6.199999999999994,2.5270472261789265e-14,222.67654024953956,8.074370915747413e-15,71.0646584436648,1.5707963267948966,0.0,90.0,0.0,5313737.621649647,4048386.167474637,-0.0,1.0,-0.0,1.0
6.299999999999994,2.609119780338402e-14,229.90196330661544,8.207255415947539e-15,72.25423057075878,1.5707963267948966,0.0,90.0,0.0,5310379.823484509,4045028.3693094994,-0.0,1.0,-0.0,1.0
6.399999999999993,2.6925220565382717e-14,237.2464870300529,8.340227619986986e-15,73.44523723437442,1.5707963267948966,0.0,90.0,0.0,5307022.025319371,4041670.571144362,-0.0,1.0,-0.0,1.0
6.499999999999993,2.7772549334932648e-14,244.71025515093578,8.473287695499295e-15,74.63768120882901,1.5707963267948966,0.0,90.0,0.0,5303664.2271542335,4038312.7729792246,-0.0,1.0,-0.0,1.0
6.5999999999999925,2.863319291596884e-14,252.2934116781825,8.606435810361936e-15,75.83156527246733,1.5707963267948966,0.0,90.0,0.0,5300306.428989096,4034954.974814087,-0.0,1.0,-0.0,1.0
6.699999999999992,2.950716012923841e-14,259.9961008989477,8.739672132695708e-15,77.02689220765204,1.5707963267948966,0.0,90.0,0.0,5296948.630823958,4031597.1766489497,-0.0,1.0,-0.0,1.0
6.799999999999992,3.039445981232485e-14,267.8184673790235,8.87299683086438e-15,78.22366480075776,1.5707963267948966,0.0,90.0,0.0,5293590.83265882,4028239.3784838123,-0.0,1.0,-0.0,1.0
6.8999999999999915,3.12951008196723e-14,275.76065596324037,9.006410073474524e-15,79.42188584216852,1.5707963267948966,0.0,90.0,0.0,5290233.034493682,4024881.580318675,-0.0,1.0,-0.0,1.0
6.999999999999991,3.2209092022609853e-14,283.82281177586816,9.139912029375534e-15,80.62155812627809,1.5707963267948966,0.0,90.0,0.0,5286875.236328544,4021523.7821535375,-0.0,1.0,-0.0,1.0
7.099999999999991,3.313644230937584e-14,292.00508022101747,9.27350286765982e-15,81.82268445149327,1.5707963267948966,0.0,90.0,0.0,5283517.438163406,4018165.9839884,-0.0,1.0,-0.0,1.0
7.19999999999999,3.4077160585142157e-14,300.30760698304147,9.407182757663189e-15,83.02526762024011,1.5707963267948966,0.0,90.0,0.0,5280159.639998268,4014808.1858232627,-0.0,1.0,-0.0,1.0
7.29999999999999,3.50312557720387e-14,308.7305380269388,9.540951868965393e-15,84.22931043897312,1.5707963267948966,0.0,90.0,0.0,5276801.84183313,4011450.3876581253,-0.0,1.0,-0.0,1.0
7.39999999999999,3.599873680917779e-14,317.27401959875755,9.674810371390893e-15,85.43481571818758,1.5707963267948966,0.0,90.0,0.0,5273444.043667993,4008092.589492988,-0.0,1.0,-0.0,1.0
7.499999999999989,3.697961265267877e-14,325.9381982260011,9.808758435009809e-15,86.64178627243534,1.5707963267948966,0.0,90.0,0.0,5270086.245502855,4004734.7913278504,-0.0,1.0,-0.0,1.0
7.599999999999989,3.797389227569268e-14,334.72322071803546,9.942796230139104e-15,87.85022492034415,1.5707963267948966,0.0,90.0,0.0,5266728.447337717,4001376.993162713,-0.0,1.0,-0.0,1.0
7.699999999999989,3.898158466842708e-14,343.62923416649954,1.007692392734401e-14,89.06013448464095,1.5707963267948966,0.0,90.0,0.0,5263370.649172579,3998019.1949975756,-0.0,1.0,-0.0,1.0
7.799999999999988,4.0002698838171054e-14,352.6563859457175,1.0211141697439701e-14,90.2715177921795,1.5707963267948966,0.0,90.0,0.0,5260012.851007441,3994661.396832438,-0.0,1.0,-0.0,1.0
7.899999999999988,4.1037243809320384e-14,361.80482371311473,1.0345449711493274e-14,91.48437767397255,1.5707963267948966,0.0,90.0,0.0,5256655.052842303,3991303.598667301,-0.0,1.0,-0.0,1.0
7.999999999999988,4.2085228623402986e-14,371.0746954096377,1.0479848140826031e-14,92.69871696522932,1.5707963267948966,0.0,90.0,0.0,5253297.254677165,3987945.8005021634,-0.0,1.0,-0.0,1.0
8.099999999999987,4.3146662339104595e-14,380.46614926017753,1.0614337157016105e-14,93.91453850539854,1.5707963267948966,0.0,90.0,0.0,5249939.456512027,3984588.002337026,-0.0,1.0,-0.0,1.0
8.199999999999987,4.4221554032294745e-14,389.9793337739993,1.0748916931901482e-14,95.13184513821768,1.5707963267948966,0.0,90.0,0.0,5246581.65834689,3981230.2041718885,-0.0,1.0,-0.0,1.0
8.299999999999986,4.530991279605309e-14,399.61439774517623,1.088358763758343e-14,96.35063971176922,1.5707963267948966,0.0,90.0,0.0,5243223.860181752,3977872.406006751,-0.0,1.0,-0.0,1.0
8.399999999999986,4.6411747740696134e-14,409.3714902530307,1.1018349446430403e-14,97.5709250785444,1.5707963267948966,0.0,90.0,0.0,5239866.062016614,3974514.6078416137,-0.0,1.0,-0.0,1.0
8.499999999999986,4.752706799380438e-14,419.25076066258225,1.115320253108247e-14,98.79270409551565,1.5707963267948966,0.0,90.0,0.0,5236508.263851476,3971156.8096764763,-0.0,1.0,-0.0,1.0
8.599999999999985,4.865588270025001e-14,429.2523586250041,1.1288147064456314e-14,100.01597962421828,1.5707963267948966,0.0,90.0,0.0,5233150.465686338,3967799.011511339,-0.0,1.0,-0.0,1.0
8.699999999999985,-9.942950860337477e-05,439.3764340192961,-0.0009942950865203064,101.24075394291971,1.5707924993415767,-3.827453319547764e-05,90.00056270730737,-1.364854855823161e-05,5229792.66807492,3964441.2138999207,0.06775758212751809,1.0,0.009679654589645441,1.0
8.799999999999985,-0.007916939961662138,449.6227828938642,-0.07817510453058764,102.4634887456812,1.5704917959886615,-0.003007033529156881,90.04371413406211,-0.0010674863752773156,5226438.205961831,3961086.7517868318,5.259857592256106,1.0,0.7514082274651579,1.0
8.899999999999984,-0.02930749119396145,459.9906875598109,-0.2139055123229931,103.67904665946668,1.5696510622817195,-0.00840733706941616,90.11820966797237,-0.0032084124269839975,5223091.983675346,3957740.529500346,9.800424519750392,1.0,1.400060645678627,1.0
8.999999999999984,-0.06488250843100074,470.4799700102369,-0.3557501723703929,104.89282450425992,1.568215486218321,-0.01435576063398904,90.19432125487928,-0.005972386280826303,5219749.038105999,3954397.583930999,11.102301382508998,1.0,1.5860430546441424,1.0
9.099999999999984,-0.11544137833653484,481.09057504225746,-0.5055886990553409,106.10605032020571,1.5661415683275726,-0.020739178907479745,90.27300874270884,-0.00941965991432303,5216408.290291625,3951056.8361166255,11.896192112679724,1.0,1.6994560160971033,1.0
9.199999999999983,-0.1810701084169269,491.82256954712733,-0.6562873008039203,107.31994504869878,1.5634078464505778,-0.027337218769946443,90.35037311794956,-0.013503644863016806,5213068.697837197,3947717.2436621976,12.29307782678952,1.0,1.7561539752556459,1.0
9.299999999999983,-0.26113973498558785,502.67615101784105,-0.8006962656866096,108.53581470713729,1.5600147128238493,-0.033931336267284395,90.4226778468233,-0.018158734073354003,5209729.110717045,3944377.6565420455,12.294880658210122,1.0,1.7564115226014458,1.0
9.399999999999983,-0.35434928113358943,513.6516328422748,-0.9320954614800158,109.75481824433808,1.5559826916208443,-0.040320212030050616,90.48657410256419,-0.02330595531873403,5206388.468545508,3941037.014370508,11.933028152694456,1.0,1.7047183075277794,1.0
9.499999999999982,-0.4587862416890056,524.7494152195117,-1.044369605554162,110.9778237723688,1.5513502128240997,-0.046324787967445887,90.53917262295636,-0.0288564514779992,5203045.918652722,3937694.4644777225,11.249350745267455,1.0,1.6070501064667793,1.0
9.599999999999982,-0.5719997554571796,535.9699474764163,-1.1321351376817406,112.20532256904639,1.5461710630967564,-0.05179149727343212,90.57808633875337,-0.034714773670185606,5199700.886024816,3934349.4318498163,10.292085805825721,1.0,1.4702979722608174,1.0
9.699999999999982,-0.6910836901972517,547.3136873602075,-1.19083934740072,113.43739883791125,1.5405116106495298,-0.056594524472264054,90.60145563244879,-0.04078209723626269,5196353.098552513,3931001.6443775133,9.113369975872866,1.0,1.3019099965532663,1.0
9.799999999999981,-0.8127668209897625,558.7810623907932,-1.2168313079251083,114.67375030585664,1.5344478962613288,-0.060637143882014514,90.60795676038178,-0.04695927771198827,5193002.572924096,3927651.1187490965,7.766998536873742,1.0,1.1095712195533918,1.0
9.89999999999998,-0.9335072753869141,570.3724373626853,-1.2074045439715164,115.91374971892094,1.5280626754864302,-0.06385220774898344,90.59679445148,-0.053149679444425946,5189649.570281658,3924298.1161066587,6.306597014098181,1.0,0.9009424305854545,1.0
9.99999999999998,-1.0495884311159647,582.0880908359229,-1.1608115572905047,117.1565347323763,1.5214424898810899,-0.06620185605340526,90.56768004318945,-0.059261722765326486,5186294.532193757,3920943.078018757,4.784212810381301,1.0,0.6834589729116144,1.0
10.09999999999998,-1.1572135053185812,593.9282021403565,-1.0762507420261653,118.40111304433498,1.5146748383050177,-0.06767651576071955,90.5207968519289,-0.06521110829005972,5182938.007261931,3917586.5530869314,3.2492563937373053,1.0,0.464179484819615,1.0
10.19999999999998,-1.2525961983604843,605.8928491709482,-0.9538269304190305,119.64647030591756,1.5078455127080885,-0.06829325596929085,90.45675480158518,-0.07092268924876288,5179580.5774752805,3914229.123300281,1.7476924765717063,1.0,0.24967035379595803,1.0
10.29999999999998,-1.3320449660901155,617.9820161607427,-0.7944876772963125,120.89166989794425,1.5010361560002998,-0.06809356707788705,90.37653657604733,-0.07633197380080857,5176222.791767314,3910871.337592315,0.3213829618081729,1.0,0.04591185168688184,1.0
10.399999999999979,-1.392038792358019,630.1956097392414,-0.5999382626790362,122.13593578498765,1.4943220923884515,-0.06714063611848191,90.28143767632214,-0.08138624849742837,5172865.112405268,3907513.658230269,-0.9924952133475039,1.0,-0.14178503047821484,1.0
10.499999999999979,-1.429292705515079,642.5334809544863,-0.3725391315705997,123.37871215244932,1.4877704727787326,-0.06551619609718938,90.17300273849133,-0.0860453214178043,5169507.877970164,3904156.4237951646,-2.1620019691137125,1.0,-0.3088574241591018,1.0
10.599999999999978,-1.4408117060021992,654.9954505813224,-0.11519000487120257,124.61969626836104,1.4814387693774074,-0.06331703401325754,90.05296032199735,-0.09028188940925942,5166151.284788582,3900799.8306135824,-3.1609646079312173,1.0,-0.4515663725616024,1.0
10.699999999999978,-1.4239322200243816,667.5813349664841,0.1687948597781755,125.85884385161684,1.4753736444049546,-0.060651249724522655,89.92315814308803,-0.09408153898348147,5162795.386768356,3897443.932593357,-3.9694627560758406,1.0,-0.5670661080108343,1.0
10.799999999999978,-1.3763506400276853,680.2909698653854,0.47581579996696316,127.09634898901275,1.46961020785784,-0.05763436547114955,89.78550044894149,-0.09744239552703604,5159440.111737693,3894088.657562694,-4.57421845076471,1.0,-0.653459778680673,1.0
10.899999999999977,-1.2961389341561587,693.1242301739995,0.8021170587152662,128.33260308614206,1.464171668567764,-0.054385392900759416,89.64188894652568,-0.10037444125622041,5156085.290735931,3890733.8365609325,-4.968829674186005,1.0,-0.7098328105980007,1.0
10.999999999999977,-1.1817476892002816,706.0810440935442,1.1439124495587711,129.56813919544655,1.4590693715895664,-0.05102296978197323,89.49416844988487,-0.10289852919535414,5152730.695457655,3887379.241282656,-5.153788529387214,1.0,-0.7362555041981734,1.0
11.099999999999977,-1.0319972878717751,719.161401003804,1.4975040132850654,130.80356910259812,1.4543032034990782,-0.04766168090488463,89.34407820769886,-0.10504512838458102,5149376.078413037,3884024.6242380375,-5.136243041879978,1.0,-0.733749005982854,1.0
11.199999999999976,-0.8460582112189131,732.365353067163,1.8593907665286202,132.03952063359017,1.449862335945528,-0.04440867553549811,89.19320971811754,-0.10685284405742634,5146021.210464401,3880669.7562894025,-4.929490147105838,1.0,-0.7042128781579768,1.0
11.299999999999976,-0.6234217038397751,745.6930112456588,2.22636507379138,133.27658178495727,1.4457262673391784,-0.04136068606349868,89.04297171153824,-0.10836676478733452,5142665.911226945,3877314.4570519463,-4.552219792593495,1.0,-0.6503171132276421,1.0
11.399999999999975,-0.3638622464999142,759.1445369113121,2.5955945733986088,134.51525665653347,1.441866113478699,-0.03860153860479162,88.8945628557553,-0.10963669547528387,5139310.069226733,3873958.6150517347,-4.027558461214105,1.0,-0.5753654944591579,1.0
11.499999999999975,-0.06739344835512606,772.7201305196281,2.9646879814478817,135.75593608316,1.4382460908213415,-0.03620022657357635,88.74895258362301,-0.1107153394592082,5135953.650425771,3870602.1962507726,-3.381978764702954,1.0,-0.48313982352899343,1.0
11.599999999999975,0.26578090401410837,786.4200188870904,3.331743523692344,136.998883674622,1.4348251314436744,-0.03420959377667074,88.60687024290482,-0.1116564941824023,5132596.695445685,3867245.2412706865,-2.64414753965863,1.0,-0.3777353628083757,1.0
11.699999999999974,0.6353188273679757,800.2444424882291,3.6953792335386733,138.24423601138758,1.4315585668186688,-0.03266564625005411,88.46880251911854,-0.11251332243660327,5129239.307277866,3863887.853102868,-1.8437793710058554,1.0,-0.2633970530008365,1.0
11.799999999999974,1.0407933187728517,814.193643913303,4.054744914048761,139.49201425074003,1.4283998184127733,-0.03158748405895972,88.3349987989709,-0.11333675537450572,5125881.632277369,3860530.178102371,-1.0105495887906095,1.0,-0.14436422697008708,1.0
11.899999999999974,1.4844012399164122,828.2674266975138,4.436079211435603,140.73782784210704,1.4254041768538097,-0.029956415589632752,88.19462544991964,-0.1138824198104733,5122524.300138443,3857172.845963445,-1.9657322577096168,1.0,-0.28081889395851667,1.0
11.999999999999973,1.9716132724097741,842.4648376765608,4.872120324933619,141.97410979047038,1.4227553128637371,-0.026488639900726065,88.0345541295237,-0.11373751222162198,5119169.735838176,3853818.281663178,-5.178656966663609,1.0,-0.7398081380948012,1.0
12.099999999999973,2.505803794820343,856.7852117295995,5.34190522410569,143.2037405303863,1.420559478352878,-0.021958345108590537,87.86369562549154,-0.11295130328208791,5115817.906246111,3850466.452071113,-7.0360361638724385,1.0,-1.0051480234103483,1.0
12.199999999999973,3.0878495181908043,871.2285112091081,5.820457233704613,144.43299479508553,1.4188295446778272,-0.017299336750508175,87.69230511033385,-0.1116899081609477,5112466.438366559,3847114.984191561,-7.246183018431631,1.0,-1.03516900263309,1.0
12.299999999999972,3.7180508907731764,885.7948515147939,6.302013725823722,145.66340305685853,1.4175598663094848,-0.012696783683426064,87.52268760858433,-0.10999920265475406,5109114.767473228,3843763.31329823,-7.1289981613841915,1.0,-1.0184283087691701,1.0
12.399999999999972,4.39623720147072,900.4844720235529,6.78186310697544,146.8962050875904,1.4167303555476054,-0.008295107618795157,87.3566613893507,-0.10793100924636878,5105762.473825044,3840411.0196500462,-6.756879918659521,1.0,-0.965268559808503,1.0
12.499999999999972,5.121817770153413,915.2977162174466,7.25580568682693,148.13244193893615,1.4163083642585785,-0.004219912890267278,87.19578614259873,-0.10554519779461514,5102409.256480219,3837057.802305221,-6.163761990666427,1.0,-0.880537427238061,1.0
12.599999999999971,5.8938371073352975,930.235007477711,7.720193371818845,149.37291260264337,1.4162506332372045,-0.0005773102137412163,87.04135603116875,-0.10290761490731426,5099054.954716339,3833703.5005413415,-5.3848096553270235,1.0,-0.7692585221895747,1.0
12.69999999999997,6.7110372057477505,945.2968221872391,8.172000984124528,150.61814709528142,1.416505431529565,0.0025479829236054008,86.89438130802685,-0.10008762377892033,5095699.553498538,3830348.0993235405,-4.458351040138617,1.0,-0.6369072914483738,1.0
12.79999999999997,7.571925102576557,960.4836629850031,8.60887896828807,151.86840797764052,1.4170148145805177,0.005093830509527876,86.7555785773712,-0.0971556760672676,5092343.169570835,3826991.7153958376,-3.424467397943134,1.0,-0.4892096282775905,1.0
12.89999999999997,8.474843473961975,975.7960346004685,9.029183713854188,153.12371615465426,1.4177169203341824,0.007021057536644063,86.62537078107867,-0.09418101555653258,5088986.022508204,3823634.568333206,-2.3235196540723346,1.0,-0.3319313791531906,1.0
12.99999999999997,9.418041965480803,991.2344240120794,9.431984915188274,154.38389411611,1.418548225999608,0.008313056654256435,86.5038965659422,-0.09122958488069943,5085628.396525753,3820276.942350755,-1.1948406875814124,1.0,-0.17069152679734462,1.0
13.09999999999997,10.399746993829226,1006.7992859083165,9.817050283484228,155.64861896237048,1.4194456949341023,0.00897468934494288,86.39102824460478,-0.08836219211766827,5082270.599050243,3816919.144875246,-0.07561720832498692,1.0,-0.010802458332140987,1.0
13.199999999999969,11.418227870618795,1022.4910336879004,10.184808767895689,156.91747779583977,1.420348751860344,0.009030569262412882,86.28639721745519,-0.0856329792679229,5078912.921502945,3813561.467327948,1.0000468516027576,1.0,0.14286383594325108,1.0
13.299999999999969,12.471857300318053,1038.3100355957874,10.536294296992585,158.19001907886937,1.4212010348941737,0.008522830338301809,86.18942544992271,-0.08308821960917245,5075555.606670714,3810204.152495717,2.0019010421856995,1.0,0.2859858631693856,1.0
13.399999999999968,13.559164583229828,1054.256615107388,10.873072829117753,159.46579511600578,1.4219518841144834,0.007508492203094799,86.09936142223945,-0.0807654565681828,5072198.825666585,3806847.3714915877,2.9041658446650436,1.0,0.4148808349521491,1.0
13.499999999999968,14.678880195412225,1070.3310543745426,11.197156121823971,160.7443926715462,1.4225575381592483,0.006056540447649892,86.01531889605239,-0.07869298372976008,5068842.665981813,3803491.2118068156,3.686001360253092,1.0,0.5265716228932988,1.0
13.599999999999968,15.829970799994443,1086.5335994397217,11.510906045822189,162.02545065179118,1.4229820221129557,0.0042448395370758545,85.93631686866749,-0.07688965428243534,5065487.130662583,3800135.6764875855,4.331823085619374,1.0,0.6188318693741962,1.0
13.699999999999967,17.01166414573538,1102.8644659948964,11.816933457409366,163.30866555174794,1.4231977213342548,0.0021569922129904815,85.86131919500711,-0.07536499872442648,5062132.147343882,3796780.693168885,4.831455214707155,1.0,0.6902078878153078,1.0
13.799999999999967,18.223463706881667,1119.3238446752757,12.117995611462874,164.59378680379356,1.4231856464903896,-0.00012074843865186782,85.78927252783454,-0.07411962201104182,5058777.584860633,3793426.130685636,5.18011192292936,1.0,0.7400159889899085,1.0
13.899999999999967,19.465153294001794,1135.911905188607,12.416895871201262,165.8806051333135,1.4229354046166744,-0.002502418737151705,85.7191414357498,-0.07314584541985902,5055423.274524195,3790071.8203491974,5.378202882378564,1.0,0.7683146974826519,1.0
13.999999999999966,20.736792202983207,1152.6287989337945,12.71638908981411,167.1689374518747,1.4224448992787062,-0.004905053379681944,85.64993978566345,-0.07242855411600724,5052069.03294792,3786717.578772923,5.430969448597738,1.0,0.7758527783711053,1.0
14.099999999999966,22.038701757623386,1169.474660104603,13.019095546401774,168.4586117080841,1.421719789730408,-0.007251095482983811,85.5807577061482,-0.07194620859338818,5048714.683517197,3783363.2293422003,5.347969971683837,1.0,0.7639957102405481,1.0
14.199999999999966,23.371444333295695,1186.4496055597522,13.327425756723096,169.74945455149188,1.4207727442506959,-0.009470454797120982,85.51078366952515,-0.07167197674311687,5045360.074156281,3780008.6199812833,5.142443577283509,1.0,0.734634796754787,1.0
14.299999999999965,24.735796121777383,1203.55373393826,13.64351788481686,171.04128378507778,1.419622526585904,-0.011502176647917325,85.43932143747891,-0.07157494316787738,5042005.08982867,3776653.6356536727,4.830589130761591,1.0,0.6900841615373701,1.0
14.399999999999965,26.13271501019223,1220.7871245937708,13.969188884148458,172.33390655511,1.4182929566560698,-0.013295699298343115,85.365801804281,-0.0716213534335497,5038649.659080746,3773298.2049057484,4.430798706108173,1.0,0.632971243729739,1.0
14.499999999999964,27.563305002093994,1238.149836915611,14.30589991901766,173.62712321840345,1.416811787473836,-0.014811691822338519,85.28978924186045,-0.07177585312866719,5035293.754766991,3769942.300591994,3.9628828455814675,1.0,0.5661261207973525,1.0
14.599999999999964,29.02877860964984,1255.6419105127682,14.65473607555847,174.9207359715702,1.4152095396795938,-0.016022477942422036,85.21098370097474,-0.07200268476563854,5031937.389775451,3766585.9356004545,3.447319406779022,1.0,0.4924742009684317,1.0
14.699999999999964,30.530418808774577,1273.2633691040055,15.016401991247378,176.2145859123745,1.4135183304789771,-0.01691209200616727,85.12921796303343,-0.07226681262385659,5028580.609040814,3763229.1548658176,2.9045505664888855,1.0,0.41493579521269797,1.0
14.799999999999963,32.069540984334125,1291.0142182145812,15.3912217555955,177.50849110575686,1.4117707442325107,-0.017475862464661675,85.04445106563553,-0.07253493741402918,5025223.47937817,3759872.0252031735,2.354362952807527,1.0,0.3363375646867896,1.0
14.899999999999963,33.64745735778575,1308.8944516216127,15.779163734516194,178.80233407031398,1.409998764076878,-0.01771980155633087,84.95675808587964,-0.07277638634203742,5021866.078628746,3756514.6244537495,1.815268169116134,1.0,0.2593240241594477,1.0
14.999999999999963,35.265444000424324,1326.9040563699173,16.179866426385768,180.09604748304565,1.4082328014521581,-0.017659626247197538,84.86631739675892,-0.07296386116382791,5018508.485569059,3753157.0313940626,1.3040802111718202,1.0,0.1862971730245457,1.0
15.099999999999962,36.924711459863325,1345.043018489597,16.592674594389994,181.38962119679618,1.406500844078937,-0.017319573732211085,84.77339582576177,-0.07307403117702305,5015150.771600732,3749799.3174257353,0.8355297289288975,1.0,0.11936138984698537,1.0
15.199999999999962,38.62637969171828,1363.3113289761243,17.01668231854951,182.6831048652735,1.4048277424086932,-0.016731016702438973,84.67833219992978,-0.07308795957761482,5011792.994906954,3746441.540731957,0.42193253941739955,1.0,0.06027607705962851,1.0
15.299999999999962,40.37145773751568,1381.7089895755007,17.450780457973966,183.97660599376405,1.403234646694126,-0.015930957145674204,84.58152011802282,-0.07299136570719522,5008435.19738434,3743083.7432093434,0.07298903282296779,1.0,0.010427004688995397,1.0
15.399999999999961,42.16082841863757,1400.2360179422626,17.893706811218916,185.27028366761792,1.4017386017929327,-0.014960449011931306,84.48339050737799,-0.07277472580893597,5005077.404254895,3739725.950079899,-0.20433494483757256,1.0,-0.029190706405367507,1.0
15.499999999999961,43.99523814001068,1418.8924518094684,18.344097213731082,186.56433867205791,1.400352301392829,-0.013863004001038922,84.38439451920651,-0.07243322026918197,5001719.625954245,3736368.17177925,-0.40583726403767395,1.0,-0.05797675200538199,1.0
15.59999999999996,45.87529173452696,1437.678351913481,18.800535945162853,187.85900104012603,1.3990839982046885,-0.012683031881404516,84.28498725617585,-0.07196653941704147,4998361.861670399,3733010.4074954037,-0.5300213847600386,1.0,-0.07571734068000552,1.0
15.69999999999996,47.80145213333717,1456.5938035377005,19.261603988102102,189.15451624219406,1.3979375619715337,-0.011464362331546376,84.18561275745459,-0.07137856345499105,4995004.103792103,3729652.6496171076,-0.5779564449580886,1.0,-0.08256520642258408,1.0
15.79999999999996,49.774044520085916,1475.6389166633799,19.725923867487424,190.4511312567929,1.396912673005212,-0.010248889663220118,84.08669059316765,-0.07067693495130722,4991646.342518248,3726294.8883432527,-0.5530639261230187,1.0,-0.07900913230328839,1.0
15.89999999999996,51.79326451985327,1494.8138248286393,20.192199997673505,191.74908165259444,1.3960051354877705,-0.009075375174413727,83.9886043446163,-0.06987254448059832,4988288.56996711,3722937.1157921148,-0.46084194613945983,1.0,-0.06583456373420854,1.0
15.99999999999996,53.85918988648736,1514.1186828880302,20.659253666340877,193.04858059390907,1.395207292033022,-0.007978434547484963,83.89169217020108,-0.06897895140653398,4984930.783283451,3719579.3291084557,-0.3085403897718257,1.0,-0.044077198538832234,1.0
16.09999999999996,55.971795085341114,1533.553663927554,21.126051988537537,194.34981039523694,1.3945085190403945,-0.006987729926276232,83.79623958095914,-0.06801176243733598,4981572.986442986,3716221.5322679905,-0.10480144010173298,1.0,-0.014971634300247567,1.0
16.19999999999996,58.13096812224927,1553.1189556211468,21.591730369081546,195.65291693592897,1.3938957812044999,-0.006127378358944157,83.70247447515757,-0.06698799045351223,4978215.190666114,3712863.736491118,0.14071949875248033,1.0,0.020102785536068615,1.0
16.29999999999996,60.33652894391884,1572.8147563154741,22.055608216695685,196.95800694327275,1.3933542231584664,-0.00541558046033814,83.6105644097941,-0.06592541524323003,4974857.413547548,3709505.959372553,0.41773795062992425,1.0,0.05967685008998918,1.0
16.399999999999963,62.58824872963854,1592.6412711048479,22.517197857197015,198.26514789373655,1.3928677765890993,-0.004864465693669861,83.52061601972227,-0.06484196624897542,4971499.677163297,3706148.222988302,0.7157162134342624,1.0,0.10224517334775177,1.0
16.499999999999964,64.88586940893828,1612.598708113855,22.97620679299732,199.57437009007188,1.3924197622057108,-0.004480143833883614,83.43267643420947,-0.0637551453223264,4968142.005517375,3702790.55134238,1.0242191647041257,1.0,0.14631702352916082,1.0
16.599999999999966,67.22912277370392,1632.6872751496203,23.432533647656513,200.8856703576511,1.3919934675901104,-0.004262946156005926,83.34673648787388,-0.06268150491538371,4964784.421732659,3699432.967557665,1.3332401665231741,1.0,0.190462880931882,1.0
16.699999999999967,69.61774860485959,1652.907176826333,23.886258311556656,202.19901676712692,1.3915726841052591,-0.004207834848511229,83.26273547978754,-0.06163619423413369,4961426.945376366,3696075.491201372,1.633489142306135,1.0,0.2333555917580193,1.0
16.79999999999997,72.05151130101801,1673.258612208675,24.337626961584206,203.5143538234206,1.391142188585866,-0.004304955193935154,83.18056720236571,-0.06063258277182415,4958069.590250131,3692718.1360751367,1.9166367720008304,1.0,0.27380525314297577,1.0
16.89999999999997,74.5302145768026,1693.7417729734404,24.787032757845978,204.8316076476538,1.3906881583612103,-0.004540302246556469,83.10008694124411,-0.05968196745704301,4954712.362881348,3689360.9087063535,2.1755105236494128,1.0,0.3107872176642018,1.0
16.99999999999997,77.05371388866907,1714.3568420533966,25.2349931186646,206.15069079956137,1.390198511153047,-0.004896472081635236,83.02111913882385,-0.058793366509908525,4951355.261841826,3686003.8076668316,2.404239914246788,1.0,0.34346284489239826,1.0
17.099999999999973,79.62192634244072,1735.1039927056727,25.682124537716543,207.4715065227601,1.3896631644370976,-0.005353467159493047,82.94346541707053,-0.057973400104834864,4947998.277907635,3682646.8237326406,2.5983499994411985,1.0,0.37119285706302835,1.0
17.199999999999974,82.23483793568367,1755.9833879381863,26.129115932429503,208.79395232513713,1.389074211850242,-0.00588952586855607,82.86691266848425,-0.057226255177408536,4944641.39497388,3679289.9407988847,2.7548036526334014,1.0,0.39354337894762875,1.0
17.299999999999976,84.8925080857767,1776.9951802298124,26.57670150093028,210.11792291626185,1.3884260170722418,-0.006481947780002481,82.79124094648817,-0.05655372925592328,4941284.591560572,3675933.1373855774,2.8719947086008757,1.0,0.41028495837155365,1.0
17.399999999999977,87.59507148759174,1798.1395114900874,27.025634018150352,211.4433126027506,1.3877152282288567,-0.00710788843385116,82.71623091612155,-0.055955346097389835,4937927.842697152,3672576.388522157,2.9496954834913653,1.0,0.4213850690701951,1.0
17.49999999999998,90.34273742999541,1819.4165132186965,27.476659424036693,212.7700172860907,1.3869407181852245,-0.007745100436322944,82.64167066104703,-0.05542853419884496,4934571.121955614,3669219.667780619,2.9889634849921243,1.0,0.42699478357030346,1.0
17.59999999999998,93.13578677532858,1840.8263068403076,27.930493453331707,214.09793621611013,1.3861034580726235,-0.008372601126009429,82.56736168166907,-0.054968857957503836,4931214.403413714,3665862.9492387194,2.9920132246862594,1.0,0.4274304606694656,1.0
17.69999999999998,95.97456686863545,1862.369004203524,28.38780093306865,215.42697363216257,1.3852063329821884,-0.008971250904351124,82.49312395987667,-0.054570290373482155,4927857.66336498,3662506.2091899863,2.9620598745543205,1.0,0.4231514106506172,1.0
17.799999999999983,98.8594846923532,1884.0447082416772,28.849178237177632,216.75704038153185,1.38425390994516,-0.009524230370283594,82.41880000699106,-0.054225515719559476,4924500.881643854,3659149.4274688596,2.903142026186353,1.0,0.414734575169479,1.0
17.899999999999984,101.79099861673662,1905.8535137967342,29.315139243834125,218.0880555505711,1.3832521690947386,-0.010017408504217078,82.3442578515233,-0.053926250525535124,4921144.042493705,3655792.5883187107,2.81993099818788,1.0,0.4028472854554115,1.0
17.999999999999986,104.76960911638935,1927.7955086056147,29.786104996527282,219.41994808880608,1.3822082092768022,-0.010439598179362065,82.26939296114173,-0.05366357151216828,4917787.134964547,3652435.6807895536,2.7175340086594573,1.0,0.38821914409420816,1.0
18.099999999999987,107.79584882937338,1949.8707744414667,30.26239712984037,220.75265835851974,1.3811299393647958,-0.010782699120064805,82.19412912782504,-0.053428239725126225,4914430.1528789885,3649078.6987039945,2.601298125449987,1.0,0.37161401792142673,1.0
18.19999999999999,110.87027232841639,1972.079388392348,30.744234990430066,222.08613950881363,1.3800257661673025,-0.011041731974932299,82.11841837575244,-0.05321101101979165,4911073.094444304,3645721.6402693097,2.4766212834950685,1.0,0.3538030404992955,1.0
18.29999999999999,113.99344595507635,1994.4214242481103,31.23173626659963,223.42035855762302,1.3789042891330932,-0.011214770342094588,82.04223997747044,-0.05300292418508445,4907715.961612744,3642364.5074377498,2.3487758779793677,1.0,0.33553941113990965,1.0
18.39999999999999,117.16558614964067,2016.897007544078,31.721401945643237,224.75583295967618,1.3777609234442283,-0.011433656888650829,81.96649712179344,-0.052824327657523096,4904358.886422651,3639007.4322476564,2.4484107694361343,1.0,0.3497729670623049,1.0
18.499999999999993,120.38603392529268,2039.506389904739,32.2044777565201,226.09382360661243,1.3765583868331033,-0.012025366111247533,81.89340261666955,-0.052751124489120116,4901002.256133133,3635650.801958138,3.1119088885967443,1.0,0.4445584126566778,1.0
18.599999999999994,123.65445651816162,2062.249769735247,32.68422592868951,227.43379830508013,1.37527104579875,-0.012873410343533046,81.82208596253953,-0.05279375509739847,4897645.998869207,3632294.544694212,3.574546604584059,1.0,0.5106495149405799,1.0
18.699999999999996,126.97062824858475,2085.12473877658,33.161717304231225,228.74969041333296,1.3738950019449523,-0.013760438537977463,81.75132699854834,-0.05293482205424981,4894326.125297894,3628974.671122899,3.70232486378921,0.9783849808581979,0.5289035519698871,0.9567699617163958
18.799999999999997,130.3334414637902,2108.1235811157576,33.628132152054405,229.98842339177398,1.3724322318925255,-0.01462770052426754,81.68135227252994,-0.05317630274447449,4891118.467109275,3625767.01293428,3.8172244029475775,0.9115727292122133,0.5453177718496539,0.8231454584244267
18.9,133.74206138311888,2131.2387108966072,34.08619919328695,231.1512978084949,1.370893792506373,-0.015384393861524757,81.61146348202,-0.05349495262599202,4888020.319605385,3622668.86543039,3.766085675971193,0.8462851753778833,0.5380122394244562,0.6925703507557666
19.0,137.19593623965207,2154.463058888999,34.53874856533183,232.2434799239196,1.369297484692288,-0.01596307814085319,81.54109372381862,-0.0538630764656307,4885023.584801127,3619672.130626132,3.5696689481055532,0.7857576560520818,0.5099527068722218,0.5715153121041636
19.1,140.69469065003258,2177.7900744979997,34.987544103805256,233.27015609000583,1.3676640890744114,-0.01633395617876558,81.46995006629228,-0.05425478101776138,4882120.407322904,3616768.953147908,3.289792765215385,0.7298874189658133,0.4699703950307693,0.45977483793162666
19.200000000000003,144.23807900964712,2201.2136923378735,35.43388359614541,234.2361783987363,1.3660160274738042,-0.016480616006071556,81.3978496343475,-0.05464445268882189,4879303.523879642,3613952.0697046462,2.948701657749492,0.6783399441903648,0.4212430939642131,0.3566798883807296
19.300000000000004,147.82594781169826,2224.7282989464156,35.87868802051132,235.1460660854213,1.3643763447950839,-0.016396826787204288,81.32469500247298,-0.05500734617824765,4876566.241868449,3611214.787693454,2.56545543690212,0.630788446963797,0.36649363384315997,0.261576893927594
19.400000000000006,151.45820130457983,2248.3287025116833,36.32253492881566,236.004035652676,1.3627677836458478,-0.016085611492359986,81.25046491906349,-0.05532034796795804,4873902.392982306,3608550.938807311,2.1597355401992715,0.5869299569925746,0.3085336485998959,0.1738599139851491
19.500000000000007,155.1347705127052,2272.0101055897367,36.765692081253626,236.8140307805324,1.3612119482874145,-0.015558353584331126,81.17520552183552,-0.05556265905169688,4871306.287532816,3605954.8333578203,1.751502339320645,0.5464845775964466,0.25021461990294924,0.09296915519289328
19.60000000000001,158.85558610791435,2295.7680804358342,37.208155952091666,237.57974846097568,1.3597285748358934,-0.014833734515214032,81.09902072741225,-0.055716357000577206,4868772.672312329,3603421.2181373336,1.360203760247634,0.5091935107834278,0.1943148228925191,0.018387021566855566
19.70000000000001,162.62055550535422,2319.5985464671367,37.64969397439877,238.304660313026,1.3583349223432555,-0.013936524926376835,81.02206196516309,-0.05576682570370739,4866296.69291064,3600945.238735644,1.003989886879746,0.47481708387996147,0.14342712669710658,-0.05036583224007707
19.80000000000001,166.4295435070242,2343.49774369233,38.08988001669962,238.9919722519313,1.3570452997857607,-0.012896225574949084,80.94451753972506,-0.05570304272074145,4863873.860853207,3598522.4066782123,0.6990058000921512,0.4431329460278177,0.09985797144173589,-0.11373410794436456
19.900000000000013,170.28236022762704,2367.4622241441148,38.52816720602836,239.6448045178455,1.3558707191469477,-0.01174580638813016,80.86660172528732,-0.05551773585824305,4861500.0254522795,3596148.5712772845,0.4586874982045819,0.4139345032207431,0.06552678545779742,-0.1721309935585138
20.000000000000014,174.17875064394838,2391.4888275621875,38.96390416321347,240.26603418072656,1.3548186909523898,-0.010520281945578748,80.78854486020792,-0.05520741475338054,4859171.344111436,3593819.8899364406,0.29363375994494306,0.38703307232901496,0.04194767999213472,-0.22593385534197008
20.100000000000016,178.11838917440966,2415.5746622350116,39.396385304612885,240.85834672824356,1.353893151419882,-0.009255395325079605,80.71058333491087,-0.05477226897957799,4856884.273315035,3591532.819140039,0.21100593903566497,0.3622465326751767,0.03014370557652357,-0.2755069346496466
20.200000000000017,182.10087844914776,2439.7170863481583,39.8248927473811,241.42424113146672,1.3530945209468574,-0.00798630473024355,80.63294999043742,-0.054215941982205924,4854635.545149204,3589284.0909742084,0.2143058996965916,0.3394086033891974,0.030615128528084515,-0.32118279322160515
20.30000000000002,186.12575164679956,2463.913689476815,40.24873197651805,241.9660312865641,1.3524198757818588,-0.00674645164998528,80.55586594364088,-0.05354521672984335,4852422.1501579005,3587070.6959829046,0.3035611217651303,0.3183653147277399,0.043365874537875757,-0.36326937054452024
20.40000000000002,190.19247802047846,2488.1622742491727,40.66726373678901,242.4858477235765,1.3518632207832968,-0.005566549985620585,80.47953337571303,-0.05276961709156236,4850241.321089392,3584889.866914396,0.47544121123586247,0.2989743087291208,0.06792017303369463,-0.40205138254175843
20.50000000000002,194.30047114574975,2512.4608383374866,41.079931252712996,242.9856408831374,1.3514158471462303,-0.004473736370664018,80.40412951677799,-0.05190094512150289,4848090.516542092,3582739.0623670965,0.7235513076664268,0.2811043943614333,0.10336447252377526,-0.4377912112771334
20.600000000000023,198.44909938114066,2536.8075569983325,41.48628235390909,243.46718660846105,1.3510667571054844,-0.0034909004074594897,80.32980192854808,-0.050952774022570146,4845967.404126686,3580615.9499516906,1.0388440503399865,0.2646351044692552,0.14840629290571233,-0.4707297910614896
20.700000000000024,202.6376980061686,2561.200766406631,41.88598625027922,243.9320940829822,1.350803136632996,-0.0026362047248820472,80.25666513584258,-0.04993991665799902,4843869.8430972,3578518.3889222043,1.4101179808652455,0.24945618899913757,0.2014454258378922,-0.5010876220017249
20.800000000000026,206.86558248960733,2585.6389480139483,42.27884483438748,244.38181607317318,1.3506108568841813,-0.0019227974881492688,80.18479861520706,-0.048877888999771635,4841795.866680765,3576444.4125057687,1.8245721647802406,0.23546701401317316,0.2606531663971772,-0.5290659719736537
20.900000000000027,211.13206234196878,2610.120714117366,42.66479852361428,244.8176610341744,1.3504749855636333,-0.001358713205479428,80.11424610758182,-0.04778238676672064,4839743.6645399695,3574392.210364974,2.2683878849477175,0.22257585952031977,0.3240554121353882,-0.5548482809593605
21.00000000000003,215.43645502165762,2634.6447947604975,43.04392679688839,245.24080643131538,1.3503802904166435,-0.0009469514698970961,80.04501618237596,-0.046668791777958914,4837711.565913548,3572360.1117385523,2.727310683350608,0.210699129975227,0.3896158119072297,-0.578601740049546
21.10000000000003,219.77809939435303,2659.2100260141347,43.416443726954256,245.65231253637253,1.3503117186307785,-0.0006857178586497361,79.97708394404256,-0.045551722336656615,4835698.02399586,3570346.5698208637,3.1872094274645226,0.1997605077254394,0.4553156324949318,-0.6004789845491212
21.20000000000003,224.1563682896145,2683.8153396111397,43.78268895261482,246.05313597005164,1.35025483795452,-0.0005688067625846751,79.91039374104366,-0.0444446393917608,4833701.6020427225,3568350.1478677266,3.6345928217503864,0.18969009003475534,0.5192275459643408,-0.6206198199304893
21.300000000000033,228.57067975639129,2708.459753847615,44.143114667767755,246.4441423647553,1.3501962276995676,-0.000586102549525627,79.84486271241691,-0.04335951743495769,4831720.9615508085,3566369.5073758126,4.057067439710602,0.18042355388016462,0.5795810628158002,-0.6391528922396708
21.400000000000034,233.0205066880506,2733.142365616424,44.49826931659314,246.826117688086,1.350123810376348,-0.0007241732321952828,79.7803849900387,-0.042306586208490815,4829754.852676666,3564403.3985016705,4.443724754047891,0.17190138984241932,0.6348178220068416,-0.6561972203151614
21.500000000000036,237.50538456497856,2757.862343413143,44.84877876927962,247.19977796719198,1.3500271174058385,-0.0009669297050955565,79.71683636559597,-0.04129414644736129,4827802.106867937,3562450.652692942,4.785447848014173,0.1640682382393166,0.6836354068591676,-0.6718635235213668
21.600000000000037,242.0249171454368,2782.6189211487863,45.19532580458246,247.56577735642895,1.3498974850483185,-0.00129632357519622,79.65407923013215,-0.04032846016191738,4825861.631500059,3560510.1773250634,5.075131666064088,0.15687234888564827,0.7250188094377268,-0.6862553022287035
21.70000000000004,246.57878095248745,2807.4113977259276,45.53863807050644,247.9247657714136,1.3497281760935154,-0.0016930895480337053,79.59196761301925,-0.03941371689436246,4823932.406168414,3558580.9519934193,5.307813959678689,0.1502651724484494,0.7582591370969556,-0.6994696551031012
21.80000000000004,251.16672472182617,2832.2391218296175,45.879437693387295,248.27724103690065,1.3495144373490155,-0.002137387444998782,79.53035234105495,-0.03855206627357366,4822013.480285558,3556662.026110563,5.4808397002409155,0.14420107821219164,0.7829771000344165,-0.7115978435756167
21.90000000000004,255.78856971966778,2857.1014920621087,46.218449978416075,248.62370232491153,1.3492534896185664,-0.0026094773044908807,79.46908524238438,-0.037743701409076895,4820103.976418741,3554752.5222437466,5.593447833468258,0.1386340313409784,0.7990639762097511,-0.7227319373180432
22.000000000000043,260.4442073151989,2881.997953100518,46.55637595531175,248.96461038409288,1.3489444573189011,-0.0030903229966558203,79.40802354652257,-0.036987006069102435,4818203.078260868,3552851.6240858734,5.646941635406505,0.133526958612864,0.806705947915215,-0.732946082774272
22.100000000000044,265.13359462548266,2906.927991868382,46.893873102837496,249.3003876786407,1.3485882390863606,-0.0035621823254022517,79.3470340382161,-0.03627875657252244,4816310.034048852,3550958.579873857,5.644614665177029,0.12884249625427113,0.8063735235967184,-0.7423150074914577
22.200000000000045,269.8567487301949,2931.891134013996,47.23154104712248,249.6314214561424,1.3481873339723367,-0.004009051140237596,79.28599619724852,-0.035614350393353256,4814424.154914597,3549072.7007396026,5.5913017310309945,0.12454567177377474,0.7987573901472849,-0.7509086564524505
22.300000000000047,274.6137396939496,2956.886940740382,47.569909637546786,249.9580672638603,1.3477456304225586,-0.004417035497783406,79.22480481123169,-0.03498806278327904,4812544.812330731,3547193.3581557367,5.493149897468044,0.12060412067262716,0.784735699638292,-0.7587917586547457
22.40000000000005,279.4046826897954,2981.915006007177,47.909429958457814,250.2806526679464,1.3472681672584057,-0.004774631641529187,79.16337193417355,-0.03439331997379469,4810671.434906875,3545319.98073188,5.357320037142225,0.11698807887615237,0.7653314338774606,-0.7660238422476953
22.50000000000005,284.22972952981047,3006.9749541176916,48.2504684001511,250.59948110514426,1.3467608762516057,-0.005072910067999691,79.10162816787869,-0.03382297896616726,4808803.504607435,3543452.0504324404,5.191671185756779,0.11367032642255692,0.7416673122509684,-0.7726593471548862
22.60000000000005,289.08905990533503,3032.06643769212,48.59330375524563,250.91483574428162,1.3462303157760165,-0.005305604755892386,79.03952327563502,-0.033269604590508095,4806940.552522837,3541589.098347842,5.004445416070097,0.11062608984862887,0.7149207737242996,-0.7787478203027423
22.700000000000053,293.98287262538463,3057.1891360111917,48.93812720049586,251.226983190718,1.3456834046097597,-0.005469111662565318,78.97702615863295,-0.032725735292074676,4805082.15437514,3539730.7002001447,4.803964916327425,0.10783290498659781,0.6862807023324893,-0.7843341900268044
22.800000000000054,298.9113771192533,3082.3427536963973,49.28504493868698,251.53617685205353,1.3451271642994536,-0.005562403103060635,78.91412424294064,-0.032184130067738126,4803227.925958144,3537876.4717831486,4.598350596746051,0.10527044674137676,0.6569072281065786,-0.7894591065172465
22.900000000000055,303.87478544000135,3107.5270196761403,49.634083207480685,251.84265979743054,1.3445684776250642,-0.00558686674389541,78.85082233938093,-0.03163799010223056,4801377.5187034,3536026.0645284057,4.39526964264656,0.10292033624820673,0.6278956632352228,-0.7941593275035865
23.000000000000057,308.87330497116835,3132.741686374181,49.985195311669926,252.14666698040892,1.3440138696596873,-0.005546079653766706,78.78714105024352,-0.03108114990024502,4799530.615532909,3534179.1613579136,4.201717662359291,0.10076593768924003,0.6002453803370416,-0.79846812462152
23.10000000000006,313.90713200132853,3157.9865290490898,50.33827030160165,252.4484267490877,1.3434693167458667,-0.005445529138209445,78.72311480532643,-0.030508234032574633,4797686.927114271,3532335.472939276,4.023839451293308,0.09879215703429978,0.5748342073276154,-0.8024156859314004
23.20000000000006,318.9764462915604,3183.2613452119235,50.69314290231913,252.74816162833872,1.3429400874522874,-0.005292292935789684,78.65878961530849,-0.02991477696836964,4795846.188582722,3530494.7344077276,3.866790908645808,0.09698525338488251,0.5523987012351154,-0.806029493230235
23.30000000000006,324.08140672092765,3208.5659540538627,51.04960429367202,253.04608841939023,1.3424306182752819,-0.005094691770055125,78.59422063295837,-0.029297304808703517,4794008.156744085,3528656.7025690903,3.734643274814728,0.09533267090219288,0.5335204678306754,-0.8093346581956142
23.400000000000063,329.22214805587294,3233.900195825302,51.407413349452895,253.34241771439164,1.3419444255507633,-0.004861927245185063,78.52946961230438,-0.028653379028783066,4792172.607729465,3526821.1535544703,3.630329576555062,0.09382289601064908,0.5186185109364374,-0.8123542079787018
23.500000000000064,334.3987788520453,3259.2639311215707,51.76630796172402,253.63735296268698,1.3414840537841968,-0.004603717665665567,78.46460235281222,-0.02798160354046586,4790339.335040526,3524987.8808655324,3.5556319566582717,0.09244534119919656,0.5079474223797531,-0.8151093176016069
23.600000000000065,339.61138046236096,3284.6570400463925,52.12601610315631,253.93108924821513,1.3410510594258325,-0.004329943583644059,78.39968621009035,-0.027281597470638852,4788508.147905631,3523156.6937306374,3.5112074293133837,0.0911902537332665,0.5016010613304833,-0.817619492533467
23.700000000000067,344.86000709374434,3310.0794212406845,52.48626631383379,254.2238119429196,1.3406460280484052,-0.004050313774272386,78.33478774696759,-0.026553936987089966,4786678.869862096,3521327.415687103,3.4966485653656525,0.09004864526962253,0.49952122362366463,-0.8199027094607549
23.800000000000068,350.1446868275629,3335.5309907797405,52.846797338185475,254.51569539056106,1.3402686219523268,-0.0037740609607839746,78.2699705893071,-0.025800070270208586,4784851.337486784,3519499.8833117904,3.5105747106421505,0.08901223692950877,0.5015106729488786,-0.8219755261409825
23.90000000000007,355.4654234956894,3361.0116809549236,53.20736668126482,254.80690175183113,1.3399176544507065,-0.0035096750162031424,78.20529354001822,-0.02502221031126317,4783025.399213197,3517673.945038203,3.550748615711934,0.08807341388718415,0.507249802244562,-0.8238531722256317
24.00000000000007,360.8221992857283,3386.521438965847,53.567757900389,255.09758010923548,1.3395911864885246,-0.003264679621818889,78.14080899281272,-0.02422321060805155,4781200.914194677,3515849.460019683,3.6142128405483924,0.08722518390054779,0.5163161200783417,-0.8255496321989044
24.100000000000072,366.2149779354394,3412.060225555188,53.92778649711073,255.38786589340708,1.3392866408354145,-0.0030454565311010045,78.07656167475217,-0.023406429025429,4779377.751196313,3514026.2970213187,3.6974400121865294,0.08646113527612354,0.528205716026647,-0.8270777294477529
24.200000000000074,371.64370836789277,3437.6280136207647,54.28730432453388,255.67788065576758,1.3390009288615077,-0.0028571197390694215,78.01258773398423,-0.022575585097459605,4777555.787519298,3512204.3333443035,3.796490960206387,0.08577539128345579,0.5423558514580553,-0.8284492174330884
24.300000000000075,377.1083286153873,3463.2247868387235,54.646202474944815,255.96773217958926,1.3387305848559001,-0.002703440056072801,77.94891417669575,-0.0217346158819256,4775734.907977988,3510383.453802994,3.9071749200162564,0.08516255974916564,0.558167845716608,-0.8296748805016687
24.400000000000077,382.60876988152484,3488.850538328257,55.004412661375504,256.257514895332,1.3384719029667898,-0.002586818891102968,77.88555864562126,-0.020887535154436643,4773915.003960064,3508563.5497850697,4.025206351563537,0.08461767821290156,0.5750294787947909,-0.8307646435741969
24.500000000000078,388.144960596798,3514.5052693830826,55.36190715273182,256.5473105482596,1.3382210721152634,-0.002508308515262791,77.82252952180328,-0.020038300270691863,4772095.972603291,3506744.518428297,4.146353438069839,0.08413615640255223,0.5923362054385484,-0.8317276871948955
24.60000000000008,393.71683033321733,3540.188988288801,55.71869736419332,256.83718905718274,1.3379743046409134,-0.002467674743500485,77.75982632201205,-0.019190690457149273,4770277.716118861,3504926.261943866,4.266573970444616,0.08371371873389322,0.6095105672063738,-0.8325725625322136
24.70000000000008,399.324313457363,3565.901709239007,56.07483124145708,257.12720950205875,1.3377279549534808,-0.002463496874324736,77.6974403565386,-0.01834819964003476,4768460.141282279,3503108.6871072846,4.382135054270443,0.08334634998470758,0.6260192934672061,-0.8333073000305848
24.800000000000082,404.96735241815696,3591.6434513573663,56.43038960793936,257.41742118359554,1.3374786250650947,-0.0024932988838600716,77.63535560613806,-0.01751394621865243,4766643.159100175,3501291.704925181,4.489713866898864,0.08303024723403052,0.6413876952712663,-0.833939505531939
24.900000000000084,410.6459005848949,3617.4142378281595,56.785481667379365,257.70786470793206,1.337223254535902,-0.0025537052919280888,77.57354977280393,-0.01669060145922585,4764826.684647175,3499475.230472181,4.586477514641638,0.08276178065626416,0.6552110735202339,-0.8344764386874717
25.000000000000085,416.35992457187604,3643.214095134328,57.140239869811516,257.9985730616875,1.336959193055603,-0.0026406148029868757,77.51199545680186,-0.015880337456475102,4763010.637053273,3497659.1828782787,4.670140868876987,0.08253746493134928,0.667162981268141,-0.8349250701373014
25.100000000000087,422.10940600750956,3669.043052399837,57.494814356335276,258.2895726550913,1.3366842545792856,-0.002749384763176808,77.45066141191344,-0.01508479490592407,4761194.939610625,3495843.4854356307,4.739002070845373,0.0823539420138597,0.6770002958350533,-0.8352921159722806
25.200000000000088,427.89434272727135,3694.9011408320166,57.84936719761765,258.5808843217965,1.3363967526145148,-0.0028750196477102777,77.38951383200751,-0.01430507027171024,4759379.5199607145,3494028.0657857205,4.791956163949602,0.08220797494537635,0.6845651662785145,-0.8355840501092473
25.30000000000009,433.7147493905778,3720.788393259231,58.20406663306457,258.87252427214185,1.3360955168970083,-0.0030123571750638634,77.3285176246843,-0.013541721340197377,4757564.310319092,3492212.856144098,4.828488016186472,0.08209645142896349,0.6897840023123532,-0.835807097142073
25.40000000000009,439.57065754086295,3746.7048437593776,58.559081502851086,259.1645050014656,1.3357798922764401,-0.0031562462056821472,77.26763763161287,-0.012794789633077785,4755749.24769551,3490397.7935205163,4.848646312048718,0.0820163951200148,0.6926637588641026,-0.8359672097599704
25.500000000000092,445.462115145315,3772.650527375035,58.91457604452084,259.45683615657305,1.3354497211474736,-0.0033017112896646574,77.20683976006148,-0.0120638377252682,4753934.274071822,3488582.8198968275,4.853000904292347,0.0819649820946955,0.6932858434703353,-0.836070035810609
25.600000000000094,451.3891856653993,3798.625479911246,59.27070520084271,259.7495253621117,1.3351053111929665,-0.003444099545070918,77.14609199575682,-0.01134799917943341,4752119.336507645,3486767.8823326514,4.842586207704226,0.08193955976346423,0.6917980296720323,-0.8361208804730715
25.700000000000095,457.3519467211336,3824.6297378117706,59.627610557343075,260.0425790052441,1.3347473905489051,-0.003579206440612985,77.08536527335045,-0.010646038573558947,4750304.387153443,3484952.932978449,4.818833581960409,0.08193766559319027,0.6884047974229156,-0.8361246688136195
25.800000000000097,463.35048842090765,3850.663338109036,59.98541699774086,260.3360029726524,1.3343770527499956,-0.0037033779890950492,77.0246341871807,-0.009956418960493707,4748489.383161046,3483137.9289860516,4.7834957883856175,0.08195704334318599,0.6833565411979454,-0.836085913313628
25.900000000000098,469.3849114343755,3876.726318441996,60.34423013467876,260.62980332960296,1.3339956939701525,-0.0038135877984346008,76.96387753146875,-0.009277374055663088,4746674.2864917265,3481322.8323167325,4.738566621805698,0.0819956550415557,0.6769380888293853,-0.8360086899168886
26.0000000000001,475.4553248886609,3902.8187171347404,60.7041345428543,260.92398692744155,1.3336049451356067,-0.003907488345456303,76.90307866537685,-0.008606982495426019,4744859.063630629,3479507.6094556353,4.686198725306061,0.0820516875503774,0.6694569607580085,-0.8358966248992452
26.1000000000001,481.5618441679555,3928.940573327156,61.065192792945325,261.21856192415555,1.3332066014648842,-0.003983436707223488,76.84222570430133,-0.00794324163579252,4743043.685223085,3477692.231048091,4.628622407933222,0.0821235532110598,0.6612317725618888,-0.8357528935778804
26.200000000000102,487.7045886938021,3955.0919271474445,61.427445258466165,261.5135382028849,1.3328025518866506,-0.004040495782336838,76.78131154421926,-0.007284138559507269,4741228.125652688,3475876.671477693,4.56806802073949,0.08220988465531098,0.6525811458199272,-0.835580230689378
26.300000000000104,493.88367823920055,3981.2728134479535,61.79089545398437,261.80886300508797,1.3323947113426546,-0.004078405439960953,76.72033371566933,-0.006627715224590158,4739412.36258292,3474060.9084079256,4.506694123124115,0.08230952435732908,0.6438134461605879,-0.8353809512853418
26.400000000000105,500.09923405507436,4007.483274935955,62.15555815873831,262.1046148800149,1.3319849603650158,-0.0040975097763864075,76.6592938325731,-0.005972119267167342,4737596.37638542,3472244.922210425,4.446353738288765,0.08242150985404706,0.6351933911841092,-0.8351569802919059
26.500000000000107,506.3513754396652,4033.7233564524668,62.52141384590845,262.4008151651206,1.3315750815724199,-0.0040987879259610695,76.59819784654243,-0.0053156719437756905,4735780.143017276,3470428.6888422817,4.389053422368393,0.08254914234617772,0.6270076317669133,-0.8349017153076446
26.600000000000108,512.6402178796412,4059.9931047125096,62.88842439975982,262.6974826004283,1.3311667056906529,-0.004083758817667204,76.53705539981014,-0.004656910817338878,4733963.647258964,3468612.19308397,4.336503658680228,0.08268769883628124,0.619500522668604,-0.8346246023274375
26.70000000000011,518.9658717248567,4086.2925684553124,63.25653845215527,262.9946374280283,1.330761272058672,-0.004054336319811287,76.47587889568614,-0.003994613027496374,4732146.875834245,3466795.421659251,4.289941310852643,0.08283637586235626,0.6128487586932347,-0.8343272482752875
26.80000000000011,525.3284410874579,4112.621798614902,63.62569362601176,263.292301595894,1.3303599959236667,-0.004012761350052059,76.41468302594537,-0.0033278197469033266,4730329.816548584,3464978.36237359,4.250386610451549,0.08299480158784789,0.6071980872073641,-0.8340103968243042
26.900000000000112,531.7280230308007,4138.980848457739,63.99581943342769,263.59049842836527,1.3299638450798792,-0.003961508437875144,76.35348414195961,-0.002655848566593511,4728512.4579299325,3463161.0037549385,4.218564900993103,0.08316271961210209,0.6026521287133004,-0.8336745607757958
27.000000000000114,538.166558887493,4165.369338855633,64.38535856692252,263.88490397894043,1.329602170100482,-0.0036167497939717597,76.28828733848724,-0.0018796246636219038,4726694.788945677,3461343.3347706823,4.194897039023904,0.08333994898840125,0.5992710055748435,-0.8333201020231975
27.100000000000115,544.6398874088188,4191.788390998442,64.7332852132584,264.19052142808783,1.329208665056087,-0.003935050443951555,76.2323474861946,-0.001296795102431192,4724876.826845035,3459525.3726700405,4.230618918680995,0.08352636574521233,0.6043741312401422,-0.8329472685095753
27.200000000000117,551.1458670951038,4218.238639943718,65.05979686284999,264.5024894527609,1.328749184897525,-0.004594801585620448,76.18125685840225,-0.0008645755891059093,4723058.546578076,3457707.092403081,4.216460777782849,0.08371133949617304,0.6023515396832643,-0.8325773210076539
27.300000000000118,557.683260794147,4244.7205049138975,65.37393699043288,264.8186497017947,1.3282063788277354,-0.005428060697896654,76.1330429227741,-0.0005658897368394644,4721239.874582026,3455888.420407031,4.044593484715859,0.08388951668240496,0.5777990692451227,-0.8322209666351901
27.40000000000012,564.2512782051716,4271.23429751504,65.68017411024533,265.13792601142825,1.3275723158569315,-0.006340629708039532,76.08673017766195,-0.00039164281979964244,4719420.750739984,3454069.2965649893,3.729092693288162,0.08406327293521532,0.5327275276125946,-0.8318734541295694
27.50000000000012,570.8499013332143,4297.780137159872,65.98623128042684,265.4583964483127,1.3268530389850184,-0.007192768719130247,76.04064422819573,-0.00030656813461948934,4717601.143941442,3452249.689766447,3.296141632858008,0.08423259012761974,0.4708773761225726,-0.8315348197447605
27.600000000000122,577.4793929087227,4324.358070467622,66.2949157550837,265.7793330775063,1.3260603877900554,-0.007926511949629868,75.99417816085116,-0.0002882334639662254,4715781.052890352,3450429.5987153575,2.7769321555409205,0.08439828902106372,0.3967045936487029,-0.8312034219578726
27.700000000000124,584.1403143293896,4350.968064692023,66.6092142066686,266.0999422440122,1.3252116828416771,-0.008487049483783253,75.94668877809545,-0.0003080923235174727,4713960.500354456,3448609.0461794613,2.205069156837037,0.0845622318448025,0.31500987954814813,-0.830875536310395
27.800000000000125,590.8333859330311,4377.610040796853,66.93071603641467,266.41976104830434,1.3243270377907082,-0.008846450509689505,75.8978359675274,-0.00034009498122089527,4712139.523671312,3446788.0694963178,1.6108314299826363,0.08472655152367503,0.23011877571180517,-0.8305468969526499
27.900000000000126,597.5593688146655,4404.283902415997,67.25982881634422,266.73861619143264,1.3234270378762025,-0.008999999145056383,75.84753496193791,-0.0003621767311259294,4710318.164608609,3444966.710433615,1.0228298799092366,0.08489397934948517,0.14611855427274809,-0.8302120413010297
28.000000000000128,604.3189643856405,4430.989562087521,67.59595570974977,267.05659671525115,1.3225307729458573,-0.008962649303453035,75.79591737101443,-0.00035754474790872237,4708496.459463364,3443145.0052883704,0.46515030514465366,0.08506778142210791,0.06645004359209337,-0.8298644371557842
28.10000000000013,611.1127388079788,4457.726962484928,67.93774422338339,267.37400397406236,1.3216543636455254,-0.008764093003319888,75.74327702260682,-0.0003152066491312056,4706674.432104716,3441322.9779297216,-0.044270858028090214,0.08525134466488504,-0.006324408289727173,-0.8294973106702299
28.20000000000013,617.9410728183992,4484.496091631247,68.28334010420495,267.6912914631867,1.3208099980546117,-0.008443655909132946,75.69001471269651,-0.00022996956489196307,4704852.091348444,3439500.6371734496,-0.4941385081942532,0.08544745653179753,-0.07059121545632188,-0.829105086936405
28.300000000000132,624.8041383122529,4511.296990883633,68.63065493853715,268.00899252386876,1.3200054987065841,-0.008044993480277594,75.63658005036118,-0.00010185812047680542,4703029.432088006,3437677.9779130113,-0.8796827853138629,0.08565782296065194,-0.12566896933055183,-0.8286843540786961
28.400000000000134,631.70190606614,4538.129753625973,68.97767753887172,268.32762742339315,1.319244477576901,-0.007610211296830189,75.58340395658259,6.521866962572176e-05,4701206.43865594,3435854.984480945,-1.2019977883420248,0.0858830405109079,-0.17171396976314637,-0.8282339189781842
28.500000000000135,638.6342285284467,4564.994501989217,69.3232246230656,268.647483632444,1.3185277402110682,-0.007167373658328381,75.53073733945332,0.00026768717858582924,4699383.088666071,3434031.634491076,-1.4667631106419539,0.08612299390117206,-0.20953758723456484,-0.8277540121976559
28.600000000000136,645.6007153492108,4591.891415869403,69.6648682076407,268.9691388018659,1.317851507622017,-0.006762325890513046,75.47909313375169,0.000492816018605291,4697559.355295689,3432207.9011206944,-1.6812120733667044,0.08637770735243855,-0.24017315333810063,-0.8272445852951229
28.700000000000138,652.6008548206864,4618.82070453445,70.00139471475728,269.292886650469,1.3172094934587864,-0.006420141632305964,75.4287245523537,0.0007298994403284187,4695735.20743478,3430383.753259786,-1.8568009466833324,0.08664886348413114,-0.2652572780976189,-0.8267022730317377
28.80000000000014,659.6340556170652,4645.782599968295,70.33200796378733,269.6189543384489,1.3165937796498768,-0.006157138089095605,75.3797968140066,0.0009681357611299735,4693910.60826565,3428559.154090657,-2.00729686885804,0.08694041410240994,-0.2867566955511485,-0.8261191717951801
28.90000000000014,666.6996537286024,4672.777357438446,70.65598111537102,269.9475747015198,1.3159951333863569,-0.005986462635199884,75.33246069306541,0.0011956606631560172,4692085.518591304,3426734.0644163103,-2.145233085666605,0.08725498580281155,-0.30646186938094355,-0.8254900283943769
29.000000000000142,673.7973120719777,4699.805151965179,70.97658343375262,270.2779452673254,1.3154093953839878,-0.005857380023691242,75.28601969701933,0.0014204709496967727,4690259.90153,3424908.4473550064,-2.28267178676344,0.08759294009336394,-0.32609596953763426,-0.8248141198132721
29.100000000000144,680.9260321067903,4726.866336422454,71.28720034812659,270.61184457274845,1.314822208641011,-0.005871867429768622,75.24187282020966,0.0016037925615211002,4688433.722242899,3423082.268067905,-2.421363482690104,0.08795337786626112,-0.3459090689557291,-0.8240932442674778
29.200000000000145,688.0853910897482,4753.961118575452,71.59358982957917,270.9478215299848,1.3142284349732867,-0.0059377366772441174,75.19879672663208,0.001761838555622619,4686606.954254906,3421255.5000799117,-2.5774405098808972,0.08833460139180627,-0.36820578712584245,-0.8233307972163875
29.300000000000146,695.2752042621478,4781.089647196455,71.8981317239951,271.2852862100291,1.3136270692512049,-0.006013657220818375,75.15628678763437,0.0019024112338728028,4684779.576455637,3419428.1222806424,-2.758784902916359,0.08873575656643373,-0.39411212898805126,-0.8225284868671325
29.400000000000148,702.4950807796127,4808.252128630992,72.1987651746495,271.6248143453704,1.3130141747046393,-0.0061289454656556315,75.11477722083643,0.00201399529900792,4682951.569052421,3417600.1148774256,-2.955042570253231,0.08915474529263223,-0.4221489386076044,-0.8216905094147355
29.50000000000015,709.7445602529339,4835.448791159019,72.49479473321087,271.9666252802609,1.312384975425299,-0.006291992793404611,75.07441247962817,0.0020892936554670616,4681122.91523948,3415771.461064485,-3.1655449383591807,0.08959031836049292,-0.4522207054798829,-0.8208193632790142
29.60000000000015,717.023547900445,4862.679768652353,72.78987647511106,272.3097749333495,1.3117407208704694,-0.00644254554829636,75.03442057106075,0.0021430295792954634,4679293.604045148,3413942.1498701526,-3.397788274391401,0.09004170650229515,-0.48539832491305723,-0.8199165869954097
29.700000000000152,724.3322368238762,4889.945119576621,73.08688923431171,272.65350924268455,1.3110874079217094,-0.006533129487597235,74.9941963291253,0.002191762091428018,4677463.625834114,3412112.1716591185,-3.647467146147215,0.09050808248979081,-0.5210667351638878,-0.8189838350204184
29.800000000000153,731.6707417539589,4917.244924380904,73.3850493008261,272.9980480428234,1.31042983079292,-0.006575771287894655,74.95390621988757,0.002237380024824986,4675632.965873165,3410281.51169817,-3.8986980857696567,0.09098865751733465,-0.5569568693956652,-0.8180226849653307
29.900000000000155,739.0391987477705,4944.579259356241,73.68456993811556,273.3433497533706,1.309772939788495,-0.0065689100442517636,74.9135071636878,0.002285585565784398,4673801.604728629,3408450.1505536344,-4.141262164252295,0.0914830108154363,-0.5916088806074706,-0.8170339783691274
30.000000000000156,746.4377184775933,4971.948214618256,73.98519729822824,273.68955262015754,1.3091210238689555,-0.00651915919539737,74.8730569547152,0.002339658975936132,4671969.5200294675,3406618.0658544726,-4.370673822328265,0.0919908645018741,-0.6243819746183236,-0.8160182709962518
30.100000000000158,753.8664344951569,4999.351870836378,74.28716017563647,274.03656218121574,1.3084784382258217,-0.006425856431334958,74.83250680205174,0.0024048070089661704,4670136.687033883,3404785.232858888,-4.5833669332087945,0.09251164010216417,-0.6547667047441135,-0.8149767197956717
30.20000000000016,761.325582783978,5026.790282594907,74.59148288821072,274.3841175852842,1.3078507611620993,-0.00627677063722304,74.79164470202736,0.0024903081299487706,4668303.083929522,3402951.6297545265,-4.776033520484518,0.09304151179278408,-0.6822905029263597,-0.8139169764144318
30.30000000000016,768.8148569788358,5054.263654185158,74.8927419485784,274.73371590250906,1.3072347215098883,-0.006160396522110323,74.75160460839226,0.002573099944477075,4666468.679495907,3401117.225320912,-4.942632844067503,0.09358282650698602,-0.7060904062953575,-0.812834346986028
30.400000000000162,776.3337603067881,5081.772245104726,75.1890332795237,275.0859091956788,1.3066237903254054,-0.006109311844825841,74.71278171281534,0.0026397561129694047,4664633.447619151,3399281.9934441554,-5.091558161024793,0.0941348649722995,-0.7273654515749703,-0.811730270055401
30.500000000000163,783.882070354141,5109.316242271346,75.48310047352852,275.43997166620085,1.3060156966062284,-0.006080937191772846,74.67460186917504,0.0026980263732121475,4662797.374978471,3397445.9208034747,-5.240985450512497,0.09469685562778274,-0.748712207216071,-0.8106062887444345
30.600000000000165,791.4596651376578,5136.895806325606,75.77594783516817,275.7956405425983,1.3054098211952196,-0.006058754110087465,74.63685482839249,0.0027509611067435547,4660960.45277906,3395608.998604064,-5.395427515451272,0.09526803823598717,-0.7707753593501817,-0.8094639235280257
30.700000000000166,799.0664718514096,5164.51108482559,76.06806713751755,276.15278499984333,1.3048063178592308,-0.0060350333598885135,74.59943741592488,0.002800514815891164,4659122.669538936,3393771.2153639398,-5.550199422761861,0.09584815641538569,-0.792885631823123,-0.8083036871692286
30.800000000000168,806.7024403966998,5192.162221519089,76.3596854529018,276.5113669349959,1.3042056305491943,-0.006006873100365366,74.56230294717861,0.0028479462514559017,4657284.010944914,3391932.5567699177,-5.701801181727353,0.09643734182820829,-0.8145430259610503,-0.8071253163435834
30.90000000000017,814.3675588849881,5219.849351342522,76.65118488288222,276.8712982343252,1.3036087011632875,-0.005969293859067701,74.52537255667774,0.002895573773836757,4655444.460205928,3390093.006030932,-5.848363763784459,0.09703609866550833,-0.8354805376834941,-0.8059278026689833
31.00000000000017,822.0618449933967,5247.572602791796,76.94286108408564,277.2325144927466,1.3030168044438035,-0.0059189671948407015,74.48858569667777,0.002945728882822296,4653604.0001334045,3388252.545958408,-5.988137847574489,0.09764366337199126,-0.8554482639392126,-0.8047126732560175
31.100000000000172,829.7853752633042,5275.3320898952825,77.23530269907533,277.59487103486566,1.3024319636781152,-0.005848407656884231,74.45182177512439,0.003002539594185283,4651762.612145025,3386411.157970029,-6.119082500168609,0.09825965537849424,-0.8741546428812298,-0.8034806892430115
31.200000000000173,837.5383811074587,5303.12788563606,77.53005844154528,277.95795740777,1.3018583807852533,-0.005735828928618291,74.41476312873782,0.003075752097101425,4649920.275499065,3384568.8213240686,-6.238272974892748,0.09888364387983017,-0.8911818535561068,-0.8022327122403397
31.300000000000175,845.321139234768,5330.960053444328,77.82758127309258,278.32167808268457,1.3013006254242077,-0.0055775536104559174,74.37732002470757,0.0031715021835503343,4648076.964417228,3382725.5102422307,-6.339262607354413,0.09951506255805986,-0.9056089439077731,-0.8009698748838803
31.400000000000176,853.1338275682051,5358.828688767488,78.12688333437102,278.68635323159276,1.300761279419367,-0.00539346004840337,74.33970014252907,0.003288746986937152,4646232.64769135,3380881.1935163536,-6.414934074971773,0.100153088357815,-0.9164191535673961,-0.79969382328437
31.500000000000178,860.976598447265,5386.733897760385,78.42770879059927,279.052089928972,1.300242041274633,-0.005192381447346242,74.30195925915201,0.003428211519743485,4644387.294449648,3379035.8402746515,-6.463470493749776,0.10079611633261099,-0.9233529276785394,-0.798407767334778
31.60000000000018,868.8495796243149,5414.6757976681165,78.72981177049793,279.4189990773115,1.2997437655316162,-0.004982757430164252,74.26415115320309,0.0035898117094785853,4642540.878311065,3377189.4241360687,-6.486144903965263,0.10144178570712814,-0.9265921291378947,-0.7971164285857437
31.70000000000018,876.7528746739949,5442.654514443724,79.03295049680031,279.78716775607734,1.299266504332056,-0.00477261199560307,74.22632725284402,0.0037727021071303213,4640693.376688381,3375341.922513384,-6.484299403301902,0.102088360651309,-0.9263284861859861,-0.795823278697382
31.800000000000182,884.6865646567704,5470.670182837488,79.3368998277549,280.15668393763497,1.2988095641736777,-0.004569401583781314,74.18853558682954,0.003975350950518708,4638844.7720087785,3373493.3178337812,-6.45973741455136,0.10273376210283125,-0.9228196306501942,-0.7945324757943375
31.900000000000183,892.650710183191,5498.722945475709,79.64145526420572,280.52762638220736,1.2983715821616113,-0.004379820120666769,74.1508195109356,0.0041956386437336235,4636995.050027268,3371643.5958522707,-6.4148489114438325,0.10337733322927756,-0.916406987349119,-0.7932453335414449
32.000000000000185,900.6453539694279,5526.812951687123,79.94643786236892,280.90006211414243,1.2979506179556148,-0.004209642059963736,74.1132166757356,0.004430967720062019,4635144.200831795,3369792.746656798,-6.352499044506799,0.10401813295421336,-0.9074998635009713,-0.7919637340915733
32.100000000000186,908.6705238162942,5554.94035618774,80.25169846866321,281.27404500616285,1.2975442584739245,-0.004063594816903143,74.07575819057311,0.004678382137266458,4633292.218784038,3367940.764609041,-6.275932088063397,0.104655473040971,-0.8965617268661995,-0.790689053918058
32.20000000000019,916.7262358812617,5583.105317695288,80.55712064967426,281.6496150754881,1.297149730730061,-0.003945277438635265,74.03846807918707,0.004934689615524901,4631439.102154188,3366087.6479791906,-6.1886274648580635,0.10528898072139636,-0.8840896378368662,-0.7894220385572073
32.30000000000019,924.8124981170262,5611.307997533339,80.86262235764468,282.02679838050886,1.296764018471927,-0.003857122581341621,74.00136301073103,0.005196582971126684,4629584.852568208,3364233.3983932114,-6.094166082884765,0.10591860463819103,-0.8705951546978236,-0.788162790723618
32.40000000000019,932.9293137534777,5639.548558278039,81.16815636451548,282.4056074470002,1.296383978501891,-0.00380039970035973,73.96445229351752,0.005460756545738743,4627729.474331945,3362378.0201569484,-5.996104217242713,0.10654459913324033,-0.8565863167489589,-0.7869108017335193
32.50000000000019,941.0766847064776,5667.827162492384,81.47370952999908,282.786042143443,1.2960064528648791,-0.003775256370116904,73.92773811227521,0.00572401425357949,4625872.9736912055,3360521.5195162087,-5.897857841059452,0.10716749338326004,-0.8425511201513503,-0.7856650132334799
32.60000000000019,949.2546148067388,5696.143971584114,81.77930100261183,283.1680909173089,1.2956283735013205,-0.0037807936355856134,73.8912159831641,0.005983366292848125,4624015.35808196,3358663.903906963,-5.80260032731752,0.10778804955356103,-0.8289429039025028,-0.784423900892878
32.700000000000195,957.4631127549478,5724.499144814372,82.0849794820896,283.551732302573,1.2952468564552992,-0.0038151704602119524,73.85487539542086,0.0062361121550562615,4622156.635416231,3356805.181241234,-5.713175852838008,0.10840721411709442,-0.8161679789768582,-0.7831855717658112
32.800000000000196,965.7021947244907,5752.892838475627,82.39081969542933,283.9369366125518,1.2948592832829804,-0.0038757317231856757,73.81870060457275,0.006479908189257477,4620296.81343809,3354945.3592630923,-5.632030134105397,0.10902606632679834,-0.8045757334436282,-0.7819478673464033
32.9000000000002,973.9718865501036,5781.32520524961,82.6969182561292,284.3236677398315,1.294463367899043,-0.003959153839377257,73.78267153971639,0.006712818613477722,4618435.899172029,3353084.444997032,-5.561159425857274,0.10964576735638776,-0.7944513465510391,-0.7807084652872245
33.0000000000002,982.2722254587642,5809.796393749099,83.00338908660613,284.7118849948887,1.294057207706672,-0.004061601923707558,73.74676478637359,0.006933349490640284,4616573.898474343,3351222.444299346,-5.502078047345534,0.11026751291446368,-0.7860111496207904,-0.7794649741710726
33.1000000000002,990.603261317479,5838.306548241651,83.31035858714843,285.101544925529,1.2936393184581385,-0.004178892485335263,73.71095460682827,0.007140465780902883,4614710.815688101,3349359.361513104,-5.455804084476078,0.11089249130334045,-0.7794005834965826,-0.7782150173933191
33.2000000000002,998.9650573906124,5866.855808548584,83.61796073133416,285.4926030693223,1.2932086528684936,-0.004306655896448559,73.6752139614882,0.0073335921292299044,4612846.653394777,3347495.1992197805,-5.422862361377781,0.11152184804915422,-0.7746946230539687,-0.7769563039016916
33.3000000000002,1007.3576906164261,5895.444310108589,83.92633225813745,285.8850156000548,1.292764603537385,-0.004440493311086301,73.63951549754219,0.007512598531883574,4610981.412250737,3345629.9580757404,-5.403303292738268,0.11215665746835413,-0.771900470391181,-0.7756866850632917
33.400000000000205,1015.7812514279993,5924.0721841922405,84.23560811573263,286.27874083651415,1.2923069912090752,-0.00457612328309865,73.60383247481501,0.007677772437227004,4609115.090894695,3343763.636719699,-5.396735826554794,0.11279790092612929,-0.7709622609363991,-0.7744041981477414
33.500000000000206,1024.2358431572263,5952.739558251011,84.54591729226881,286.67374058770554,1.2918360398072144,-0.004709514018610381,73.56813960306164,0.007829779166954376,4607247.685912469,3341896.231737473,-5.402372371613695,0.1134464511217037,-0.7717674816590993,-0.7731070977565926
33.60000000000021,1032.7215810717992,5981.44655638233,84.85737914572942,287.06998131318517,1.2913523400106461,-0.00483699796568121,73.53241376978823,0.00796961278902586,4605379.191847244,3340027.737672248,-5.419083378221255,0.11410306151274918,-0.774154768317322,-0.7717938769745016
33.70000000000021,1041.2385911037572,6010.193299890436,85.17010031958071,287.46743508106,1.2908568033845484,-0.00495536626097676,73.49663464284065,0.008098539731652421,4603509.601246487,3338158.1470714915,-5.445459104592134,0.11476835994622459,-0.7779227292274477,-0.7704632801075508
33.80000000000021,1049.787008334198,6038.979907921424,85.4841723044073,287.86608030988043,1.2903506092455492,-0.005061941389992575,73.46078513727086,0.008218037500058006,4601638.904739811,3336287.450564815,-5.479876052339118,0.11544284565985663,-0.7828394360484453,-0.7691143086802867
33.90000000000021,1058.3669753021209,6067.806498149886,85.79966967922931,288.26590228461686,1.2898351465210003,-0.005154627245489354,73.42485174120083,0.008329730848354533,4599767.091144911,3334415.6369699147,-5.520565587520385,0.11612688900620505,-0.7886522267886263,-0.7677462219875899
34.00000000000021,1066.9786402061886,6096.673187494036,86.1166490406768,288.6668934415046,1.2893119528647325,-0.005231936562678048,73.38882470039101,0.008435327673968374,4597894.147600751,3332542.6934257555,-5.565682371403619,0.11682073347818234,-0.7950974816290883,-0.7663585330436353
34.100000000000215,1075.622155066639,6125.580092836229,86.43514860450408,289.06905342192937,1.2887826532200521,-0.005292996446803542,73.35269806584633,0.008536556749757507,4596020.059728129,3330668.605553133,-5.613370398693412,0.11752449983245539,-0.8019100569562018,-0.7649510003350892
34.200000000000216,1084.2976739109124,6154.527331726395,86.75518844273485,289.4723889016572,1.2882488998830484,-0.005337533370037885,73.31646961293667,0.008635109198930957,4594144.811817608,3328793.357642612,-5.661824670583218,0.11823819227680277,-0.8088320957976024,-0.7635236154463945
34.30000000000022,1093.0053510410664,6183.515023047231,87.0767713015401,289.87691320836706,1.2877123159245851,-0.005365839584632155,73.28014064407829,0.008732585360900822,4592268.3870437145,3326916.932868719,-5.709346805174465,0.11896170678446838,-0.8156209721677806,-0.7620765864310632
34.40000000000022,1101.7453394340764,6212.543287621955,87.39988393009948,290.282645747239,1.2871744435879295,-0.005378723366556344,73.24371568994334,0.008830448403787992,4590390.767702436,3325039.3135274407,-5.754393197757429,0.11969484161289401,-0.8220561711082042,-0.760610316774212
34.50000000000022,1110.517789318012,6241.612248748037,87.7244988393577,290.6896112608273,1.2866366990018543,-0.005377445860755185,73.20720212639358,0.008929985723292065,4588511.935466883,3323160.4812918874,-5.795614677150098,0.12043731004037328,-0.8279449538785855,-0.7591253799192534
34.60000000000022,1119.3228469581918,6270.722032643548,88.05057640179696,291.0978389551121,1.2861003342476671,-0.005363647541872158,73.17060972584694,0.009032278839852246,4586631.87165382,3321280.417478825,-5.831886950751826,0.12118875520815031,-0.8331267072502608,-0.7576224895836994
34.70000000000022,1128.1606536780937,6299.87276879635,88.37806719901792,291.50736152802403,1.2855664075043831,-0.005339267432837134,73.13395016258598,0.00913818217781559,4584750.557491979,3319399.103316983,-5.862331478996263,0.12194876679111788,-0.8374759255708948,-0.7561024664177642
34.800000000000225,1137.0313451303812,6329.064590210303,88.7069145228748,291.9182141395278,1.2850357616802242,-0.005306458241589437,73.09723649162689,0.009248310792386638,4582867.974381923,3317516.5202069273,-5.886326758644841,0.12271689904611582,-0.8409038226635487,-0.7545662019077684
34.900000000000226,1145.9350508241694,6358.297633546633,89.03705693788284,292.330433363298,1.284509011631204,-0.00526750049020294,73.06048262023461,0.009363036812016112,4580984.104136965,3315632.6499619703,-5.903510313397237,0.12349268962978943,-0.8433586161996053,-0.7530146207404211
35.00000000000023,1154.871893905898,6387.57203916254,89.3684308172866,292.7440561590754,1.2839865397781494,-0.005224718530545014,73.02370279005308,0.009482494093953742,4579098.929195198,3313747.475020203,-5.9137719798498765,0.12427567846180265,-0.8448245685499823,-0.7514486430763947
35.10000000000023,1163.8419911831154,6416.887951052743,89.70097277217286,293.15911890203324,1.2834684996702852,-0.005180401078642489,72.98691108620277,0.00960659035569611,4577212.43279413,3311860.978619135,-5.9172393285166685,0.12506542585012825,-0.8453199040738097,-0.7498691482997435
35.20000000000023,1172.8454533733066,6446.24551670286,90.03462190191065,293.5756565011677,1.282954826813215,-0.005136728570701776,72.95012098767401,0.009735025850085679,4575324.599101545,3309973.14492655,-5.914256266635589,0.1258615291024734,-0.8448937523765127,-0.7482769417950532
35.30000000000023,1181.8823855537573,6475.644886866181,90.36932180450727,293.9937016332041,1.2824452558868185,-0.00509570926396443,72.91334497102801,0.009867317499930193,4573435.413298739,3308083.9591237437,-5.905356027160728,0.12666363691922422,-0.8436222895943897,-0.7466727261615516
35.40000000000023,1190.9528877834089,6505.08621527741,90.7050222965165,294.4132841122845,1.2819393433272919,-0.005059125595265613,72.87659417695811,0.010002827299645745,4571544.861615078,3306193.407440082,-5.891229854297881,0.12747146099306494,-0.8416042648996973,-0.7450570780138701
35.500000000000234,1200.0570558636725,6534.569658318356,91.04168080263729,294.8344304094623,1.2814364941374208,-0.00502849189870904,72.83987814693097,0.01014079372200949,4569652.931315527,3304301.4771405314,-5.872692750906252,0.12828478441186064,-0.8389561072723216,-0.7434304311762787
35.600000000000236,1209.1949822017175,6564.095374651508,91.37926338044981,295.25716333151604,1.2809359917122722,-0.005005024251486972,72.8032046358358,0.010280364813738396,4567759.610645234,3302408.1564702378,-5.8506476618159455,0.129103466658258,-0.8358068088308492,-0.741793066683484
35.70000000000024,1218.366756730392,6593.663524839943,91.71774528674344,295.6815018843565,1.2804370293245633,-0.0049896238770898915,72.766579517771,0.010420631325191552,4565864.888737217,3300513.4345622202,-5.82604944669186,0.12992744520178068,-0.8322927780988371,-0.7401451095964386
35.80000000000024,1227.5724678678791,6623.274270962513,92.05711137487265,296.1074612256947,1.2799387423859736,-0.0049828693858961865,72.73000672766602,0.01056065999057476,4563968.75549078,3298617.3013157835,-5.799870107730801,0.13075673386968134,-0.8285528725329714,-0.7384865322606373
35.90000000000024,1236.8122035360054,6652.927776221326,92.3973566812625,296.5350525881335,1.2794402411894847,-0.004985011964887714,72.69348816877799,0.010699527884765468,4562071.201428628,3296719.7472536317,-5.773065944301604,0.13159141835244803,-0.8247237063288005,-0.7368171632951039
36.00000000000024,1246.0860521267941,6682.624204578092,92.73848590788695,296.9642835676584,1.2789406418780596,-0.004995993114254545,72.65702383550637,0.010836351248474374,4560172.2175395815,3294820.763364586,-5.746546042818473,0.1324316493153721,-0.8209351489740675,-0.7351367013692558
36.10000000000024,1255.3941034014517,6712.363720425816,93.08051274657632,297.39515847723425,1.2784390949119349,-0.005015469661244943,72.6206119666119,0.010970311281362834,4558271.795114949,3292920.340939954,-5.721144691228734,0.13327763360386546,-0.8173063844612476,-0.7334447327922691
36.200000000000244,1264.7364493007115,6742.146488303136,93.42345899259705,297.82767877320003,1.2779348103295587,-0.005042845823762457,72.58424923811303,0.011100676036300605,4556369.92558663,3291018.4714116342,-5.697599290175066,0.13412962406600837,-0.8139427557392951,-0.7317407518679833
36.300000000000246,1274.1131846475214,6771.972672657278,93.76735346809852,298.2618435414205,1.2774270792197098,-0.005077311098488962,72.54793099106763,0.011226817915946707,4554466.600373115,3289115.14619812,-5.676533195038676,0.13498790858708087,-0.8109333135769536,-0.7300241828258383
36.40000000000025,1283.524407727269,6801.842437659766,94.11223079747626,298.69765002487816,1.2769152909764718,-0.005117882432378669,72.51165148546436,0.011348226496481706,4552561.810738036,3287210.3565630415,-5.658443480980231,0.13585279892544433,-0.8083490687114615,-0.7282944021491113
