episode,reward,steps,updates
1,8.074386488496105,136,0
2,8.330009623332154,139,19
3,7.187745274216173,132,132
4,6.6139151808008965,126,126
5,6.928087465644493,129,129
6,7.28899207833509,133,133
7,6.591414564392385,129,129
8,7.134582135401491,129,129
9,7.016966975806767,129,129
10,6.940195457788971,129,129
11,6.615927963778881,124,124
12,7.2478339661229985,128,128
13,6.844294144410077,128,128
14,6.946806180268611,130,130
15,6.727618729250555,130,130
16,6.699715547403556,130,130
17,6.180171231205691,125,125
18,6.670583099728732,127,127
19,7.181145163416831,126,126
20,7.45738640337488,130,130
21,6.862542767968442,129,129
22,7.417824029709114,129,129
23,7.2966102825607475,129,129
24,6.145659070961366,126,126
25,7.151076652281523,127,127
26,6.689618021629078,126,126
27,6.770362515010433,126,126
28,6.695457763809085,126,126
29,7.4253169718648815,128,128
30,7.558641907359976,130,130
31,6.216041899548738,125,125
32,7.673594025189683,128,128
33,6.4975143306795395,127,127
34,7.223283093366794,130,130
35,6.314528458413362,124,124
36,6.442400314976323,124,124
37,7.182554171156349,129,129
38,6.496325335949755,127,127
39,7.767765751726401,130,130
40,7.580104188139118,131,131
41,6.119491385663346,124,124
42,6.2203058378183504,126,126
43,7.95446857781547,131,131
44,7.096728526560002,126,126
45,7.297337185581792,130,130
46,6.632962927473862,129,129
47,6.455368943040989,123,123
48,6.257785032675782,126,126
49,6.498165432333942,126,126
50,6.277845772096011,124,124
51,5.7458099637446916,121,121
52,6.6425230951889045,123,123
53,6.583829470821283,125,125
54,6.430608631235389,123,123
55,5.728736639997635,121,121
56,6.296967106417956,124,124
57,5.864761615854556,119,119
58,5.202115696268662,116,116
59,6.427705507393659,124,124
60,4.707524899795602,116,116
61,5.109302641935949,117,117
62,5.315538926405039,120,120
63,5.319342079458136,117,117
64,5.373931036525603,114,114
65,5.935617956659342,119,119
66,5.794888352961117,120,120
67,5.674590801891138,116,116
68,5.509755315392674,117,117
69,5.205763505596979,117,117
70,4.64874964578275,115,115
71,5.611342752286645,119,119
72,5.55547660638976,118,118
73,4.67602090872084,117,117
74,4.225333514295314,113,113
75,4.517763803046078,116,116
76,4.871664989741185,116,116
77,6.68737683927695,122,122
78,4.924581462200701,116,116
79,5.022866970730982,114,114
80,5.265739100344537,118,118
81,3.7621556554992326,111,111
82,5.32843811686531,114,114
83,5.1980068701888325,114,114
84,4.12193183243358,113,113
85,5.33876953786581,117,117
86,4.733746538919582,116,116
87,5.352931227212088,115,115
88,6.104074577901397,120,120
89,5.029275633378468,117,117
90,4.853836127700799,115,115
91,4.459783335154254,114,114
92,4.83659332887837,118,118
93,6.2470119508317445,121,121
94,6.527117443901171,124,124
95,5.257808727199459,119,119
96,6.227517603300769,120,120
97,6.715247503220142,122,122
98,4.994990643481561,115,115
99,6.498217335103439,121,121
100,4.643722001420147,115,115
101,3.6964212448223064,111,111
102,4.8678682010673455,114,114
103,5.096648359658809,114,114
104,4.244070751487429,112,112
105,4.078273420585096,112,112
106,4.35781922440926,112,112
107,4.46187578468411,115,115
108,5.342717304142791,120,120
109,5.001201469961363,118,118
110,4.627732077416609,110,110
111,3.8651688293215702,110,110
112,6.3287692580586015,122,122
113,5.101362786146313,116,116
114,4.364643151454068,109,109
115,5.300920984398312,114,114
116,5.325336205297248,115,115
117,5.58752804563928,116,116
118,3.9846292051334684,113,113
119,4.292120856293129,114,114
120,4.8467084990355485,114,114
121,4.636212273566515,111,111
122,3.7208430114195403,109,109
123,3.5578804401819717,106,106
124,4.125669860679328,107,107
125,3.6607300933420293,107,107
126,3.982109500938103,108,108
127,3.3954620436965746,109,109
128,3.3460130203157137,108,108
129,4.204053687154481,108,108
130,3.4102499699729965,107,107
131,3.4311135504868915,107,107
132,3.653413638874853,106,106
133,2.905941828392282,106,106
134,3.2509933388262535,106,106
135,3.808653181221839,106,106
136,3.4736235083885934,106,106
137,3.9817819665546885,106,106
138,3.1383799770802954,107,107
139,3.9365882975344437,107,107
140,4.142676803425591,107,107
141,3.386103218574732,109,109
142,4.552374498506644,114,114
143,4.315387913407597,114,114
144,6.155433096032077,120,120
145,5.247787829623899,116,116
146,3.868748139545011,111,111
147,4.060932734744925,112,112
148,4.2610794070916125,111,111
149,5.324904038084643,120,120
150,5.57978387124161,123,123
151,6.9009341042943735,124,124
152,5.039945866726438,116,116
153,4.970591048956169,113,113
154,5.607893338172999,119,119
155,5.548069973899564,119,119
156,6.073063802847548,120,120
157,4.816325093287203,113,113
158,5.093331390420554,116,116
159,6.309768405765681,123,123
160,5.761580321873088,122,122
161,5.110141232761572,119,119
162,6.04730597905717,120,120
163,6.3228951992661475,123,123
164,5.755203610694755,122,122
165,6.60794235651839,123,123
166,5.948760402516506,123,123
167,6.900089559640913,125,125
168,6.107005512677729,121,121
169,4.7678431098946845,117,117
170,5.791293749287587,123,123
171,6.445548045879673,123,123
172,5.156949686487628,119,119
173,5.161514914086882,119,119
174,5.252646193480638,115,115
175,5.524298792553559,117,117
176,5.031116735850097,118,118
177,4.917817613625597,117,117
178,5.052085679424216,118,118
179,5.18920188828716,117,117
180,5.552278817838719,117,117
181,5.631255249812394,116,116
182,5.620399742437991,116,116
183,5.348288896186291,116,116
184,5.199890014874938,116,116
185,5.610733946865764,116,116
186,5.056873731016491,116,116
187,4.640349411357777,116,116
188,5.401623949072358,116,116
189,5.035467966543809,116,116
190,4.746354545903911,116,116
191,5.17674612343464,115,115
192,4.665295464059195,116,116
193,4.75354553701186,116,116
194,4.868743920544874,116,116
195,4.685123434989871,116,116
196,5.041377675998042,116,116
197,5.194115314820477,116,116
198,4.774004335440404,117,117
199,4.9809696843151725,116,116
200,4.987387755828874,116,116
201,5.163313907972134,116,116
202,4.955801679238691,116,116
203,5.240679243174155,116,116
204,5.168422682411263,116,116
205,4.784576716458359,117,117
206,5.3360758249837765,116,116
207,4.750222133544186,117,117
208,4.8122944276703254,117,117
209,5.105677647378808,117,117
210,5.097678978737847,117,117
211,4.911483301517963,117,117
212,4.831040223496853,117,117
213,5.096720417285037,117,117
214,5.222260139939774,117,117
215,5.489976452914171,117,117
216,5.542281752948227,117,117
217,5.032803344422361,117,117
218,5.384403030251835,116,116
219,5.328934706713415,117,117
220,4.903963784854783,117,117
221,5.110394828945594,117,117
222,5.1312732030614026,116,116
223,4.693863063388255,117,117
224,5.385522987083315,116,116
225,5.03164369474001,116,116
226,4.904667797418366,117,117
227,5.399147785403548,115,115
228,5.184724220184223,116,116
229,4.535978238605253,116,116
230,5.346795183149148,116,116
231,5.315978347167734,116,116
232,4.56300048012214,116,116
233,5.628821731179366,116,116
234,4.697489786601697,116,116
235,4.741815539737056,117,117
236,5.181346873001646,116,116
237,5.316456888823238,116,116
238,5.593831836510967,116,116
239,4.91422135805518,116,116
240,4.990164526130143,116,116
241,5.049153472902317,117,117
242,4.738414878150714,117,117
243,5.325574553136303,116,116
244,5.0497014082005265,116,116
245,4.955214366288362,116,116
246,5.0814339677991445,116,116
247,4.767707133786372,117,117
248,6.696826745191649,129,129
249,9.880406813062583,146,146
250,13.983725598956411,167,167
251,16.573843620594108,186,186
252,120.75194156525828,452,452
253,114.91093517317717,451,451
254,121.17564768551118,445,445
255,16.339484675633027,210,210
256,16.033739910815058,208,208
257,16.41983347932722,201,201
258,16.46328440667532,197,197
259,16.461514475936983,195,195
260,16.62740154675842,200,200
261,17.00858199211347,203,203
262,16.950890419560842,202,202
263,16.984917504037643,207,207
264,103.47237577127237,488,488
265,14.824871542637894,226,226
266,114.56725029944565,492,492
267,113.76523134726112,497,497
268,16.71474922363535,200,200
269,18.213688644575104,202,202
270,17.483905069313455,200,200
271,17.238748867313166,196,196
272,17.234978917469885,196,196
273,17.516999669878427,195,195
274,16.259022779135684,187,187
275,15.446289692675881,183,183
276,16.95242109485152,189,189
277,15.246867266804239,181,181
278,15.343101989182859,180,180
279,15.010362641281255,180,180
280,16.10969692844719,192,192
281,17.357695723885588,199,199
282,16.32328927061641,190,190
283,17.42827929893123,201,201
284,17.587293535615572,204,204
285,17.39245129784955,199,199
286,15.481309984816999,187,187
287,16.852360073856353,200,200
288,16.582947407658068,196,196
289,16.74889625820948,201,201
290,16.45162842309606,197,197
291,107.65080492497415,462,462
292,94.16622250569647,464,464
293,16.278338283611674,205,205
294,15.674335926814424,210,210
295,16.511850109566975,197,197
296,15.474161594208,211,211
297,15.956129301205408,206,206
298,15.835652647971166,195,195
299,16.042282562382514,193,193
300,15.855108233037319,191,191
301,16.22884154650845,211,211
302,16.015955025926452,209,209
303,15.723625817149046,203,203
304,15.978892256518346,204,204
305,15.93139215652461,201,201
306,16.446775091542836,202,202
307,16.51808395962607,200,200
308,16.436288045459154,207,207
309,14.803027493137257,218,218
310,15.707518893975905,206,206
311,15.738230017807782,205,205
312,16.275472239052764,211,211
313,16.561545498837525,204,204
314,16.378155191602232,199,199
315,15.940946872028352,203,203
316,16.56067160857137,207,207
317,16.055505612547027,195,195
318,15.532448553064906,195,195
319,16.199988102940765,194,194
320,17.61314360863624,193,193
321,135.18688375514387,479,479
322,128.66534431857693,484,484
323,115.03041052426963,484,484
324,17.675217270770386,196,196
325,17.09624316762002,200,200
326,17.19884992555215,196,196
327,16.778015090958267,202,202
328,15.876689288308107,195,195
329,96.52615698985068,474,474
330,16.261554209957364,214,214
331,92.92339270568678,474,474
332,99.17643941785128,470,470
333,16.445888598101185,207,207
334,14.726911892245422,221,221
335,16.334320556965388,208,208
336,17.153875549346076,205,205
337,16.161997826340986,217,217
338,16.8863690420682,202,202
339,16.600649468201844,198,198
340,15.984935812448615,214,214
341,18.071822741272594,208,208
342,119.17412651964634,468,468
343,97.1564954391987,468,468
344,112.25191844482741,467,467
345,90.69082775147561,468,468
346,17.449530805772408,214,214
347,16.59028011212104,217,217
348,14.454885552882901,226,226
349,95.49009757031712,460,460
350,97.0413631973578,463,463
351,85.8777477002223,462,462
352,15.795317783109232,222,222
353,98.61285288737591,463,463
354,88.71819043870094,464,464
355,85.2584214423616,465,465
356,108.40301238617745,462,462
357,16.6772379042212,218,218
358,119.56579214226598,460,460
359,16.612755029821013,214,214
360,106.63146919838005,463,463
361,93.93816009195035,464,464
362,123.52106050059822,461,461
363,16.065984145119373,219,219
364,117.19549662183752,465,465
365,114.02225347381979,464,464
366,15.324837810177112,217,217
367,16.5535705140438,221,221
368,16.96751201514529,217,217
369,108.98973509795624,467,467
370,14.81418833776835,225,225
371,91.41915934013447,468,468
372,93.02749056708909,464,464
373,17.31120795465264,209,209
374,97.14768329054802,468,468
375,98.44810199309971,465,465
376,16.513925605873347,206,206
377,84.37736548095975,468,468
378,15.670598610314421,224,224
379,123.91400164926449,461,461
380,16.007184816602226,215,215
381,13.707347023698311,227,227
382,16.107844246236965,211,211
383,119.95819542682722,462,462
384,16.024274647020547,218,218
385,16.24307097576929,218,218
386,99.11017326493219,463,463
387,107.98705015012283,463,463
388,14.787444614176916,176,176
389,16.616785851609116,216,216
390,16.748542633818793,210,210
391,15.650240772869761,221,221
392,96.80947994844416,464,464
393,17.99957638873092,210,210
394,101.82628896366134,466,466
395,16.870588022550518,196,196
396,16.43235140200045,198,198
397,17.069683194403712,211,211
398,17.018056204639198,214,214
399,16.824668595220043,208,208
400,91.45148522699189,466,466
401,111.1268509395901,468,468
402,17.029979889923602,217,217
403,14.772833331652324,226,226
404,17.466829498112162,206,206
405,123.02386704059855,460,460
406,110.13379962441996,466,466
407,86.61045623900358,469,469
408,94.39211261979229,469,469
409,108.66273730426555,464,464
410,116.20597323819472,466,466
411,17.537588829881994,198,198
412,91.57285567034506,465,465
413,17.822291664024903,217,217
414,16.71816397773701,207,207
415,90.78473136354529,468,468
416,105.51308748901891,466,466
417,111.61013395210074,464,464
418,94.52514975087972,469,469
419,101.41924205603225,465,465
420,17.17978047998711,227,227
421,110.68510728632913,467,467
422,94.03744885892341,466,466
423,16.50889423802799,223,223
424,96.60680301374192,469,469
425,94.2912200336935,471,471
426,17.000471556884698,219,219
427,97.81373278877695,468,468
428,95.78739651712428,470,470
429,100.04638135492883,465,465
430,17.35386017023198,222,222
431,17.2809443109012,204,204
432,94.06651182049643,469,469
433,97.7061020596924,467,467
434,86.95992366941188,468,468
435,115.56334737882132,465,465
436,17.877569662965882,214,214
437,99.18424586429609,471,471
438,85.65252235474465,470,470
439,17.373287240362018,209,209
440,128.0661779131698,467,467
441,17.664566821210464,225,225
442,104.03209644250221,470,470
443,119.51668797963777,464,464
444,91.45760302111695,470,470
445,18.083857942810138,225,225
446,17.025608583163454,226,226
447,119.91453459516235,470,470
448,101.1920489212447,475,475
449,18.096517947065223,215,215
450,125.89649903637111,471,471
451,112.9549737639243,475,475
452,18.615129714789457,216,216
453,18.662968564929386,226,226
454,19.169727100075168,225,225
455,18.748541871531902,222,222
456,20.12590803585166,225,225
457,18.614494316086237,214,214
458,102.78834980415819,473,473
459,106.48469073014543,473,473
460,18.63838071545981,215,215
461,104.04463351918328,475,475
462,18.26629314894424,215,215
463,96.45854626088622,474,474
464,18.06406068447807,221,221
465,118.96546073839461,475,475
466,106.23246353066205,476,476
467,18.39957920724833,222,222
468,100.21820916207909,472,472
469,18.877783555809064,218,218
470,18.220420957464203,220,220
471,17.738904561586857,220,220
472,17.14945869004949,208,208
473,18.263932538761832,213,213
474,18.004315560573698,211,211
475,18.081310407253408,213,213
476,100.51493812351409,474,474
477,17.96730313099807,227,227
478,17.667678353272045,204,204
479,102.78298602501746,475,475
480,17.970800452657294,218,218
481,17.32986367115918,215,215
482,18.550916200982826,214,214
483,16.66053027719983,193,193
484,18.433780996865355,215,215
485,18.377854037304175,221,221
486,97.36809274368042,474,474
487,17.889167702285278,211,211
488,17.70927593505418,216,216
489,17.637107351194725,201,201
490,17.051598178483466,226,226
491,18.8405441530968,214,214
492,18.586328107595772,214,214
493,17.7629635184039,218,218
494,18.217037973068944,210,210
495,19.025705786345476,222,222
496,17.62832407220571,212,212
497,91.2177903764159,475,475
498,16.91118032299868,197,197
499,18.51590719868665,212,212
500,18.13741755079669,210,210
501,117.7052203669544,478,478
502,17.67760443866079,208,208
503,101.89548827242511,477,477
504,17.171553998173742,206,206
505,17.637666040538164,218,218
506,17.555616758109668,210,210
507,17.379960125946905,222,222
508,16.973952403872712,210,210
509,17.17731577398763,212,212
510,16.96421788948543,207,207
511,18.898493890413018,215,215
512,17.08727962662077,210,210
513,17.94242142835438,215,215
514,18.151331639774323,207,207
515,18.205911104955348,218,218
516,16.663000157069153,204,204
517,17.89554786995111,219,219
518,19.14420186742883,213,213
519,18.220298106896998,216,216
520,128.8425535299848,482,482
521,18.509376035674535,208,208
522,18.42550702257817,219,219
523,16.69829237213748,201,201
524,16.14307070833939,226,226
525,96.8902389720617,477,477
526,19.051652821016926,222,222
527,18.719581753327375,219,219
528,17.996982156441582,212,212
529,17.459230130067596,206,206
530,18.26940152451898,205,205
531,17.255166931858465,222,222
532,92.58401040721716,478,478
533,17.58195055307173,219,219
534,19.055866596646958,214,214
535,16.796907049434285,206,206
536,16.252596118272805,199,199
537,91.37577242298832,479,479
538,19.22382112949485,214,214
539,18.55860296554538,213,213
540,19.39472865170261,223,223
541,19.139080342618115,215,215
542,18.18758530157325,213,213
543,20.846006017882647,217,217
544,19.52190464463211,212,212
545,19.40242223403862,214,214
546,18.4594712552189,224,224
547,19.33052655140247,212,212
548,18.076606180149053,210,210
549,19.791497949701267,214,214
550,18.60492947153966,207,207
551,20.475162950669763,213,213
552,95.30963645473494,481,481
553,20.20467659039636,213,213
554,21.019479419064208,218,218
555,19.549307498538777,210,210
556,19.344442467193424,209,209
557,18.820038340200895,222,222
558,21.2942730011646,214,214
559,19.929697455638614,212,212
560,18.79397126731952,207,207
561,19.65747654824758,221,221
562,19.70185880359901,210,210
563,17.119458922265196,198,198
564,20.50497173914794,218,218
565,21.21713624103264,218,218
566,18.302981348421643,204,204
567,21.355119558408102,215,215
568,19.487972991287645,214,214
569,19.83269658896511,222,222
570,19.796968026707766,207,207
571,17.805683217694874,202,202
572,20.18395007485873,213,213
573,19.887131433508337,218,218
574,20.089990320852365,207,207
575,19.505593913783144,206,206
576,20.281139645891724,206,206
577,18.380808928658475,204,204
578,19.21888602571163,208,208
579,16.11184630355636,192,192
580,17.601163304621263,203,203
581,17.98095279449572,203,203
582,20.00224966690781,211,211
583,20.38941591233015,208,208
584,17.64816952778867,200,200
585,17.295714986066116,195,195
586,17.019758430029388,193,193
587,17.370281309886142,195,195
588,17.560157833795586,213,213
589,18.141272385791694,202,202
590,17.49229581529766,214,214
591,18.93154993287521,211,211
592,16.798016683046235,195,195
593,18.360590912519857,207,207
594,18.07221062787671,213,213
595,17.481367613956575,199,199
596,18.06491510591417,206,206
597,16.00307214357802,191,191
598,16.231195819926285,219,219
599,17.919410073849328,204,204
600,17.77763971350361,202,202
601,17.382290955218853,210,210
602,17.714725557639046,209,209
603,19.17451061745373,206,206
604,94.28461531714419,479,479
605,17.948432850291837,202,202
606,16.774387220823744,195,195
607,16.34912992725667,190,190
608,16.99268859109216,194,194
609,18.6770231012742,211,211
610,17.936673477835743,212,212
611,16.38602274519681,198,198
612,17.74688262337042,212,212
613,17.390631222017813,203,203
614,18.913087698469436,206,206
615,16.294292998721208,218,218
616,15.984010077004003,188,188
617,17.734467647691794,209,209
618,17.01884615945937,201,201
619,16.734766714323335,196,196
620,16.760675390573546,208,208
621,16.514638625374825,216,216
622,16.573945186394887,194,194
623,15.27368346649577,183,183
624,16.118192394173043,197,197
625,16.324315306490405,216,216
626,15.81398092561239,194,194
627,17.437390924664907,204,204
628,17.027828925938607,203,203
629,17.35240544678871,212,212
630,15.618451490409502,195,195
631,16.585053407225868,198,198
632,16.20948102642752,191,191
633,16.547656982321275,215,215
634,16.711171917196594,210,210
635,16.542424234358748,196,196
636,97.41484691139966,474,474
637,15.763253092211496,192,192
638,15.367114053265755,188,188
639,16.66029702863615,202,202
640,16.73786398367439,210,210
641,15.088969158669304,181,181
642,17.024578105292964,204,204
643,16.608328857235623,203,203
644,15.549256169541321,191,191
645,14.146712894699348,177,177
646,15.942129333799885,190,190
647,16.6180678882881,196,196
648,15.241242304031644,188,188
649,16.833187909724966,197,197
650,16.94628726455491,202,202
651,17.239093192182725,202,202
652,16.65764819066488,203,203
653,16.748543692383553,193,193
654,16.199178307022212,192,192
655,17.748529540943974,210,210
656,16.727292462018593,201,201
657,17.025237536348016,203,203
658,16.71235352978327,207,207
659,14.666094346101664,183,183
660,15.704550858620491,190,190
661,15.639925209725398,193,193
662,16.084554987916327,197,197
663,17.20633590404035,201,201
664,15.789068817548195,193,193
665,16.37786672335843,197,197
666,16.128839179999588,196,196
667,16.855958381002118,208,208
668,16.706698375638748,211,211
669,16.970415564975834,204,204
670,16.30634654483912,191,191
671,16.408548699954824,202,202
672,15.862003696183578,192,192
673,16.295523638061958,191,191
674,99.70492451661558,477,477
675,16.989171320915208,201,201
676,16.251954373609347,191,191
677,16.04124818862383,215,215
678,15.672199632632662,186,186
679,17.470874887424163,205,205
680,16.259437292001653,200,200
681,16.52449939989615,195,195
682,16.585339514755805,202,202
683,16.744183875254887,196,196
684,15.187370128587002,185,185
685,15.788107451930145,190,190
686,15.809039969393282,194,194
687,15.891535905607114,190,190
688,16.792982986460096,200,200
689,16.857803188414277,204,204
690,16.39522481816148,203,203
691,16.365520339448004,189,189
692,16.105824301341826,189,189
693,16.657842663128953,200,200
694,15.978657945182682,188,188
695,17.100355837185433,210,210
696,16.737440639745316,200,200
697,14.938293398385477,187,187
698,16.068788040925874,195,195
699,16.5731923690807,192,192
700,15.047477248939009,222,222
701,16.61418632908553,200,200
702,15.364005856078052,189,189
703,16.526178799372026,194,194
704,16.523554685032096,198,198
705,16.36097260949299,200,200
706,16.497869503277908,197,197
707,15.989219179598969,204,204
708,16.85432551913855,202,202
709,16.491460732481457,192,192
710,16.088374058352382,208,208
711,16.567454263357952,210,210
712,14.950792343326654,182,182
713,16.342619960256613,196,196
714,15.206016660128684,184,184
715,16.25576346539319,191,191
716,16.25374271478981,188,188
717,16.494421291060192,197,197
718,15.781261429736649,192,192
719,16.146128828290742,202,202
720,16.289082491360098,194,194
721,16.040620756423664,194,194
722,15.7804814029201,190,190
723,15.76358958538081,196,196
724,16.907243398514886,199,199
725,14.689952710532964,183,183
726,14.89927197364583,181,181
727,16.602105474316893,202,202
728,15.800074970210586,192,192
729,15.902475092427592,195,195
730,17.18759699910542,207,207
731,16.4340568043868,197,197
732,16.50953117855058,200,200
733,14.962989558409735,187,187
734,17.145467483892556,202,202
735,15.699598265495684,193,193
736,17.04365671762356,202,202
737,15.967832495391114,189,189
738,16.176588024701708,193,193
739,16.149694656480754,199,199
740,16.447627782345254,195,195
741,14.144247578097303,223,223
742,15.4472218251155,191,191
743,17.308504097226173,197,197
744,15.830556797868352,192,192
745,17.157820495561644,197,197
746,16.134519636836337,190,190
747,16.059720645996887,191,191
748,14.562371507463244,184,184
749,16.315601274448497,210,210
750,15.991662526562008,201,201
751,16.850576582580622,202,202
752,16.933832615303743,202,202
753,16.268139883631136,194,194
754,14.72651371260777,186,186
755,16.428538029738174,198,198
756,16.491315355368435,195,195
757,16.221617478311153,195,195
758,16.366440835796805,206,206
759,15.017630558787591,185,185
760,16.68638672616304,201,201
761,14.92429759066917,184,184
762,15.932812435827104,199,199
763,16.58100574980985,198,198
764,16.05221488602272,190,190
765,16.740525930936222,197,197
766,16.579603093904907,200,200
767,16.13721032887459,199,199
768,16.217793836267845,197,197
769,17.447100662376,200,200
770,16.627180371528592,210,210
771,14.430392349364572,183,183
772,16.33518184558973,191,191
773,17.420152340618863,198,198
774,16.59148669502696,201,201
775,16.678595967353505,218,218
776,16.656446229672813,198,198
777,15.707668997740875,187,187
778,17.076973389982918,212,212
779,16.436727263654898,203,203
780,16.573262448835663,195,195
781,16.356424253404143,203,203
782,17.002825941689117,201,201
783,17.254789360567766,211,211
784,15.677271019722019,195,195
785,16.171729554572398,199,199
786,16.971959983607604,194,194
787,15.45161283373709,192,192
788,16.52231559911871,213,213
789,16.865702498183616,205,205
790,16.22459047593256,194,194
791,16.681978911400286,193,193
792,17.19262225071724,205,205
793,16.19984338149196,199,199
794,17.011221707888552,201,201
795,15.82718815883955,192,192
796,15.583832214386852,189,189
797,17.05398741979635,202,202
798,14.87935664717439,187,187
799,16.774766050992042,206,206
800,16.95274905440512,208,208
801,16.60260191218123,214,214
802,17.59338313683208,205,205
803,16.25735074527567,194,194
804,15.682989789529485,187,187
805,16.477394130924246,195,195
806,15.601210810631834,195,195
807,17.46063676291132,196,196
808,16.41530644044441,212,212
809,17.069588265355467,200,200
810,16.303751080189045,210,210
811,16.60782579749201,195,195
812,16.130875501925868,194,194
813,16.84980461177431,198,198
814,15.277289013592654,219,219
815,17.171535079653815,198,198
816,16.48477194047995,201,201
817,17.377876286992304,203,203
818,15.799991655208622,190,190
819,16.867896227918393,205,205
820,15.881822167359056,194,194
821,16.678691218046,194,194
822,16.937074145965376,203,203
823,15.480802597783175,188,188
824,17.4035342711838,203,203
825,17.31581163000727,203,203
826,17.905931249834023,209,209
827,15.76055576127783,190,190
828,16.143440432621237,197,197
829,17.725155940611952,210,210
830,17.647866448456362,207,207
831,16.854842417062592,213,213
832,17.557780382280395,198,198
833,17.044919099884172,200,200
834,16.94306954361773,205,205
835,16.81501384229895,196,196
836,16.062814240324137,196,196
837,16.677381247760465,214,214
838,16.984837609076123,207,207
839,16.254360688973428,193,193
840,15.60950022984974,190,190
841,17.308618525869544,206,206
842,16.08413821800688,194,194
843,18.417327495174543,206,206
844,16.705864253826505,205,205
845,17.860439889351994,205,205
846,17.0410890357941,212,212
847,17.56511692438415,208,208
848,16.848868276277965,209,209
849,17.384859171478553,198,198
850,18.23149109928377,205,205
851,17.304589789618106,199,199
852,16.062809096460754,190,190
853,16.050735442003482,193,193
854,15.978952651960432,190,190
855,17.296771257639616,200,200
856,17.316603132222454,202,202
857,17.23561247495369,197,197
858,17.63763402531299,199,199
859,17.168168888781267,212,212
860,18.11881577817688,215,215
861,18.026862917837185,216,216
862,16.29001749863423,197,197
863,16.91740360566437,195,195
864,17.506626737583986,206,206
865,16.738617939563774,193,193
866,17.00662985591998,199,199
867,16.298012218714863,194,194
868,15.807246530455755,188,188
869,15.061313745252884,186,186
870,16.572786132437482,198,198
871,16.88820655216044,197,197
872,17.15898601307051,205,205
873,16.993947865859177,202,202
874,17.68762537441973,206,206
875,17.489189471728302,199,199
876,17.884499379752896,205,205
877,16.943195124765978,198,198
878,18.295764791977604,213,213
879,17.29369075146629,203,203
880,17.599315814599343,202,202
881,17.282700985306313,202,202
882,17.853512952289442,206,206
883,16.66085402619688,194,194
884,16.83906247146884,199,199
885,18.41102405071927,208,208
886,17.58510412618586,202,202
887,16.976948313114704,197,197
888,17.650927857798365,200,200
889,17.871537540875483,207,207
890,18.29874723992377,208,208
891,16.55956391629087,193,193
892,16.79497903592091,198,198
893,16.287590238945032,194,194
894,15.846068491138128,189,189
895,17.919521159475394,204,204
896,16.49543682358991,192,192
897,17.49093303782695,200,200
898,17.37357010277724,200,200
899,18.06175919821328,209,209
900,17.16405196871783,195,195
901,17.37940347779017,195,195
902,16.181498471494294,188,188
903,16.922848462550732,207,207
904,17.489802556681393,202,202
905,15.833261579018906,192,192
906,17.335220019084456,196,196
907,15.913915982484623,191,191
908,17.119957590049466,197,197
909,16.4833859845574,191,191
910,17.245646465124434,196,196
911,16.70110523846961,194,194
912,16.1913973326067,193,193
913,16.72477458014158,191,191
914,16.70570850570846,192,192
915,16.934878918070975,199,199
916,17.193196182780266,200,200
917,16.232265934021523,191,191
918,18.051282286646554,214,214
919,17.383330028288366,201,201
920,16.75196594673626,197,197
921,17.355164421005583,192,192
922,18.254023219970314,214,214
923,16.99392332557583,192,192
924,17.622242266858535,205,205
925,17.308870048049968,205,205
926,17.65948627947886,207,207
927,16.313932810129856,192,192
928,16.982151473060945,200,200
929,17.114646180279173,201,201
930,17.71154213916668,212,212
931,17.68006950903444,197,197
932,17.618176982082023,207,207
933,16.863686985983254,199,199
934,17.231059839623605,207,207
935,17.332476550610554,207,207
936,17.5940207758734,203,203
937,16.89471753257723,205,205
938,17.440790125280046,198,198
939,16.013036810518795,193,193
940,16.21664419485664,192,192
941,16.061657402488734,185,185
942,16.64348519040391,201,201
943,16.64668973640109,191,191
944,17.37039836121857,201,201
945,17.738887565345294,211,211
946,17.847943231014806,202,202
947,16.962739929796783,202,202
948,17.78023630914747,202,202
949,16.97913123670734,194,194
950,16.040939751065267,193,193
951,16.519430727236166,192,192
952,17.438407780728014,211,211
953,16.30797057384005,195,195
954,17.069780065816726,220,220
955,18.174675772066486,207,207
956,17.51088202416994,209,209
957,17.7749608856109,209,209
958,17.31367533711028,201,201
959,15.716049437278095,186,186
960,16.803914588315152,202,202
961,15.355073964530582,191,191
962,16.43720859866645,200,200
963,16.41820157612113,195,195
964,16.847125849843682,202,202
965,16.50921596411753,201,201
966,16.458194665264404,195,195
967,16.32713009495191,197,197
968,16.23481675015561,195,195
969,16.88550349672992,197,197
970,17.32579917015041,202,202
971,17.76955907507658,208,208
972,16.973697447266623,198,198
973,15.447734588936676,188,188
974,15.915038186147374,191,191
975,16.565352815779733,195,195
976,16.64481019595461,193,193
977,16.86144699401415,208,208
978,18.481535832226104,206,206
979,16.311450619425848,192,192
980,16.399232080917315,198,198
981,17.802259872596277,204,204
982,17.382931933167242,200,200
983,16.7129376925537,206,206
984,16.77516695717644,194,194
985,16.873362353963316,190,190
986,17.669261312869754,203,203
987,16.912238276270667,194,194
988,108.62366410203013,472,472
989,17.387904366473986,200,200
990,18.54829618115991,212,212
991,16.608033537167753,199,199
992,16.205147183206847,205,205
993,16.294801289542484,192,192
994,16.11419866511831,192,192
995,17.019750761517116,198,198
996,17.06368380294351,216,216
997,15.895203742881675,196,196
998,16.84072111624659,213,213
999,17.345246452659207,196,196
1000,16.853599053154795,208,208
1001,17.033760004624853,194,194
1002,15.959706586320129,187,187
1003,15.966995187322151,196,196
1004,18.070837824755962,207,207
1005,16.39752236868848,191,191
1006,16.41626079476797,196,196
1007,16.841027274370767,196,196
1008,16.38935491738448,190,190
1009,16.651268895429002,218,218
1010,18.460360150566288,209,209
1011,16.605011143217098,194,194
1012,16.59227063642415,216,216
1013,16.573894296201047,198,198
1014,16.583184430952677,192,192
1015,18.456533690837265,209,209
1016,16.75912060528522,205,205
1017,16.831898053918984,193,193
1018,16.83081784615466,198,198
1019,17.229856960613564,203,203
1020,17.094241984226315,200,200
