time[s],x[m],y[m],vx[m/s],vy[m/s],theta[rad],theta_dot[rad/s],alpha[rad],gamma[rad],mass[kg],non_nominal_throttle,gimbalanglecommand[deg],gimbalangle[deg],u0,u1
356.2000000000125,11488.746861084594,47510.93344540279,-149.40246082155423,-1192.393068690532,1.3960725725648924,-0.0017077111574504782,-3.191669664902647,4.587742237467539,1559584.9655148748,1.0,-4.0,-0.4,-1.0,1.0
356.3000000000125,11473.91141098678,47392.17858146993,-148.35450097812893,-1187.5486393285648,1.3959183078296573,-0.0015426473523537053,-3.192189535448226,4.588107843277884,1557026.6607401136,1.0,-0.6550022219450112,-0.4255002221945011,-0.1637505554862528,1.0
356.40000000001254,11459.182831809643,47273.90875479645,-147.28579177136936,-1182.6982667348016,1.3957944064441268,-0.0012390138553051062,-3.1926987313408706,4.588493137784997,1554468.398044017,1.0,-4.0,-0.782950199975051,-1.0,1.0
356.50000000001256,11444.56300408212,47156.12458883727,-146.19827727522866,-1177.8416595917968,1.3957133356140394,-0.000810708300874779,-3.193183383883877,4.588896719497916,1551910.194501899,1.0,-4.0,-1.104655179977546,-1.0,1.0
356.6000000000126,11430.05362441674,47038.82673731854,-145.09379665380493,-1172.978515187342,1.3956863117430898,-0.0002702387094950284,-3.193630939436881,4.5893172511799705,1549352.0614373453,1.0,-4.0,-1.3941896619797913,-1.0,1.0
356.7000000000126,11415.656214890936,46922.015884975895,-143.97409525804412,-1168.1085234264372,1.3957234256029298,0.00037113859840112636,-3.194030026614194,4.589753452217124,1546794.005765795,1.0,-4.0,-1.6547706957818122,-1.0,1.0
356.80000000001263,11401.372131431586,46805.692747996756,-142.84083459350543,-1163.2313697913658,1.3958337550483908,0.0011032944546063889,-3.194370336588806,4.590204091637196,1544236.0310577955,1.0,-4.0,-1.8892936262036313,-1.0,1.0
356.90000000001265,11387.202571300495,46689.85807421935,-141.69560131091959,-1158.3467377740267,1.3960254664902625,0.0019171144187195156,-3.1946425152346287,4.590667981724892,1541678.1383776793,1.0,-4.0,-2.100364263583268,-1.0,1.0
357.0000000000127,11373.148579770848,46574.51264314272,-140.53991529646814,-1153.454310766296,1.3963059062301308,0.0028043973986830563,-3.19483806595249,4.591143972182621,1539120.3269425777,1.0,-4.0,-2.2903278372249414,-1.0,1.0
357.1000000000127,11359.211056075716,46459.65726579031,-139.3752369513195,-1148.553773524091,1.3966816826587325,0.0037577642860156975,-3.194949262129865,4.591630944788599,1536562.5946379334,1.0,-4.0,-2.461295053502447,-1.0,1.0
357.2000000000127,11345.390758701527,46345.2927844605,-138.20297374187723,-1143.6448132981006,1.3971587402241914,0.004770575654592134,-3.1949690682824494,4.592127808506642,1534004.938418605,1.0,-4.0,-2.6151655481522025,-1.0,1.0
357.30000000001274,11331.68829670686,46231.42007540666,-137.02461994667618,-1138.7270905383416,1.3977423246436382,0.0058358441944667255,-3.1948910513515867,4.5926333759952245,1531447.353214455,1.0,-3.9738055931631826,-2.7510295526533004,-0.9934513982907957,1.0
357.40000000001277,11318.103979602354,46118.040083472006,-135.8431710450482,-1133.7999193465419,1.3984358764339566,0.006935517903182838,-3.1947092219029907,4.593145098336947,1528889.8166129764,1.0,-3.643451643220237,-2.840271761709994,-0.9108629108050592,1.0
357.5000000000128,11304.63782380564,46005.15382136557,-134.6615579671323,-1128.8626210643172,1.3992411059900147,0.008052295560580047,-3.194419333542594,4.593660439532608,1526332.304846595,1.0,-3.2856300127504903,-2.884807586814044,-0.8214075031876226,1.0
357.6000000000128,11291.289561890775,45892.76236756995,-133.48261914864688,-1123.9145379562285,1.400158082676551,0.009169766865362701,-3.194018819862434,4.594176902538986,1523774.794268258,1.0,-2.905940170447243,-2.8869208451773645,-0.7264850426118108,1.0
357.70000000001284,11278.058654318189,45780.86686304546,-132.3090757258627,-1118.9550452448736,1.401185335639525,0.010272529629740028,-3.1935067173886966,4.594692053028221,1521217.2626169566,1.0,-2.5097550209884534,-2.8492042627584735,-0.6274387552471132,1.0
357.80000000001286,11264.944303400433,45669.46850690365,-131.14350917755482,-1113.983561418111,1.4023199646050526,0.011346289655277694,-3.1928835768065578,4.59520354141161,1518659.6900523864,1.0,-2.102301275470715,-2.774513964029698,-0.5255753188676787,1.0
357.9000000000129,11251.945469256221,45558.56855123911,-129.98834144211085,-1108.9995566454068,1.4035577589551376,0.012377943500847496,-3.192151364086319,4.595709123041456,1516102.059943536,1.0,-1.6886158773149331,-2.665924155358222,-0.4221539693287333,1.0
358.0000000000129,11239.060887503223,45448.16829531728,-128.84581752997983,-1104.0025592182565,1.4048933234022472,0.013355644471096237,-3.1913133531156457,4.596206676517893,1513544.359407966,1.0,-1.2735075438329524,-2.5266824942056947,-0.3183768859582381,1.0
358.1000000000129,11226.289088438723,45338.26907931702,-127.71799064498927,-1098.9921600025698,1.4063202086276045,0.014268852253573303,-3.1903740114113046,4.596694220038909,1510986.5796091645,1.0,-0.8615232471363807,-2.3601665694987632,-0.21538081178409518,1.0
358.20000000001295,11213.628417456577,45228.87227782134,-126.60670982145491,-1093.9680149567691,1.4078310452994518,0.015108366718473066,-3.189338880442597,4.597169925742049,1508428.7158284232,1.0,-0.45691937452954123,-2.1698418500018413,-0.11422984363238531,1.0
358.300000000013,11201.077056448963,45119.97929323867,-125.51361007614948,-1088.929845826687,1.4094176799466887,0.015866346472367586,-3.188214452049801,4.597632131996489,1505870.7673349776,1.0,-0.06363731517297659,-1.9592213965189549,-0.015909328793244148,1.0
358.400000000013,11188.633045942546,45011.591549321056,-124.44010506416087,-1083.8774391761087,1.4110713112297353,0.01653631283046616,-3.187008042385571,4.598079353615306,1503312.7370836497,1.0,0.31471675383088316,-1.731827581483971,0.07867918845772079,1.0
358.500000000013,11176.294307721051,44903.710484926116,-123.38738221494297,-1078.8106439494088,1.4127826252240814,0.017113139943461673,-3.1857276647461554,4.598510289970237,1500754.6312729209,1.0,0.6748880722302605,-1.491156016112548,0.16872201805756512,1.0
358.60000000001304,11164.058667690118,44796.33754814712,-122.35640030932774,-1073.7293677899152,1.4145419284126879,0.017593031886064703,-3.1843819025928717,4.59892383100556,1498196.4587983247,1.0,1.0139856433487724,-1.240641850166416,0.2534964108371931,1.0
358.70000000001306,11151.923878746102,44689.47419091167,-121.34788944016596,-1068.633572354531,1.41633927717116,0.017973487584720928,-3.1829797839925775,4.5993190611637385,1495638.2306364174,1.0,1.3294908387533044,-0.9836285812744441,0.3323727096883261,1.0
358.8000000000131,11139.88764341819,44583.121864124456,-120.36235327912668,-1063.5232678721347,1.4181646026242127,0.018253254530527636,-3.181530658628885,4.599695261253098,1493079.9591935105,1.0,1.6192623508246708,-0.7233394880645325,0.4048155877061677,1.0
358.9000000000131,11127.947636063112,44477.28201340535,-119.40007355075988,-1058.398507191072,1.4200078298530157,0.018432272288028254,-3.1800440784535593,4.6000519083065745,1490521.6576510575,1.0,1.881537569050914,-0.46285178235298785,0.4703843922627285,1.0
359.00000000001313,11116.101524403803,44371.95607545029,-118.46111659309454,-1053.2593795505595,1.4218589905399082,0.01851160686892822,-3.1785296829599523,4.600388673499861,1487963.3393362719,1.0,2.1149304557492425,-0.20507355854276482,0.5287326139373106,1.0
359.10000000001315,11104.34699021753,44267.145475020974,-117.54534186273669,-1048.1060042931854,1.4237083282488372,0.01849337708928785,-3.176997089967715,4.600705418216553,1485405.0171424637,1.0,2.3184260098190026,0.0472763982934119,0.5796065024547505,1.0
359.2000000000132,11092.681748995274,44162.85162254975,-116.6524122225583,-1042.9385247121934,1.425546395655536,0.018380674066989153,-3.1754557927107903,4.601002188366326,1482846.703018948,1.0,2.4913714324383402,0.29168590170790476,0.622842858109585,1.0
359.3000000000132,11081.103568412029,44059.07591232982,-115.78180583244436,-1037.757102199286,1.4273641431596586,0.018177475041224793,-3.173915063919598,4.601279207079257,1480288.4075454357,1.0,2.6334641430056083,0.525863725837675,0.6583660357514021,1.0
359.4000000000132,11069.61028546714,43955.81972124705,-114.93282944887213,-1032.561910827731,1.429152998430253,0.017888552705942758,-3.172383867484135,4.601536865914388,1477730.1396007861,1.0,2.744736834517938,0.7477510367057013,0.6861842086294845,1.0
359.50000000001324,11058.199822174358,43853.08440799974,-114.10463292783362,-1027.3531324730575,1.4309049365546331,0.01751938124380116,-3.170870778178656,4.601775714733289,1475171.906131087,1.0,2.825539800729993,0.9555299131081305,0.7063849501824983,1.0
359.60000000001327,11046.87019970255,43750.87131274564,-113.29622471809063,-1022.1309525409745,1.432612540577247,0.01707604022614066,-3.1693839098218906,4.601996450399137,1472613.7120174172,1.0,2.8765208096760775,1.1476290027649252,0.7191302024190194,1.0
359.7000000000133,11035.61955088974,43649.18175711158,-112.5064881280836,-1016.8955563406283,1.4342690523280825,0.01656511750835553,-3.1679308521405902,4.602199904468673,1470055.560039491,1.0,2.898602835739177,1.3227263860623504,0.7246507089347942,1.0
359.8000000000133,11024.446131074747,43548.017044500375,-111.7341981499359,-1011.6471261120455,1.4358684135480846,0.015993612200020386,-3.1665186165002526,4.602387030048337,1467497.4509278012,1.0,2.8929599932139873,1.479749746777514,0.7232399983034968,1.0
359.90000000001334,11013.34832721198,43447.37846063132,-110.9780386276755,-1006.3858386905238,1.4374052974207752,0.015368838726904251,-3.1651535905660557,4.602558887986831,1464939.383493961,1.0,2.860992035347626,1.6178739756345253,0.7152480088369065,1.0
360.00000000001336,11002.32466525561,43347.26727425447,-110.23661956368967,-1001.1118637685435,1.438875130713734,0.014698332929593487,-3.163841501861027,4.6027166325747615,1462381.3548267423,1.0,2.804297794322647,1.7365163575033375,0.7010744485806617,1.0
360.1000000000134,10991.3738158189,43247.68473798467,-109.5084943670936,-995.8253626979405,1.4402741068200442,0.013989761063099408,-3.162587390097979,4.602861496918023,1459823.3605398438,1.0,2.7246479377431982,1.8353295155273237,0.6811619844357996,1.0
360.2000000000134,10980.49439816323,43148.63037469781,-108.79417655670703,-990.5436328686495,1.4415993645818228,0.013252577617786275,-3.1613952972496917,4.602994661831515,1457272.396469015,0.9970410841426215,2.63116394216351,1.9149129581909425,0.6577909855408774,0.994082168285243
360.3000000000134,10969.684923750578,43050.10141466396,-108.09474412651892,-985.2896003385297,1.4428490363707998,0.012496717889768093,-3.1602683410815744,4.603117377452374,1454737.7036513456,0.9901740482310317,2.5282718140319753,1.9762488437750458,0.6320679535079938,0.9803480964620634
360.40000000001345,10958.944063162127,42952.09510364919,-107.4086058845024,-980.0631101476549,1.4440219668686414,0.011729304978416656,-3.1592090847083014,4.603231051576943,1452219.0705873503,0.9833936017249651,2.408463338667865,2.0194702932643276,0.6021158346669662,0.9667872034499303
360.5000000000135,10948.270642927724,42854.60870026088,-106.73420234403632,-974.86403388312,1.4451176900401268,0.01095723171485723,-3.1582194048693877,4.603337094909516,1449716.302284631,0.9766926739956944,2.273111435697753,2.04483440750767,0.5682778589244383,0.9533853479913887
360.6000000000135,10937.663641456915,42757.639476749915,-106.07001470808902,-969.692235109581,1.4461363999093906,0.010187098692639722,-3.1573005077641607,4.603436907673552,1447229.2061826056,0.9700702528900406,2.1241729709255885,2.0527682638494618,0.5310432427313971,0.9401405057800811
360.7000000000135,10927.122183790476,42661.18471975971,-105.41457666439237,-964.5475699020573,1.4470789162323485,0.009425163229575217,-3.1564529506419428,4.603531866874292,1444757.5923706437,0.9635253340390876,1.9636427103475618,2.043855708499272,0.4909106775868904,0.9270506680781752
360.80000000001354,10916.64553528916,42565.24173102415,-104.76648501315877,-959.4298873556169,1.4479466456965182,0.008677294641698764,-3.155676668668394,4.603623314364913,1442301.2737563825,0.957056929402669,1.7935455626967547,2.01882469391902,0.4483863906741887,0.9141138588053379
360.90000000001356,10906.233094380039,42469.80782801668,-104.12440909121915,-954.339030074687,1.4487415392864522,0.007948935899340552,-3.1549710065054373,4.60371254579189,1439860.0662007353,0.9506640666471454,1.615915373004569,1.9785337618275751,0.40397884325114225,0.9013281332942908
361.0000000000136,10895.88438448348,42374.88034455647,-103.48709896560092,-949.274834602106,1.4494660464528881,0.007245071664361119,-3.1543347540300766,4.603800800482964,1437433.788616138,0.9443457885547794,1.432774630031355,1.9239578486479534,0.35819365750783877,0.8886915771095587
361.1000000000136,10885.5990452451,42280.456631380555,-102.85339238377735,-944.2371317591414,1.4501230667177185,0.00657020264830272,-3.153766185611639,4.603889252329357,1435022.263026335,0.938101152465463,1.2461152256645136,1.8561735863496094,0.3115288064161284,0.876202304930926
361.20000000001363,10875.376823196992,42186.53405669269,-102.22222048109037,-939.2257468786241,1.4507158993353935,0.005928326176749055,-3.1532631023668887,4.603979001702281,1432625.3145876322,0.9319292297628968,1.0578803889564186,1.7763442666102902,0.26447009723910464,0.8638584595257937
361.30000000001365,10865.217561971174,42093.11000670031,-101.59261225816572,-934.2404999237264,1.4512481916149393,0.005322922795458928,-3.152822876817779,4.604071068432718,1430242.7715730234,0.9258291054144291,0.869947898267406,1.6857046297760019,0.2174869745668515,0.8516582108288582
361.4000000000137,10855.121192185925,42000.18188615088,-100.96369785249159,-929.281205494367,1.4517238864858109,0.004756948708714526,-3.1524424993869267,4.604166385872738,1427874.4653218766,0.9197998775708616,0.6841146568594553,1.5855456324843473,0.17102866421486382,0.8395997551417231
361.5000000000137,10845.087721122052,41907.747118877734,-100.33471063872264,-924.3476727314498,1.452147169865775,0.004232833799641734,-3.1521186261804774,4.604265796046254,1425520.2301589297,0.9138406572295477,0.5020827014405294,1.4771993393799656,0.12552067536013234,0.8276813144590953
361.6000000000137,10835.117222301882,41815.80314836414,-99.70498820170397,-919.4397051359198,1.4525224183603613,0.0037524849458645338,-3.1518476275268608,4.604370045887222,1423179.9032871672,0.9079505679613799,0.32544669921064656,1.3620240753630337,0.08136167480266164,0.8159011359227597
361.70000000001374,10825.209825078413,41724.34743833166,-99.07397223468871,-914.5571003248124,1.4528541477915262,0.003317294311646106,-3.151625636762243,4.604479784553769,1420853.3246597196,0.9021287456996315,0.15568297574774032,1.2413899654015044,0.03892074393693508,0.8042574913992631
361.80000000001377,10815.365704336138,41633.37747335665,-98.44120742274691,-909.6996497500159,1.4531469630184828,0.002928152269565238,-3.1514485987790906,4.604595561797574,1418540.3368362545,0.8963743385864692,-0.005859895706052276,1.1166649792907486,-0.001464973926513069,0.7927486771729384
361.9000000000138,10805.585070398345,41542.89075951592,-97.80633937793154,-904.8671384073682,1.453405509476557,0.0025854645807410295,-3.151312317882674,4.604717827359232,1416240.7848294172,0.8906865068709559,-0.1579689243226024,0.9892015889294135,-0.0394922310806506,0.7813730137419117
362.0000000000138,10795.868159228508,41452.88482505951,-97.16911169837157,-900.05934456406,1.4536344268208223,0.002289173442655646,-3.151212504531304,4.604846931352126,1413954.5159467566,0.88506442285102,-0.2995729431794104,0.8603241357185311,-0.0748932357948526,0.7701288457020401
362.10000000001384,10786.215223005698,41363.35722110639,-96.52936222809768,-895.2760395312239,1.4538383050205979,0.002038781997754624,-3.151144820569144,4.604983125589742,1411681.3796332453,0.879507270850711,-0.4297472654146554,0.7313169956052123,-0.10743681635366385,0.759014541701422
362.20000000001386,10776.626521145892,41274.30552235576,-95.88701859806778,-890.5169875062514,1.4540216432090236,0.001833381884257714,-3.151104922595293,4.6051265658043175,1409421.2273190357,0.8740142472235309,-0.547716769778664,0.6034136190668247,-0.136929192444666,0.7480284944470619
362.3000000000139,10767.102311832738,41185.72732780516,-95.24209313154907,-885.7819455059886,1.4541888115493253,0.0016716834030145301,-3.1510885031491234,4.605277314698449,1407173.9122764713,0.8685845603724038,-0.6528574421289576,0.4777865129472464,-0.16321436053223937,0.7371691207448077
362.4000000000139,10757.642844112863,41097.620261464384,-94.59467719873955,-881.0706634077627,1.4543440163364039,0.0015520478707898766,-3.1510913294292076,4.605435345765611,1404939.2894896765,0.8632174307769916,-0.7446964115371442,0.35553822049880734,-0.186174102884286,0.7264348615539833
362.5000000000139,10748.248350602233,41009.98197305334,-93.94493510629279,-876.3828841104241,1.4544912685095068,0.0014725217310293547,-3.151109279301293,4.6056005478108,1402717.2155392813,0.8579120910196724,-0.82291053198254,0.23769334525067262,-0.205727632995635,0.7158241820393447
362.60000000001395,10738.919040841505,40922.81013867109,-93.29309760727696,-871.7183438224938,1.4546343557092922,0.001430871997853307,-3.1511383743891606,4.605772730098453,1400507.5485040462,0.8526677858022461,-0.8873235728185404,0.12519165344375133,-0.2218308932046351,0.7053355716044922
362.700000000014,10729.655095329896,40836.10246142316,-92.63945511609508,-867.076772479334,1.454776817971054,0.0014246226176169725,-3.1511748100807484,4.605951628051803,1398310.14788037,0.8474837719465361,-0.9379020930584376,0.018882278793532423,-0.2344755232646094,0.6949675438930722
362.800000000014,10720.45666025879,40749.85667199454,-91.98435071107232,-862.4578942862203,1.454921927105521,0.0014510913446683321,-3.151214982319992,4.606136909425513,1396124.874519914,0.8423593183732471,-0.9747500860204598,-0.0804809576878668,-0.24368752150511494,0.6847186367464941
362.900000000014,10711.323842958305,40664.07052915659,-91.32817300484591,-857.861428379486,1.4550726697798881,0.001507426743671603,-3.151255511092251,4.606328180872139,1393951.590584884,0.8372937060548392,-0.9981024910032356,-0.17224311101940368,-0.2495256227508089,0.6745874121096784
363.00000000001404,10702.256708062361,40578.74182019722,-90.67134895944712,-853.2870895937076,1.4552317342748624,0.0015906449497442125,-3.151293260547668,4.60652499482253,1391790.1595199092,0.8322862279394836,-1.0083176779608232,-0.25585056771354564,-0.2520794194902058,0.6645724558789672
363.10000000001406,10693.255274390449,40493.86836126528,-90.01433671912685,-848.7345893193258,1.4554015008587957,0.0016976658393308506,-3.151325355741821,4.606726856600616,1389640.4460389384,0.8273361888446611,-1.0058690188890276,-0.33085241283109385,-0.2514672547222569,0.6546723776893222
363.2000000000141,10684.319512537486,40409.447997622054,-89.35761852963272,-844.2036364322629,1.4555840356876772,0.0018253482888174358,-3.151349196006576,4.606933231694254,1387502.3161251727,0.8224429053201604,-0.991335665398613,-0.3969007380878458,-0.24783391634965324,0.6448858106403208
363.3000000000141,10675.449343156697,40325.47860379455,-88.70169380788504,-839.6939382750481,1.455781088110075,0.0019705242239755807,-3.151362464995609,4.607143553105683,1385375.6370417615,0.8176057054815868,-0.965392656507249,-0.45374992992978613,-0.24134816412681226,0.6352114109631737
363.40000000001413,10666.644635914607,40241.95808362778,-88.04707242090868,-835.2052016677371,1.4559940912291744,0.002130031190997133,-3.151363137478614,4.607357228707788,1383260.277350809,0.8128239288164358,-0.9288004827710863,-0.5012549852139161,-0.23220012069277157,0.6256478576328717
363.50000000001415,10657.905209091852,40158.88437023513,-87.39426822754197,-830.7371339264959,1.4562241655500467,0.0023007432087202425,-3.151349482985446,4.607573648535493,1381156.106938168,0.8080969259657886,-0.88239423363922,-0.5393689100564465,-0.22059855840980497,0.6161938519315773
363.6000000000142,10649.230829798758,40076.25542584832,-86.74379293094043,-826.2894438680711,1.4564721255191724,0.0024795996912556997,-3.151320066426247,4.6077921919454194,1379062.9970415393,0.8034240584853412,-0.8270724536195616,-0.568139264412758,-0.2067681134048904,0.6068481169706823
363.7000000000142,10640.621214770328,39994.06924157038,-86.096150284294,-821.8618427794327,1.456738488745194,0.002663632260215432,-3.1512737458358826,4.608012234581077,1376980.8202795126,0.7988046985900007,-0.763785830135646,-0.5877039209850468,-0.1909464575339115,0.5976093971800014
363.8000000000142,10632.076031701674,39912.32383703702,-85.45183068654484,-817.4540453335508,1.4570234876747712,0.002849989295771586,-3.1512096674106473,4.608233155085419,1374909.4506793956,0.7942382288866027,-0.6935258318020545,-0.5982861120667475,-0.17338145795051363,0.5884764577732053
363.90000000001424,10623.594901081746,39831.017259993576,-84.81130619928405,-813.0657704344709,1.4573270834853222,0.00303595810551078,-3.151127258022184,4.608454341507506,1372848.763701947,0.789724042099376,-0.6173134103401559,-0.6001888418940884,-0.15432835258503896,0.5794480841987519
364.00000000001427,10615.177398480699,39750.14758579583,-84.17502601046658,-808.6967419774494,1.4576489819472442,0.003218984619218811,-3.151026215407864,4.608675197355108,1370798.6362614408,0.7852615407927659,-0.5361878732609637,-0.5937887450307759,-0.13404696831524093,0.5705230815855318
364.1000000000143,10606.823057244183,39669.712916844546,-83.543412365154,-804.3466895128017,1.4579886510018518,0.0033966905460790513,-3.1509064962485462,4.608895147250398,1368758.946739847,0.7808501370959031,-0.4511960270124812,-0.5795294732289464,-0.1127990067531203,0.5617002741918062
364.2000000000143,10598.531371546362,39589.71138196403,-82.91685697820677,-800.0153488051678,1.4583453397976611,0.0035668879580916584,-3.1507683023536615,4.609113642151323,1366729.5749942632,0.7764892524327354,-0.3633816829193853,-0.5579146941979903,-0.0908454207298463,0.5529785048654707
364.30000000001434,10590.30179975249,39510.14113573573,-82.2957179387295,-795.7024622830029,1.4587180989266244,0.003727591289633867,-3.1506120651801384,4.609330164106763,1364710.4023571077,0.7721783172612409,-0.27377560994666167,-0.5295007857728574,-0.06844390248666542,0.5443566345224817
364.40000000001436,10582.133768041374,39431.00035779811,-81.68031711114499,-791.4077793761483,1.4591058016034089,0.0038770267678456746,-3.150438428915698,4.6095442305191066,1362701.3116289235,0.7679167708246415,-0.18338601036955474,-0.49488930823252714,-0.045846502592388684,0.535833541649283
364.5000000000144,10574.026674238068,39352.28725212389,-81.07093803305814,-787.1310567422291,1.4595071655345893,0.004013639311803219,-3.150248232358877,4.6097553978934664,1360702.1870639694,0.7637040609168716,-0.09318958562390309,-0.4547193359716647,-0.023297396405975772,0.5274081218337432
364.6000000000144,10565.97989180751,39274.000046285364,-80.46782430558318,-782.8720583852789,1.4599207752306045,0.004136096960151256,-3.1500424898275563,4.609963265058161,1358712.914349059,0.7595396436639136,-0.004123251795907372,-0.40965972755408897,-0.001030812948976843,0.5190792873278272
364.7000000000144,10557.992773960754,39196.13699071813,-79.8711784675661,-778.6305556723391,1.4603451045212952,0.004243292906904148,-3.1498223713253184,4.610167475846613,1356733.3805763503,0.7554229833219513,0.08292344473982818,-0.36040141032469725,0.020730861184957046,0.5108459666439027
364.80000000001445,10550.064657826639,39118.69635799255,-79.28116134115173,-774.406327255772,1.4607785390456396,0.004334345243444172,-3.1495891821903426,4.610367721235982,1354763.4742109803,0.7513535520926583,0.16711516864911793,-0.30764975242731574,0.041778792162279484,0.5027071041853166
364.9000000000145,10542.194868643395,39041.67644210149,-78.69789183243876,-770.1991589106219,1.461219398497767,0.004408594521274339,-3.1493443424452865,4.6105637409430535,1352803.0850545843,0.7473308299553868,0.24767685975985382,-0.25211709120859876,0.061919214939963454,0.4946616599107736
365.0000000000145,10534.382723926641,38965.075557771735,-78.12144716754955,-766.0088432975467,1.4616659584242462,0.004465599264791382,-3.1490893660585946,4.61075532448284,1350852.1042058174,0.7433543045154628,0.3238989933927097,-0.19451548274846792,0.08097474834817743,0.4867086090309256
365.1000000000145,10526.627537572507,38888.892039805476,-77.5518635413308,-761.8351796626122,1.4621164713818655,0.0045051295761932095,-3.1488258403181697,4.610942311700035,1348910.4240190422,0.7394234708673975,0.395142018456402,-0.13554973262798092,0.0987855046141005,0.4788469417347949
365.20000000001454,10518.928623857197,38813.12424245691,-76.98913715311011,-757.6779734856162,1.4625691872804256,0.004527158985601762,-3.148555405507547,4.611124592787973,1346977.9380623233,0.735537831471458,0.4608399626732803,-0.0759107630978548,0.11520999066832006,0.47107566294291603
365.30000000001456,10511.28530129705,38737.77053884805,-76.4332256014742,-753.5370360885996,1.463022372751282,0.004531854708564423,-3.1482797350626237,4.611302107813905,1345054.54107582,0.7316968960417708,0.5205032016705978,-0.016269366621009532,0.13012580041764946,0.4633937920835416
365.4000000000146,10503.696896336258,38662.82932042647,-75.88404960792109,-749.4121842158571,1.4634743293993102,0.004519566480282054,-3.14800051637399,4.611474845773301,1343140.1289315675,0.7279001814440222,0.5737203966080592,0.04272960970189735,0.1434300991520148,0.4558003628880445
365.5000000000146,10496.16274683251,38588.29899646686,-75.34149503747713,-745.3032395961183,1.4639234108134331,0.0044908141412295065,-3.1477194323859314,4.611642843199364,1341234.5985955135,0.7241472116006881,0.6201596117858517,0.10047260991029278,0.15503990294646292,0.44829442320137614
365.60000000001463,10488.682205314213,38514.177993617195,-74.80541518297058,-741.210028496678,1.4643680382286628,0.004446274152297084,-3.147438144128554,4.611806182357217,1339337.848092527,0.7204375174017982,0.6595686312337818,0.1563822120426417,0.16489215780844546,0.44087503480359636
365.70000000001465,10481.254641986352,38440.464755489375,-74.27563327861624,-737.1323812781794,1.4648067147505872,0.004386765219244933,-3.1471582743043194,4.611964989054906,1337449.7764749285,0.7167706366193,0.6917744995998268,0.20992144079836023,0.1729436248999567,0.4335412732385999
365.8000000000147,10473.879447465562,38367.15774229362,-73.75194520789323,-733.0701319575386,1.4652380380712047,0.004313233206175909,-3.1468813920346297,4.612119430105835,1335570.2837949174,0.7131461138232811,0.7166823193236593,0.26059752865089014,0.17917057983091483,0.42629222764656216
365.9000000000147,10466.556035228525,38294.2554305151,-73.234122370384,-729.0231177852083,1.4656607116228018,0.004226735515969408,-3.146608998856403,4.612269710479206,1333699.2710810981,0.7095635002985057,0.7342733420282589,0.30796510998862703,0.1835683355070647,0.41912700059701136
366.0000000000147,10459.283843761297,38221.75631263093,-72.72191467227977,-724.9911788416648,1.4660735541340288,0.00412842511227287,-3.146342516042573,4.612416070176602,1331836.640319137,0.7060223539599945,0.7446023973286737,0.35162883872263173,0.18615059933216843,0.41204470791998893
366.10000000001475,10452.062338400734,38149.658896865265,-72.21505360563339,-720.9741576567096,1.4664755075693099,0.004019534352809635,-3.1460832733047646,4.612558780874075,1329982.294436423,0.7025222392666519,0.7477947075131107,0.39124542560167963,0.18694867687827768,0.40504447853330383
366.20000000001477,10444.89101286252,38077.96170697987,-71.713255382138,-716.9718988539594,1.4668656434490657,0.003901358797558897,-3.1458324989206616,4.6126981423697275,1328136.1372904715,0.6990627271322559,0.7440421403805989,0.4265250970795716,0.18601053509514973,0.39812545426451185
366.3000000000148,10437.769390453699,38006.663282097696,-71.21622408821138,-712.9842488217762,1.467243167563856,0.003775241147901607,-3.145591311313427,4.612834478877283,1326298.0736606806,0.695643394833424,0.7335989567524214,0.45723248304685654,0.18339973918810534,0.39128678966684793
366.4000000000148,10430.697024970754,37935.76217655661,-70.72365482944568,-709.0110554109135,1.4676074231102818,0.003642555464258299,-3.1453607120956844,4.612968135205966,1324468.0092429696,0.6922638259144474,0.716777111395144,0.4831869458816853,0.179194277848786,0.3845276518288947
366.50000000001484,10423.673501287352,37865.25695979077,-70.23523683401845,-705.0521676583236,1.4679578922903012,0.003504691800191179,-3.1451415805763796,4.61309947286668,1322645.8506467447,0.6889236100891628,0.6939411688971724,0.504262368183234,0.1734852922242931,0.3778472201783256
366.60000000001486,10416.69843563871,37795.14621623718,-69.75065648642347,-701.1074355359144,1.4682941964283565,0.0033630413805569217,-3.1449346697153393,4.613228866143696,1320831.505393607,0.6856223431402487,0.6655028971301259,0.5203864210779232,0.16637572428253147,0.37124468628049745
366.7000000000149,10409.771475612226,37725.42854526493,-69.2696002648416,-697.1767097225617,1.4686160946723785,0.003218982440217817,-3.144740603497546,4.613356698169924,1319024.8819171926,0.6823596268165592,0.6319156017954985,0.5315393391496808,0.15797890044887464,0.3647192536331183
366.8000000000149,10402.892299856465,37656.10256112519,-68.7917575576035,-693.2598413973661,1.4689234813551972,0.003073866828188212,-3.144559875687352,4.613483357042549,1317225.8895635458,0.6791350687292046,0.5936682656686868,0.5377522318015814,0.1484170664171717,0.3582701374584092
366.9000000000149,10396.060617522819,37587.16689291999,-68.31682333646583,-689.356682051998,1.4692163821022028,0.002929007470055627,-3.1443928499118163,4.613609232014019,1315434.4385914595,0.6759482822472694,0.551279555341725,0.5391049641555957,0.13781988883543125,0.3518965644945389
367.00000000001495,10389.276167456139,37518.62018458799,-67.84450066680319,-685.467083319965,1.4694949487791225,0.0027856667691991454,-3.1442397610124226,4.6137347097915455,1313650.4401722592,0.6727988863940398,0.5052917572987078,0.535723643469907,0.12632293932467695,0.3455977727880797
367.100000000015,10382.53871715241,37450.46109490591,-67.37450303727886,-681.5908968207701,1.4697594533806093,0.002645046014865891,-3.1441007175954914,4.613860170976102,1311873.8063885795,0.6696865057446844,0.4562647031898727,0.5277777494419036,0.11406617579746818,0.3393730114893687
367.200000000015,10375.848061503004,37382.688297504195,-66.90655649406955,-677.727974017152,1.4700102809658777,0.0025082758526838557,-3.143975705703663,4.613985986669539,1310104.4502317568,0.6666107703262749,0.40476974178236025,0.5154769486759493,0.10119243544559006,0.33322154065254983
367.300000000015,10369.204021346279,37315.30048089581,-66.44040156725832,-673.8781660839181,1.4702479217519564,0.002376407860787453,-3.1438645935240794,4.614112515276036,1308342.285597549,0.663571315520972,0.3513838127904008,0.4990676350873944,0.0878459531976002,0.3271426310419441
367.40000000001504,10362.606441848324,37248.296348517084,-65.97579497954666,-670.0413237872489,1.4704729624782102,0.002250407262538193,-3.143767137043089,4.614240099521298,1306587.227279985,0.6605677819731051,0.2966836738969978,0.4788292389683547,0.07417091847424945,0.3211355639462101
367.50000000001506,10356.05519073533,37181.67461877971,-65.51251112995027,-666.2172973737432,1.4706860771577015,0.0021311467949098276,-3.1436829865526907,4.614369063710391,1304839.1909632361,0.6575998155007398,0.24124032969715153,0.4550703480412345,0.060310082424287884,0.3151996310014795
367.6000000000151,10349.550156400568,37115.434025132825,-65.05034334760833,-662.4059364688862,1.4708880173317096,0.002019401740085274,-3.1436116939103336,4.614499711242043,1303098.0932114932,0.6546670670121945,0.18561370682119493,0.42812468391923053,0.046403426705298734,0.3093341340243889
367.7000000000151,10343.091245909245,37049.57331613432,-64.58910491323523,-658.6070899849967,1.4710796019433847,0.0019158461167465394,-3.1435527204511535,4.614632322394538,1301363.8514569155,0.6517691924278052,0.13034761610325285,0.3983469771376328,0.03258690402581321,0.30353838485561035
367.80000000001513,10336.67838292444,36984.09125553042,-64.12862984805422,-654.8206060390633,1.4712617069450857,0.0018210500170125342,-3.143505445450214,4.6147671523952996,1299636.3839857895,0.6489058526070614,0.0759650381355852,0.366108783237428,0.0189912595338963,0.2978117052141227
367.90000000001515,10330.311505577214,36918.9866223423,-63.66877347226117,-651.0463318811645,1.4714352547515905,0.0017354780650484236,-3.143469175031796,4.614904429783386,1297915.6099231034,0.6460767132810832,0.02296376461351453,0.3317942813750367,0.005740941153378632,0.29215342656216636
368.0000000000152,10323.990564303498,36854.25821095886,-63.20941273715497,-647.2841138343973,1.4716012036480004,0.0016594889640969097,-3.1434431514231886,4.615044355071189,1296201.4492157905,0.6432814449902814,-0.028187576692541103,0.2957960955682789,-0.007046894173135276,0.2865628899805628
368.1000000000152,10317.715519669795,36789.904831234126,-62.75044633702742,-643.5337972473793,1.4717605372570117,0.0015933360901127258,-3.1434265624517557,4.615187099708767,1294493.822614935,0.6405197230268471,-0.0770530898150216,0.25851117702994886,-0.0192632724537554,0.28103944605369424
368.2000000000152,10311.486340208923,36725.92530858808,-62.29179460871753,-639.7952264604598,1.4719142541652475,0.0015371690823593163,-3.143418551186182,4.615332805351429,1292792.651657256,0.6377912273816474,-0.1232327522736746,0.2203367840995865,-0.03080818806841865,0.2755824547632948
368.30000000001525,10305.303000286083,36662.318484109404,-61.83339922839332,-636.0682447867567,1.4720633578026758,0.0014910363742836525,-3.143418225625788,4.615481583428464,1291097.858646197,0.6350956426949735,-0.1663651158971203,0.18166659409991584,-0.041591278974280076,0.2701912853899471
368.40000000001527,10299.165478014422,36599.0832146585,-61.375222716619646,-632.3526945090367,1.4722088466628513,0.0014548886017545257,-3.1434246683454274,4.615633515008279,1289409.366632944,0.6324326582105226,-0.20612955676263855,0.1428869790136604,-0.05153238919065964,0.26486531642104527
368.5000000000153,10293.073753238012,36536.218372969175,-60.917247764098626,-628.6484168932895,1.4723517049448853,0.0014285828203418902,-3.1434369460078395,4.615788650952725,1287727.099397683,0.6298019677319407,-0.2422480682497625,0.10437347428731811,-0.060562017062440625,0.2596039354638815
368.6000000000153,10287.02780559885,36473.722847747216,-60.45947639162384,-624.9552522196083,1.4724928936907606,0.0014118874587515007,-3.1434541186602383,4.615947012351,1286050.9814313778,0.627203269581226,-0.27448659581815366,0.06648746727677093,-0.06862164895453841,0.25440653916245193
368.70000000001534,10281.027612702972,36411.595543764146,-60.001928958769135,-621.2730398306992,1.4726333424839417,0.0014044879318106474,-3.14347524873739,4.616108591221331,1284380.937918319,0.6246362665582983,-0.3026559161131645,0.029573128937777388,-0.07566397902829113,0.24927253311659658
368.80000000001536,10275.073148399308,36349.835381944344,-59.54464303663595,-617.6016181980157,1.4727739417672947,0.0014059928335271418,-3.1434994096993227,4.616273351466616,1282716.8947196503,0.6221006659010615,-0.3266120670969495,-0.006045390665695309,-0.08165301677423738,0.244201331802123
368.9000000000154,10269.164381183247,36288.44129944383,-59.087672160611014,-613.9408250051532,1.4729155358301647,0.001415940628704915,-3.1435256942381287,4.616441230068293,1281058.7783580355,0.6195961792453407,-0.34625633972223213,-0.040066485571348995,-0.08656408493055803,0.23919235849068143
369.0000000000154,10263.301272735293,36227.412249719055,-58.63108447954125,-610.2904972477738,1.473058916506203,0.0014338067603798814,-3.1435532219949045,4.616612138501107,1279406.5160035747,0.6171225225841072,-0.3615348453251097,-0.07221332154672506,-0.09038371133127743,0.23424504516821432
369.1000000000154,10257.48377660349,36166.747202584156,-58.174961318018084,-606.6504713489627,1.4732048176151946,0.0014590110899177988,-3.143581146734768,4.616785964349962,1277760.0354610349,0.6146794162255458,-0.3724376763886137,-0.10223575703091395,-0.09310941909715342,0.22935883245109157
369.20000000001545,10251.711837036632,36106.445144255296,-57.71939566858573,-603.0205832885699,1.4733539101738908,0.00149092558696031,-3.1436086629348905,4.616962573108781,1276119.2651584055,0.6122665847495448,-0.37899768140210943,-0.1299119494680335,-0.09474942035052736,0.22453316949908952
369.3000000000155,10245.985387973566,36046.50507738082,-57.26449063065261,-599.4006687447691,1.4735067983926389,0.0015288821874830476,-3.143635011747622,4.617141810140261,1274484.1341367478,0.6098837569623309,-0.3812888774865115,-0.1550496422698813,-0.09532221937162788,0.21976751392466176
369.4000000000155,10240.304352192295,35986.92602105624,-56.810357812700964,-595.7905632457837,1.4736640164666388,0.0015721807399971671,-3.143659486307979,4.617323502774617,1272854.5720412612,0.607530665849061,-0.3794245269083045,-0.17748713073372363,-0.09485613172707613,0.21506133169812203
369.5000000000155,10234.668640620888,35927.707010823295,-56.35711571406454,-592.1901023295028,1.4738260261628728,0.0016200969623424914,-3.1436814363618812,4.617507462524754,1271230.5091134578,0.6052070485242788,-0.37355490602879676,-0.19709390826323095,-0.09338872650719918,0.2104140970485575
369.60000000001554,10229.07815181068,35868.84709865244,-55.90488810208831,-588.5991217085297,1.4739932151963262,0.0016718903345312786,-3.14370027219862,4.617693487394946,1269611.876184302,0.6029126461802536,-0.36386479691364204,-0.21377099712827205,-0.09096619922841051,0.20582529236050728
369.70000000001556,10223.532771570688,35810.34535290863,-55.45380239990736,-585.0174574380975,1.4741658963819917,0.0017268118566585143,-3.1437154678779002,4.617881364259892,1267998.604668157,0.6006472040333012,-0.3505707335610733,-0.2274509707715522,-0.08764268339026833,0.20129440806660237
369.8000000000156,10218.032372760748,35752.20085830021,-55.00398809939543,-581.4449460842352,1.474344307542486,0.00178411160493788,-3.1437265637485723,4.618070871291058,1266390.6265573567,0.5984104712682774,-0.33391803574618495,-0.23809767726901548,-0.08347950893654624,0.1968209425365548
369.9000000000156,10212.576815239443,35694.41271581125,-54.55557521304747,-577.8814248895806,1.4745286121448256,0.0018430460233980672,-3.143733168262567,4.618261780407394,1264787.8744172207,0.5962022009814933,-0.3141776644514865,-0.2457056759872626,-0.07854441611287162,0.1924044019629867
370.00000000001563,10207.165945961675,35636.98004261782,-54.10869277768758,-574.3267319343186,1.4747189006341872,0.001902884893619541,-3.1437349590937704,4.618453859727958,1263190.28138133,0.5940221501223641,-0.2916429332047817,-0.2502994017090145,-0.07291073330119542,0.1880443002447283
370.10000000001565,10201.799599219481,35579.90197198883,-53.66346742194324,-570.7807062898557,1.4749151924271928,0.001962917930053066,-3.1437316835773363,4.6186468760045285,1261597.7811468847,0.5918700794341414,-0.2666261100058661,-0.25193207253869965,-0.06665652750146653,0.18374015886828277
370.2000000000157,10196.47759701864,35523.177653172526,-53.22002200841252,-567.2431881630312,1.4751174385225798,0.0020224609538707318,-3.1437231584904555,4.618840597013035,1260010.3079699816,0.5897457533941134,-0.23945494401385045,-0.2506843596862148,-0.05986373600346261,0.17949150678822678
370.3000000000157,10191.199749582602,35466.806251269634,-52.77847436038201,-563.7140190288993,1.4753255246829708,0.002080861603910056,-3.1437092692005977,4.619034793883568,1258427.796660667,0.5876489401536545,-0.21046915111192044,-0.24666283882878534,-0.05261728777798011,0.17529788030730908
370.4000000000157,10185.965855974418,35410.786947094595,-52.33893608184185,-560.1930417503905,1.4755392751378726,0.0021375045490161326,-3.1436899682118717,4.619229243349744,1256850.1825776435,0.5855794114785061,-0.1800168913601214,-0.23999824408191897,-0.04500422284003035,0.17115882295701224
370.50000000001575,10180.775704826578,35355.11893702625,-51.90151147840122,-556.6801006834557,1.4757584567550635,0.0021918161719120957,-3.143665273144312,4.619423729899376,1255277.4016225324,0.5835369426896762,-0.14845127037578773,-0.23084354671130589,-0.037112817593946926,0.1670738853793523
370.60000000001577,10175.629075168023,35299.80143284959,-51.466296585542636,-553.17504176662,1.4759827836251223,0.0022432687005857588,-3.143635264184627,4.619618047809749,1253709.3902336273,0.5815213126052678,-0.116126895601554,-0.2193718816003307,-0.0290317239003885,0.1630426252105357
370.7000000000158,10170.525737337075,35244.83366159017,-51.03337830947714,-549.6777125941976,1.4762119220020238,0.002291383769012774,-3.1436000810500753,4.619812003052099,1252146.085379096,0.5795323034835648,-0.08339651667009794,-0.2057743451073074,-0.020849129167524485,0.15906460696712954
370.8000000000158,10165.465453968607,35190.214865342896,-50.60283368468512,-546.1879624727492,1.4764454955415034,0.002335735394796292,-3.1435599195099755,4.620005415051479,1250587.42454962,0.5775697009676352,-0.050607777391314196,-0.19025768833570808,-0.012651944347828549,0.15513940193527032
370.90000000001584,10160.447981043502,35135.944301096824,-50.174729251056846,-542.7056424606792,1.4766830907781987,0.0023759523669524517,-3.143515027511479,4.620198118289677,1249033.345750487,0.575633294031617,-0.01810010535820189,-0.17304193003795745,-0.0045250263395504725,0.151266588063234
371.00000000001586,10155.473068988264,35082.021240557704,-49.74912055239426,-539.230605391175,1.4769242627824537,0.002411720042551688,-3.143465700958072,4.620389963740526,1247483.7874931758,0.5737228749289011,0.013798237508164463,-0.15435791328334525,0.003449559377041116,0.14744574985780212
371.1000000000159,10150.540463812573,35028.44496996981,-49.326051756907034,-535.7627058789656,1.4771685409380755,0.002442781556216449,-3.143412279190476,4.620580820128552,1245938.6887864955,0.5718382391422488,0.044772921571336985,-0.13444482979787703,0.011193230392834246,0.1436764782844977
371.2000000000159,10145.64990827265,34975.21478993865,-48.90555539924149,-532.3018003116249,1.4774154347832276,0.002468938451524921,-3.1433551402204456,4.620770575003673,1244397.9891273542,0.5699791853359283,0.07452611422983142,-0.1135477353951062,0.018631528557457856,0.13995837067185657
371.3000000000159,10140.801143048397,34922.33001525601,-48.4876522425273,-528.8477468263607,1.4776644398580434,0.002490050748154259,-3.1432946957682555,4.620959135626299,1242861.628491255,0.5681455153098321,0.10277882575502505,-0.09191507928009307,0.02569470643875626,0.1362910306196643
371.40000000001595,10135.993907922604,34869.78997472867,-48.07235125792108,-525.4004052734003,1.4779150435043513,0.002506036463082225,-3.1432313861546035,4.621146429658955,1241329.5473226153,0.5663370339555385,0.12927302174051125,-0.06979626917803264,0.03231825543512781,0.13267406791107694
371.500000000016,10131.227942950787,34817.59401101195,-47.659649718175,-521.9596371672272,1.478166730565184,0.0025168706083287928,-3.143165675097051,4.621332405662235,1239801.6865250205,0.5645535492142089,0.15377349006672084,-0.047439293253557294,0.03844337251668021,0.12910709842841772
371.600000000016,10126.5029896107,34765.741480449244,-47.249533400867826,-518.5253056270108,1.4784189889343375,0.0025225836915337882,-3.1430980444602175,4.6215170333945546,1238277.9874515145,0.5627948720362059,0.17606945289971107,-0.025088418638230456,0.04401736322492777,0.12558974407241186
371.700000000016,10121.81879192109,34714.23175291848,-46.841976896111746,-515.0972753076355,1.4786713149092492,0.002523259749117405,-3.143028989007611,4.62170030391686,1236758.3918950334,0.5610608163422475,0.1959759165922159,-0.002981985115185822,0.04899397914805397,0.12212163268449494
371.80000000001604,10117.175097519812,34663.06421168621,-46.43694401279366,-511.6754123227501,1.4789232183037335,0.002519033944842692,-3.1429590112012784,4.621882229505012,1235242.8420790771,0.5593511989859654,0.2133347548071292,0.018649688877045684,0.0533336887017823,0.11870239797193083
371.90000000001606,10112.571658692139,34612.23825327008,-46.03438827673129,-508.2595841612441,1.4791742272806612,0.00251008976927582,-3.1428886160934426,4.622062843374104,1233731.2806487025,0.5576658397176517,0.22801552285049365,0.03958627227439049,0.05700388071262341,0.11533167943530342
372.0000000000161,10108.008233340786,34561.753287310225,-45.634253513523056,-504.8496595985155,1.4794238928684533,0.002496655877919691,-3.142818306352023,4.622242199220477,1232223.650661911,0.5560045611490234,0.2399160033205833,0.05961924537900976,0.05997900083014582,0.11200912229804683
372.1000000000161,10103.484585889952,34511.608736449845,-45.236474508350305,-501.4455086038189,1.4796717931292203,0.0024790026076725613,-3.142748577459294,4.622420370588514,1230719.8955814862,0.5543671887188416,0.24896248558273307,0.0785535693993821,0.06224062139568327,0.10873437743768322
372.20000000001613,10099.000488116497,34461.80403622535,-44.84097773455336,-498.04700224489414,1.479917536950493,0.0024574382127309723,-3.14267991312018,4.622597450070674,1229219.959267321,0.552753550659202,0.2551097839850345,0.09620919085794734,0.06377744599625862,0.1055071013184039
372.30000000001615,10094.555719902251,34412.338634966254,-44.44768214244853,-494.6540125909657,1.4801607674367059,0.0024323048621263995,-3.1426127809136437,4.62277354835035,1227723.7859692557,0.5511634779623693,0.25834100149417044,0.11242237192156965,0.06458525037354261,0.10232695592473862
372.4000000000162,10090.150069902293,34363.21199370475,-44.05649999958397,-491.2664126150849,1.4804011648808812,0.0024039744417541377,-3.1425476282174056,4.622948793098287,1226231.32032043,0.549596804348034,0.2586670478317219,0.12704683951258489,0.06466676195793047,0.09919360869606808
372.5000000000162,10085.783336124949,34314.42358609508,-43.667337773446285,-487.88407609666376,1.4806384493012852,0.002372844204038401,-3.1424848784329784,4.623123327734263,1224742.5073311385,0.5480533662309,0.256125922706516,0.139954747831978,0.064031480676629,0.0961067324617999
372.6000000000162,10081.455326420197,34265.97289834259,-43.2800970475265,-484.50687752492377,1.4808723825321137,0.0023393323082857398,-3.142424927534482,4.6232973100665955,1223257.2923831602,0.546533002688538,0.25078177669402724,0.15103745071818292,0.06269544417350681,0.09306600537707599
372.70000000001625,10077.165858874034,34217.859429142205,-42.89467546163214,-481.1346920038634,1.4811027698615467,0.0023038732943265468,-3.1423681409612603,4.623470910822807,1221775.6212245189,0.5450355554294873,0.24272376378778554,0.1602060820251432,0.060680940946946385,0.09007111085897468
372.80000000001627,10072.914762107295,34170.08268962628,-42.51096766738805,-477.7673951592343,1.4813294612146715,0.0022669135312503694,-3.1423148508707412,4.623644312085413,1220297.4399646223,0.5435608687615844,0.2320647009675842,0.1673919439193873,0.05801617524189605,0.08712173752316876
372.9000000000163,10068.701875478295,34122.64220332149,-42.12886629000063,-474.40486304791546,1.4815523518828633,0.002228906681920983,-3.142265353764435,4.623817705647299,1218822.6950697144,0.5421087895605671,0.21893955149218366,0.17254670467666694,0.054734887873045916,0.08421757912113415
373.0000000000163,10064.527049189539,34075.537506114495,-41.74826288756316,-471.04697206998566,1.4817713828051173,0.0021903092225375406,-3.1422199084964166,4.623991291301534,1217351.333358574,0.540679167238987,0.20350374946422103,0.17564240915542234,0.05087593736605526,0.08135833447797403
373.10000000001634,10060.390144299594,34028.768146226124,-41.36904889945117,-467.69359888372065,1.481986540410598,0.0021515760548079755,-3.1421787346701606,4.624165275080759,1215883.301998382,0.5392718537155279,0.18593138421816452,0.17667130666169656,0.04648284605454113,0.07854370743105576
373.20000000001636,10056.291032642024,33982.333684193756,-40.99111657569084,-464.3446203236857,1.4821978560352325,0.002113156246347039,-3.1421420114261487,4.624339867461383,1214418.5485006864,0.5378867033847922,0.16641326364043996,0.1756455023595709,0.04160331591010999,0.07577340676958433
373.3000000000164,10052.229596654066,33936.23369286155,-40.61435987957549,-460.99991332205184,1.4824054049285054,0.0020754889327276585,-3.142109876619393,4.6245152815478985,1212957.0207173906,0.536523573087687,0.14515487608214617,0.17259643973182842,0.03628871902053654,0.07304714617537389
373.4000000000164,10048.205729118441,33890.467757378225,-40.23867535625001,-457.6593548332389,1.4826093048697284,0.0020389994122319236,-3.1420824263827694,4.624691731252498,1211498.6668366943,0.5351823220825064,0.12237427060123557,0.16757422281876913,0.03059356765030889,0.07036464416501276
373.5000000000164,10044.219332822393,33845.03547520203,-39.863962960475355,-454.3228217619788,1.4828097144159071,0.0020040954617853947,-3.1420597150690566,4.6248694294849635,1210043.4353789296,0.5338628120168227,0.09829987574957551,0.16064678811184976,0.024574968937393877,0.06772562403364546
373.60000000001645,10040.270320138661,33799.93645611254,-39.49012683731833,-450.990190894892,1.4830068308058921,0.0019711638998530724,-3.1420417555616345,4.625048586367527,1208591.2751922333,0.5325649069003072,0.07316827661594595,0.1518989369622594,0.018292069153986488,0.06512981380061444
373.7000000000165,10036.358612533653,33755.17032222897,-39.117076050081565,-447.661338835685,1.4832008875478169,0.0019405674192456612,-3.142028519941123,4.6252294074889395,1207142.1354480148,0.5312884730785705,0.04722196999040021,0.14143124026507348,0.011805492497600052,0.06257694615714104
373.8000000000165,10032.484140008615,33710.736708034565,-38.74472525038694,-444.3361419440952,1.4833921517188031,0.0019126417098635788,-3.1420199404927067,4.62541209221151,1205695.9656361875,0.5300333792081084,0.02070711688579224,0.12935882792714534,0.00517677922144806,0.06006675841621689
373.9000000000165,10028.64684048002,33666.63526040669,-38.372995285948136,-441.0144762787366,1.483580921007645,0.001887692888419607,-3.1420159110365975,4.625596832044243,1204252.7155601387,0.5287994962324518,-0.006128688857990113,0.11581007624863181,-0.0015321722144975283,0.05759899246490363
374.00000000001654,10024.846659105799,33622.86563865229,-38.00181374220832,-437.69621754402715,1.48376752053256,0.001865995249151133,-3.142016288561984,4.6257838090945445,1202812.335331435,0.527586697359533,-0.033038617639690446,0.10092520685979958,-0.008259654409922611,0.055173394719066016
374.10000000001656,10021.08354756433,33579.42751454815,-37.631115414670994,-434.3812410414069,1.4839522994672092,0.0018477893464916083,-3.1420208951429736,4.625973194610184,1201374.7753642614,0.5263948580403308,-0.059778749668245784,0.08485481120699505,-0.014944687417061446,0.05278971608066163
374.2000000000166,10017.35746329339,33536.320572385644,-37.26084270941014,-431.06942162508074,1.4841356275089734,0.0018332804176370396,-3.142029520113395,4.626165147622368,1199939.9863696108,0.5252238559487868,-0.08611015253382179,0.06775831483291336,-0.021527538133455447,0.05044771189757369
374.3000000000166,10013.6683686964,33493.54450901939,-36.89094596990481,-427.7606336625396,1.4843178912239674,0.001822637149943937,-3.142041922475936,4.626359813699903,1198507.9193492476,0.5240735709629681,-0.1118008754304041,0.04980239580658162,-0.027950218857601024,0.048147141925936277
374.40000000001663,10010.016230323501,33451.099033919374,-36.52138372899753,-424.4547510001247,1.4844994903034827,0.0018159907951509164,-3.142057833519969,4.626557323823452,1197078.5255894803,0.5229438851474615,-0.1366278457087518,0.031159371655048278,-0.03415696142718795,0.04588777029492297
374.50000000001666,10006.40101803496,33408.98386922599,-36.15212288541974,-421.15164693390284,1.484680833766438,0.001813434629551946,-3.142076959621473,4.626757793387911,1195651.7566547815,0.5218346827368947,-0.16037865478966493,0.012005569010576957,-0.04009466369741623,0.04366936547378941
374.6000000000167,10002.822704154463,33367.19874980738,-35.78313880495802,-417.8511941861114,1.4848623361420854,0.0018150237564757458,-3.142098985197817,4.626961321339902,1194227.5643813054,0.5207458501205281,-0.18285322130831075,-0.007480310021311814,-0.04571330532707768,0.041491700241056195
374.7000000000167,9999.281262619768,33325.743423318636,-35.41441534694451,-414.5532648874134,1.4850444136665626,0.0018207752447744392,-3.14212357578973,4.627167989456293,1192805.90087035,0.5196772758278073,-0.20386532123937975,-0.027118811143118607,-0.05096633030984493,0.039354551655614634
374.8000000000167,9995.776668138034,33284.61765026212,-35.04594481734272,-411.25773056516914,1.4852274805260128,0.0018306685945013146,-3.142150381242603,4.627377861768616,1191386.7184818208,0.5186288505147378,-0.22324397563930332,-0.046731327592737085,-0.05581099390982583,0.037257701029475676
374.90000000001675,9992.308895353008,33243.82120404833,-34.67772785025932,-407.96446213788954,1.485411945177871,0.0018446465185837295,-3.1421790389592235,4.627590984137095,1189969.9698277442,0.5176004669509758,-0.24083468828188437,-0.06614166366165182,-0.06020867207047109,0.03520093390195167
375.00000000001677,9988.877918030983,33203.35387105673,-34.30977322024214,-404.6733299159799,1.4855982067805795,0.001862616027081714,-3.1422091771963987,4.627807383976977,1188555.6077658841,0.5165920200074742,-0.25650052666400275,-0.08517754996188694,-0.06412513166600069,0.033184040014948346
375.1000000000168,9985.48370827216,33163.21545069585,-33.942097588219326,-401.38420360881946,1.485786651760438,0.0018844497985863145,-3.1422404183782344,4.628027070138672,1187143.5853935087,0.5156034066445535,-0.27012304167009255,-0.1036720991327075,-0.06753076041752314,0.031206813289107016
375.2000000000168,9982.126235753722,33123.40575546203,-33.57472518439399,-398.09695233814807,1.485977650542583,0.001909987821450606,-3.142272382399613,4.628250032942196,1185733.8560413483,0.5146345259002432,-0.28160302198215537,-0.1214651914176523,-0.07040075549553884,0.029269051800486334
375.30000000001684,9978.80546701054,33083.92461099626,-33.207687431827694,-394.81144465765135,1.4861715544711716,0.001939039285886138,-3.1423046898941362,4.628476244365308,1184326.3732677817,0.5136852788787593,-0.2908610815001121,-0.13840478042589827,-0.07271527037502802,0.02737055775751851
375.40000000001686,9975.521364759057,33044.77185613841,-32.84102251482551,-391.5275485785515,1.48636869294182,0.0019713847064880413,-3.1423369654418707,4.628705658383691,1182921.0908532774,0.5127555687389915,-0.29783807866227663,-0.1543481102495361,-0.07445951966556916,0.02551113747798306
375.5000000000169,9972.2738872694,33005.94734297832,-32.47477489657151,-388.2451316009223,1.4865693707671694,0.002006778253492471,-3.1423688406933636,4.628938211460532,1181517.9627951118,0.5118453006828778,-0.30249536855862974,-0.1691628360804455,-0.07562384213965744,0.023690601365755626
375.6000000000169,9969.062987790325,32967.45093690328,-32.108994790756576,-384.96406075036185,1.4867738657941705,0.0020449502700129072,-3.1423999573877053,4.629173823181876,1180116.9433023734,0.5109543819435526,-0.30481488956136776,-0.1827280414285377,-0.07620372239034194,0.021908763887105165
375.7000000000169,9965.888614031106,32929.282516641324,-31.74373759218876,-381.68420261956874,1.4869824267893363,0.0020856099516561827,-3.1424299702438683,4.629412397033205,1178717.9867912568,0.5100827217731975,-0.30479908780534587,-0.19493514606621853,-0.07619977195133647,0.020165443546394934
375.80000000001695,9962.750707703948,32891.441974299894,-31.37906327157991,-378.4054234142899,1.4871952716057646,0.0021284481642814827,-3.1424585497060877,4.629653821311852,1177321.0478806403,0.5092302314305173,-0.3024706839146053,-0.2056886998510572,-0.07561767097865132,0.018460462861034532
375.900000000017,9959.649204129963,32853.92921539959,-31.01503573986151,-375.1275890030332,1.4874125856432878,0.002173140375231623,-3.1424853845256973,4.629897970168985,1175926.0813879322,0.5083968241677947,-0.2978722873842054,-0.214907058604372,-0.07446807184605135,0.016793648335589495
376.000000000017,9956.584031911212,32816.744158902606,-30.651722187496805,-371.8505649698743,1.4876345206106016,0.002219349673138543,-3.142510184163604,4.630144704774206,1174533.0423251628,0.5075824152175039,-0.291065865376751,-0.22252293928160993,-0.07276646634418775,0.015164830435007826
376.100000000017,9953.55511267078,32779.88673723564,-30.28919240432642,-368.5742166696337,1.487861193595739,0.0022667298513754635,-3.1425326809993344,4.6303938745950735,1173141.8858952941,0.5067869217784725,-0.28213207350132885,-0.22848385270358185,-0.0705330183753322,0.01357384355694502
376.20000000001704,9950.562360862228,32743.356896307174,-29.92751808551247,-365.2984092846592,1.488092686448778,0.0023149285303882845,-3.1425526323344943,4.630645318783272,1171752.5674887134,0.506010263001606,-0.27116945693294314,-0.23275241312651795,-0.06779236423323579,0.012020526003212018
376.30000000001706,9947.605683649315,32707.154595518932,-29.566772129131376,-362.0230078824206,1.4883290454782265,0.002363590294487102,-3.1425698221803424,4.630898867658569,1170365.0426798696,0.5052523599752217,-0.25829353130552746,-0.23530652494441887,-0.06457338282638186,0.01050471995044333
376.4000000000171,9944.684980840118,32671.27980757442,-29.20702809196535,-358.7478794451023,1.4885702814684416,0.002412359902149902,-3.1425840628114163,4.631154344279858,1168979.2672240122,0.5045131357100376,-0.2436357532458297,-0.23613944777455995,-0.060908938311457425,0.009026271420075282
376.5000000000171,9941.80014491036,32635.732518512003,-28.848359297598872,-355.472890624183,1.4888163699968464,0.0024608852840452733,-3.142595196098889,4.631411566095736,1167595.19705399,0.5037925151238806,-0.2273423270485313,-0.2352597357019571,-0.056835581762132825,0.0075850302477611375
376.60000000001713,9938.951061107351,32600.51272787043,-28.490838030090615,-352.1979064157286,1.4890672520489678,0.0025088205212112336,-3.142603094615942,4.63167034666491,1166212.7882783785,0.5030904244707683,-0.20957305628333436,-0.23269106776009485,-0.05239326407083359,0.0061808489415366985
376.70000000001716,9936.137607608158,32565.62044867829,-28.13453499192295,-348.9227919213942,1.489322834936942,0.0025558288797424425,-3.1426076624976536,4.631930497434595,1164831.9971780682,0.5024067919646081,-0.19050009504508406,-0.2284719704885938,-0.047625023761271014,0.00481358392921627
376.8000000000172,9933.359655744202,32531.055707438805,-27.779518639557303,-345.6474123948594,1.4895829935047125,0.0026015856777048202,-3.1426088360622404,4.632191829566953,1163452.7802018633,0.5017415481540516,-0.17030653717555486,-0.22265542715728995,-0.042576634293888714,0.003483096308103173
376.9000000000172,9930.617070290024,32496.81854411,-27.4258545417867,-342.3716332880526,1.489847571608358,0.002645781036458452,-3.1426065841946507,4.632454155803009,1162075.0939630975,0.5010946254337555,-0.14918500460990247,-0.2153083849025512,-0.03729625115247562,0.0021892508675109834
377.0000000000172,9927.909709813523,32462.909012080687,-27.073604765017876,-339.0953202931349,1.4901163838582354,0.0026881224987723613,-3.1426009084953144,4.63271729235355,1160698.8952361164,0.5004659580300569,-0.12733619270850352,-0.20651116568314642,-0.03183404817712588,0.0009319160601137799
377.10000000001725,9925.23742708456,32429.327178142714,-26.72282728962434,-335.81833937972965,1.490389217607988,0.002728337497526184,-3.1425918431985336,4.6329810608065225,1159324.1409525995,0.4998554819859668,-0.10496738671793973,-0.19635678778662574,-0.026241846679484933,-0.00028903602806640283
377.20000000001727,9922.60006953844,32396.073122460017,-26.37357546120618,-332.54055682696116,1.4906658351740203,0.002766175660324475,-3.142579454866599,4.63324529004062,1157950.788197709,0.4992631351465544,-0.08229096135461786,-0.18495020514342494,-0.020572740338654465,-0.0014737297068911914
377.3000000000173,9919.997479790412,32363.14693853502,-26.02589748026764,-329.2618392499539,1.4909459762677153,0.0028014109369476213,-3.1425638418672532,4.633509818134969,1156578.7942060498,0.498688857144778,-0.059522875398537026,-0.17240747216893615,-0.014880718849634256,-0.0026222857104439834
377.4000000000173,9917.429496197065,32330.548733172967,-25.679835933480724,-325.98205362053636,1.4912293606215368,0.0028338435382180118,-3.142545133643566,4.633774494265102,1155208.1163574369,0.4981325893878662,-0.03688117304896402,-0.15885484225693894,-0.009220293262241004,-0.0037348212242676038
377.50000000001734,9914.89595346013,32298.278626444768,-25.33542736934529,-322.7010672819881,1.4915156907891929,0.0028633016765589733,-3.142523489786605,4.634039180575798,1153838.7121724754,0.4975942750442936,-0.014584503534182043,-0.14442780838466324,-0.0036461258835455103,-0.004811449911412802
377.60000000001736,9912.396683268062,32266.336751648993,-24.99270192068674,-319.41874795776016,1.4918046550992181,0.00288964310024994,-3.14249909892256,4.6343037540217775,1152470.5393079608,0.4970738590314141,0.0071493301094220805,-0.1292700945352547,0.0017873325273555201,-0.005852281937171799
377.7000000000174,9909.931514970456,32234.723255273573,-24.65168297605235,-316.1349637541909,1.4920959307407309,0.002912756415130276,-3.1424721774270727,4.634568108167803,1151103.5555521166,0.49657128800378497,0.028104782206618027,-0.11353260686106743,0.007026195551654507,-0.006857423992430056
377.8000000000174,9907.500276280289,32203.43829695784,-24.31238690168109,-312.8495831573253,1.4923891869596566,0.0029325621892553424,-3.1424429679805685,4.634832154940225,1149737.718819694,0.49608651034219675,0.04806992556435164,-0.09737235361852553,0.012017481391087909,-0.007826979315606497
377.9000000000174,9905.102793998756,32172.482049455437,-23.974822815330977,-309.56247502402437,1.492684088343432,0.0029490138377561976,-3.142411737979309,4.63509582632274,1148372.9871469582,0.49561947614341884,0.06683775281214978,-0.080951342975458,0.016709438203037445,-0.008761047713162329
378.00000000001745,9902.738894757471,32141.854698598676,-23.63899241285455,-306.2735085676242,1.4929802981721207,0.0029620982868888146,-3.142378777817642,4.635359075989764,1147009.3186865987,0.4951701372106585,0.08420740873012253,-0.06443546780489995,0.021051852182530632,-0.009659725578682998
378.1000000000175,9900.408405771834,32111.556443254016,-23.304889856375635,-302.98255344659066,1.4932774818139585,0.0029718364183762606,-3.1423443990575257,4.635621880871485,1145646.6717025929,0.49473844704468706,0.09998534528880147,-0.04799338649552981,0.024996336322200365,-0.010523105910625885
378.2000000000175,9898.111155979388,32081.58750012675,-22.972497924453116,-299.68943127267215,1.4935753101533609,0.0029782833940225147,-3.142308932716835,4.635884242870196,1144284.9891390656,0.49433087946692317,0.1139851009732246,-0.031795537748654366,0.02849627524330615,-0.011338241066153665
378.3000000000175,9895.84697663772,32051.94810168245,-22.641793416684045,-296.39398444296785,1.4938734630026747,0.0029815284931373988,-3.1422727269684883,4.6361461899711625,1142924.2206737378,0.49394458860346785,0.12602961405865698,-0.01601302256792323,0.031507403514664245,-0.012110822793064302
378.40000000001754,9893.615701867488,32022.638493369708,-22.31274770231737,-293.09608312740414,1.494171632497991,0.002981694953162449,-3.1422361450653993,4.63640777756339,1141564.3248914042,0.4935758096736543,0.13595461679322582,-0.0008162586318083264,0.033988654198306455,-0.012848380652691449
378.50000000001756,9891.41716940193,31993.65893359808,-21.9853246555719,-289.79559771630744,1.4944695264602073,0.002978939622164758,-3.142199563332235,4.636669089792442,1140205.260469494,0.4932245022422524,0.1436062313341658,0.013625990364789087,0.03590155783354145,-0.013550995515495212
378.6000000000176,9889.251221321965,31965.009693714375,-21.659480799640818,-286.4923988370516,1.4947668716972777,0.0029734523707044985,-3.1421633690329593,4.636930240730237,1138846.986190908,0.49289062009527257,0.14884159147176707,0.027147550475486885,0.037210397867941766,-0.014218759809454862
378.7000000000176,9887.117704772498,31936.69105798321,-21.335165494669695,-283.18635731165955,1.4950634172290143,0.0029654553173643584,-3.142127958232331,4.637191375461346,1137489.4609389484,0.49257411887956576,0.1515300618631405,0.03958580161425225,0.037882515465785124,-0.014851762240868482
378.80000000001763,9885.0164726553,31908.703323571954,-21.012321171983224,-279.8773441125593,1.4953589374165903,0.0029552018757597657,-3.1420937336705226,4.637452671087113,1136132.6436925037,0.492274956078353,0.1515536396200052,0.050782585414827545,0.0378884099050013,-0.015450087843294047
378.90000000001766,9882.947384294086,31881.04680054027,-20.69088361214081,-276.5652303168345,1.4956532349853262,0.00294297568736041,-3.1420611026649357,4.637714337650262,1134776.4935214752,0.49199309100278477,0.14880724485421679,0.06058505135876647,0.037201811213554196,-0.016013817994430468
379.0000000000177,9880.910306067663,31853.72181183433,-20.370782264236734,-273.24988705939194,1.495946143920914,0.0029290893558763524,-3.142030475062565,4.637976618983479,1133420.969582469,0.4917284847836631,0.14319891267298746,0.06884643749018857,0.035799728168246864,-0.0165430304326738
379.1000000000177,9878.905112007322,31826.728693285786,-20.051940603412763,-269.93118548544834,1.4962375322280075,0.0029138830709350807,-3.1420022612595058,4.6382397934875135,1132066.0311147608,0.4914811003632758,0.13464982016119592,0.0754267757572893,0.03366245504029898,-0.017037799273448395
379.2000000000177,9876.931684354988,31800.067793615515,-19.734276523335804,-266.6089967027012,1.496527304539765,0.0028977231175741757,-3.1419768703058626,4.638504174845628,1130711.6374365466,0.49125090248731673,0.1230941918658626,0.08019351736814663,0.03077354796646565,-0.017498195025366536
379.30000000001775,9874.989914078975,31773.739474442165,-19.417702760132855,-263.28319173350815,1.496815404568614,0.0028810002884912633,-3.1419547081143473,4.638770112682961,1129357.7479414765,0.4910378576968405,0.10847906854234474,0.08302207248556644,0.027119767135586184,-0.017924284606319008
379.40000000001777,9873.079701344572,31747.74411029543,-19.102127344028567,-259.95364146736256,1.4971018173903092,0.002864128216953528,-3.141936175790785,4.639037993181095,1128004.3220954684,0.4908419343201919,0.09076393635749332,0.08379625887275913,0.02269098408937333,-0.018316131359616183
379.5000000000178,9871.200955937102,31722.082088634037,-18.787454074697298,-256.6202166139137,1.497386571555228,0.002847541649185971,-3.141921668104948,4.639308239660176,1126651.319433793,0.49066310246490497,0.06992021388322875,0.0824086543738061,0.017480053470807184,-0.01867379507019007
379.6000000000178,9869.35359763549,31696.75380986836,-18.47358301611723,-253.28278765674375,1.4976697410228235,0.0028316946759557537,-3.1419115721202395,4.639581313143063,1125298.6995584136,0.49050133400956936,0.04593059330861413,0.0787608482672869,0.011482648327153533,-0.018997331980861287
379.70000000001784,9867.53755653484,31671.759687387552,-18.16041100649777,-249.94122480808224,1.4979514469172193,0.0028170589439599422,-3.141906266001158,4.639857712918377,1123946.4221355603,0.4903566025956167,0.018788231997198236,0.07276358664027803,0.004697057999299559,-0.019286794808766605
379.80000000001786,9865.752773316977,31647.10014759109,-17.847832178638804,-246.59539796461172,1.4982318591040724,0.0028041218685294148,-3.1419061180180217,4.6401379771220945,1122594.4468935172,0.4902288836190957,-0.011504210503958385,0.06433680692585439,-0.002876052625989596,-0.019542232761808553
379.9000000000179,9863.999199468391,31622.77562992464,-17.535738485866506,-243.24517666449844,1.4985111975910834,0.0027933848701126103,-3.1419114857692154,4.640422683360298,1121242.7336205947,0.49011815422239763,-0.04493569632426219,0.053409556600842734,-0.011233924081065548,-0.019763691555204743
380.0000000000179,9862.276797445544,31598.78658692006,-17.22402022847116,-239.89043004577124,1.4987897337568858,0.0027853616580229027,-3.1419227156423664,4.640712449399252,1119891.2421632614,0.4900243932859983,-0.08148810161073436,0.03991979077968502,-0.02037202540268359,-0.019951213428003434
380.1000000000179,9860.585540766246,31575.133483936326,-16.912566792975152,-236.53102983733532,1.4990677913512873,0.002780575944014095,-3.1419401425978175,4.641007933949105,1118539.9324244042,0.48994758142024286,-0.12113768759210365,0.023814042942506154,-0.030284421898025913,-0.020104837159514277
380.20000000001795,9858.925414077665,31551.8167992849,-16.60126688580161,-233.16684651426783,1.4993457475329601,0.002779561816729822,-3.1419640900589267,4.641309837591887,1117188.7643616933,0.48988770095718676,-0.16385717432259492,0.005046921215996043,-0.04096429358064873,-0.02022459808562649
380.300000000018,9857.296413190952,31528.837024589116,-16.290008867132503,-229.79774695783547,1.4996240335732325,0.0027828604027220817,-3.1419948702959832,4.641618903869215,1115837.6979880491,0.4898447350868496,-0.2096163822680583,-0.016419409132409392,-0.052404095567014565,-0.02031052982630077
380.400000000018,9855.698545045696,31506.194664829167,-15.978681452558602,-226.42359759951032,1.499903135497088,0.0027910192385558865,-3.142032785096439,4.641935920593527,1114486.693369653,0.489818668911357,-0.258385566749089,-0.040616024894077354,-0.06459639168727226,-0.020362662177285995
380.500000000018,9854.131827630183,31483.89023839247,-15.667174155126066,-223.04426436697744,1.500183594616087,0.002804591189990635,-3.1420781268162155,4.642261721432302,1113135.7106224527,0.4898094900907379,-0.3101373405007372,-0.06756815645474334,-0.0775343351251843,-0.02038101981852425
380.60000000001804,9852.596289860974,31461.92427712824,-15.355377692079658,-219.6596126422847,1.50046600797519,0.002824133591028532,-3.1421311798533997,4.642597187828589,1111784.7099107923,0.48981718795083845,-0.364849323905229,-0.09729627319979191,-0.09121233097630725,-0.0203656240983231
380.70000000001806,9851.09197142616,31440.297326405725,-15.043184348146584,-216.26950722513624,1.5007510287391999,0.0028502076400987114,-3.142192222592681,4.6429432513318805,1110433.6514460642,0.4898417534816712,-0.4225071132729665,-0.12981735720710935,-0.1056267783182416,-0.020316493036657612
380.8000000000181,9849.618922597461,31419.00994517559,-14.73048828699516,-212.8738123013687,1.5010393665486654,0.002883378094655864,-3.142261529877836,4.643300896426501,1109082.4954853964,0.48988317933341113,-0.483107629722297,-0.16514638445862811,-0.12077690743057425,-0.020233641333177732
380.9000000000181,9848.177204017298,31398.0627060339,-14.41718580163132,-209.47239141689082,1.5013317878797088,0.002924213310430655,-3.1423393760809124,4.643671163960621,1107731.2023304058,0.48994145981201387,-0.5466629139325782,-0.20329803740602315,-0.13666572848314454,-0.020117080375972263
381.00000000001813,9846.766886467958,31377.456195288138,-14.10317549340782,-206.0651074576182,1.501629116447481,0.00297328567772287,-3.1424260388510206,4.644055155298502,1106379.7323260594,0.4900165908745479,-0.6132044483535518,-0.244288678500776,-0.15330111208838795,-0.019966818250904184
381.10000000001816,9845.388050631162,31357.191013024516,-13.78835836795627,-202.6518226362026,1.50193223369896,0.0030311725147907963,-3.1425218036435734,4.644454037342533,1105028.0458597057,0.49010857012427667,-0.6827881095804419,-0.2881386216087426,-0.17069702739511047,-0.01978285975144667
381.2000000000182,9844.040786847698,31337.267773175852,-13.472637834638439,-199.2323984866499,1.5022420794477547,0.0030984574879465814,-3.142626969153455,4.644869048601209,1103676.103360365,0.4902173968053856,-0.7554998797064122,-0.33487474741850953,-0.18887496992660305,-0.019565206389228762
381.3000000000182,9842.725194888302,31317.687103589025,-13.15591959395816,-195.8066958682607,1.5025596527117453,0.0031757326399057535,-3.1427418538041416,4.645301506515887,1102323.8652983948,0.49034307179729025,-0.8314624784960343,-0.384533520526262,-0.20786561962400857,-0.019313856405419494
381.4000000000182,9841.441383748836,31298.449646090954,-12.838111394658625,-192.3745749807283,1.5028860128240347,0.00326360112289286,-3.1428668034809486,4.645752816304983,1100971.2921856835,0.49048559760827304,-0.9108431206875767,-0.4371644805423935,-0.22771078017189417,-0.019028804783453923
381.50000000001825,9840.189471484955,31279.556056551683,-12.519122638799255,-188.93589539271443,1.503222280899212,0.0033626807517754334,-3.143002200742489,4.646224481641701,1099618.3445765695,0.4906449783682017,-0.9938626564493456,-0.49283429813308877,-0.2484656641123364,-0.0187100432635966
381.60000000001827,9838.969585104078,31261.007004943,-12.1988638087639,-185.49051608682086,1.5035696417508246,0.0034736085161230805,-3.143148475802953,4.646718117553778,1098264.983069745,0.4908212198199022,-1.0808064221573908,-0.551631510535519,-0.2702016055393477,-0.018357560360195646
381.7000000000183,9837.781860535613,31242.803175390538,-11.877245684639398,-182.03829552462363,1.5039293463728165,0.0035970462199199013,-3.143306119652617,4.647235466025434,1096911.1683114683,0.4910143293086713,-1.1720372181767376,-0.6136720812996408,-0.2930093045441844,-0.017971341382657435
381.8000000000183,9836.626442704275,31224.9452662169,-11.554178313385933,-178.57909173638618,1.504302715118361,0.0037336874554434714,-3.1434756997802777,4.647778414898639,1095556.861000514,0.49122431576923126,-1.2680109456129416,-0.6791059677309709,-0.3170027364032354,-0.017551368461537487
381.90000000001834,9835.50348573605,31207.43398997277,-11.229569682253821,-175.11276244128868,1.504691141734949,0.003884266165880316,-3.1436578790855187,4.648349020820467,1094202.0218954002,0.4914511897092444,-1.3692955856107325,-0.7481249295189472,-0.3423238964026831,-0.017097620581511208
382.00000000001836,9834.413153332309,31190.27007345221,-10.903324037402367,-171.63916520559945,1.5050960984462098,0.004049567112609648,-3.1438534387300616,4.648949537176272,1092846.6118246147,0.4916949631882011,-1.476594402506689,-0.8209718768177213,-0.36914860062667226,-0.016610073623597787
382.1000000000184,9833.355619354923,31173.454257687383,-10.575339773865569,-168.15815764830165,1.5055191423103904,0.004230438641805525,-3.1440633058880545,4.649582448198445,1091490.591700759,0.49195564979020556,-1.5907745142407583,-0.8979521405600249,-0.3976936285601896,-0.016088700419588875
382.2000000000184,9832.331068674539,31156.987297916738,-10.24550680384559,-164.66959770646616,1.5059619231350387,0.004427808246484171,-3.144288587631695,4.650250510766734,1090133.9225398516,0.4922332645886811,-1.712902321077054,-0.9794471586117278,-0.4282255802692635,-0.015533470822637785
382.30000000001843,9831.339698346,31140.869963519097,-9.913703285392252,-161.1733439763913,1.5064261932902026,0.004642701551638377,-3.144530612553961,4.650956805844165,1088776.5654874207,0.4925278241004526,-1.8442877492945366,-1.0659312176800086,-0.4610719373236341,-0.014944351799094813
382.40000000001845,9830.381719189907,31125.103037903937,-9.579791560938519,-157.6692561515958,1.506913819842354,0.004876265521516749,-3.144790982216125,4.651704802058479,1087418.4818535976,0.4928393462258393,-1.986539893637635,-1.1579920852757712,-0.49663497340940876,-0.014321307548321394
382.5000000000185,9829.457357878677,31109.687318345364,-9.243613112299698,-154.15719558570441,1.5074267995336432,0.005129796912891563,-3.1450716351583012,4.652498434691946,1086059.633160208,0.4931678501702626,-2.141637493880031,-1.2563566261361974,-0.5354093734700077,-0.013664299659474799
382.6000000000185,9828.566859650475,31094.623615743574,-8.90498228201394,-150.63702601791533,1.507967277263128,0.005404777294848843,-3.1453749270886133,4.653342204351741,1084699.9812039873,0.4935133563414215,-2.3120188460105022,-1.3619228481236278,-0.5780047115026256,-0.012973287317156967
382.7000000000185,9827.710491806944,31079.912754292345,-8.563678435311566,-147.10861451228584,1.5085375688981222,0.005702916349939676,-3.1457037320586094,4.6542413009567305,1083339.488141658,0.4938758862138622,-2.5006973562418566,-1.4758002989354506,-0.625174339060464,-0.012248227572275616
382.80000000001854,9826.888548193388,31065.55557102421,-8.219436135553467,-143.57183268132337,1.509140189468067,0.0060262056994482395,-3.146061571065047,4.655201760533112,1081978.1166049375,0.49425546214990934,-2.71141118486958,-1.5993613875288635,-0.677852796217395,-0.011489075700181317
382.90000000001857,9826.10135491651,31051.552915195003,-7.871932768779685,-140.02655829207325,1.5097778880888573,0.006376986207905751,-3.146452776772373,4.65623066486123,1080615.829856977,0.49465210716155134,-2.94881857408604,-1.7343071061845812,-0.73720464352151,-0.01069578567689733
383.0000000000186,9825.349277629919,31037.90564745567,-7.5207728659185795,-136.47267739330647,1.5104536913579971,0.006758032691399453,-3.146882706190626,4.657336397548622,1079252.5920068221,0.4950658445918397,-3.218754925848008,-1.882751888150924,-0.804688731462002,-0.009868310816320558
383.1000000000186,9824.63273081854,31024.61463873945,-7.1654681137920475,-132.91008716221202,1.5111709574865473,0.007172661285498864,-3.1473580175588065,4.658528975045353,1077888.368306149,0.4954966976853424,-3.5285741255908496,-2.0473341118949167,-0.8821435313977124,-0.00900660462931524
383.20000000001863,9823.952189649697,31011.680768763566,-6.805411688423821,-129.33869975885622,1.511933444144042,0.007624866574949248,-3.1478870339536784,4.65982047809772,1076523.125564263,0.49594468900397265,-3.887605972054107,-2.2313612979108357,-0.9719014930135268,-0.0081106219920547
383.30000000001866,9823.30808310806,30999.104936390126,-6.441065416366109,-125.75832373440316,1.5127447701606949,0.008113260166530105,-3.1484711198924655,4.661215890053161,1075156.8249730212,0.4964098396246932,-4.0,-2.408225168119752,-1.0,-0.007180320750613589
383.4000000000187,9822.700750303184,30986.888064436924,-6.073328048764961,-122.16871953201203,1.5136082021165795,0.008634319558847556,-3.149109042486742,4.662717244603321,1073789.424473025,0.4968921680253062,-4.0,-2.567402651307777,-1.0,-0.006215663949387551
383.5000000000187,9822.130445515793,30975.0310996697,-5.70304787390165,-118.56964767222165,1.5145266897937069,0.009184876771272983,-3.1498006145576634,4.66432730435137,1072420.8815487516,0.497391706039002,-4.0,-2.7106623861769994,-1.0,-0.005216587921995974
383.6000000000187,9821.597342701827,30963.535012740405,-5.331028139668884,-114.96086929294637,1.5155028980785084,0.009762082848016784,-3.1505467340455433,4.666049632124052,1071051.1533450668,0.49790849426169226,-4.0,-2.8395961475592992,-1.0,-0.0041830114766154836
383.70000000001875,9821.101539507135,30952.400798083097,-4.9580319469167,-111.34214657306488,1.5165392356695628,0.010363375910543331,-3.1513494462287754,4.667888681898338,1069680.19676522,0.4984425761269302,-4.0,-2.955636532803369,-1.0,-0.0031148477461395707
383.80000000001877,9820.643060840786,30941.62947377992,-4.584786663481361,-107.71324303177552,1.5176378809106768,0.010986452411137984,-3.1522120327816747,4.66984991369235,1068307.968543739,0.49899399764875313,-4.0,-3.060072879523032,-1.0,-0.0020120047024937415
383.9000000000188,9820.22186205008,30931.222081406635,-4.211987907058166,-104.07392373285182,1.5188008050376038,0.011629241269275793,-3.1531391330458627,4.671939938083467,1066934.4252996305,0.4995628071903134,-4.0,-3.154065591570729,-1.0,-0.0008743856193732524
384.0000000000188,9819.837831736046,30921.17968586494,-3.8403031403486727,-100.42395541695919,1.52002979309791,0.012289880603061727,-3.15413690468776,4.67416669778567,1065559.5235741888,0.5001490552591825,-4.0,-3.238659032413656,-1.0,0.00029811051836503566
